npi,name,billing_state,provider_type,entity_type,medicare_paid_2023,medicare_allowed_2023,services_2023,beneficiaries_2023,nppes_lookup_url
1073251336,Apprise Diagnostics Llc,FL,Clinical Laboratory,O,14987053.75,14987053.75,100323,7460,https://npiregistry.cms.hhs.gov/provider-view/1073251336
1730662271,Medsbyme Llc,NY,Pharmacy,O,13103583.53,13103583.53,1114255,84164,https://npiregistry.cms.hhs.gov/provider-view/1730662271
1538814678,Cardinal5 Labs Llc,TX,Clinical Laboratory,O,10610591.53,10610591.53,901241,69408,https://npiregistry.cms.hhs.gov/provider-view/1538814678
1629093174,Bankovich Linda,AE,Physical Therapist in Private Practice,I,9753638.16,9753638.16,829391,82748,https://npiregistry.cms.hhs.gov/provider-view/1629093174
1225554843,Global Diagnostic Lab Inc,CA,Clinical Laboratory,O,7843293.16,7843293.16,180690,3274,https://npiregistry.cms.hhs.gov/provider-view/1225554843
1063515195,Channelview Pharmacy Limited Liability Company,TX,Mass Immunizer Roster Biller,O,7475561.51,7475561.51,635757,75989,https://npiregistry.cms.hhs.gov/provider-view/1063515195
1851062715,Spartan Laboratories Inc,FL,Clinical Laboratory,O,7203859.01,7203859.01,420151,25250,https://npiregistry.cms.hhs.gov/provider-view/1851062715
1447518543,Continuum Services Llc,FL,All Other Suppliers,O,6790002.76,8551713.49,5406,1633,https://npiregistry.cms.hhs.gov/provider-view/1447518543
1881342293,White Glove Med Labs Llc,NJ,Clinical Laboratory,O,6085256.28,6085256.28,15298,1433,https://npiregistry.cms.hhs.gov/provider-view/1881342293
1457091324,Triple Helix Diagnostics,TX,Clinical Laboratory,O,5574983.84,5574983.84,455888,18444,https://npiregistry.cms.hhs.gov/provider-view/1457091324
1396754727,Obara Grzegorz,NV,Hematology-Oncology,I,4556218.54,5722816.13,328055,1042,https://npiregistry.cms.hhs.gov/provider-view/1396754727
1235881327,Medical Research Centers Llc,IL,Clinical Laboratory,O,4551025.92,4551025.92,386992,48374,https://npiregistry.cms.hhs.gov/provider-view/1235881327
1467409383,Nielsen Jared,IA,Ophthalmology,I,4451970.55,5669276.1,109963,1172,https://npiregistry.cms.hhs.gov/provider-view/1467409383
1063405082,Mahindra Anuj,CA,Hematology-Oncology,I,4219784.29,5316203.13,201643,764,https://npiregistry.cms.hhs.gov/provider-view/1063405082
1639188766,Agrawal Apurv,NJ,Medical Oncology,I,3955082.54,4978022.51,359304,1341,https://npiregistry.cms.hhs.gov/provider-view/1639188766
1265429989,Warmuth Marc,FL,Hematology-Oncology,I,3879813.74,4883389.35,247394,1213,https://npiregistry.cms.hhs.gov/provider-view/1265429989
1063417707,Saman Shaker,VA,Hematology-Oncology,I,2762427.72,3458352.2,113425,1105,https://npiregistry.cms.hhs.gov/provider-view/1063417707
1063147478,Evolution Dx Llc,TX,Clinical Laboratory,O,2748053.28,2748053.28,233678,18879,https://npiregistry.cms.hhs.gov/provider-view/1063147478
1275501363,Keralavarma Balagopal,IN,Hematology-Oncology,I,2385018.01,2996266.07,136778,457,https://npiregistry.cms.hhs.gov/provider-view/1275501363
1730558602,Circulogene Theranostics Llc,AL,Clinical Laboratory,O,2270502.56,2270502.56,1882,588,https://npiregistry.cms.hhs.gov/provider-view/1730558602
1306119615,"Barnet Dulaney Perkins Eye Center, Pc",AZ,Ambulatory Surgical Center,O,2014396.64,2552604.28,5665,1291,https://npiregistry.cms.hhs.gov/provider-view/1306119615
1548266844,Kassem Bachar,KY,Medical Oncology,I,1986577.31,2504901.64,96801,377,https://npiregistry.cms.hhs.gov/provider-view/1548266844
1346244845,Lakeland Surgical & Diagnostic Center Llp,FL,Ambulatory Surgical Center,O,1977414.1,2398613.95,6664,2873,https://npiregistry.cms.hhs.gov/provider-view/1346244845
1003869488,Snyder Harvey,NJ,Cardiology,I,1887758.36,2390048.44,8197,1763,https://npiregistry.cms.hhs.gov/provider-view/1003869488
1831280536,Effingham Surgical Partners Llc,IL,Ambulatory Surgical Center,O,1880016.0,2360099.5,6161,1802,https://npiregistry.cms.hhs.gov/provider-view/1831280536
1942797535,"Phycare Asc, Llc",PA,Ambulatory Surgical Center,O,1790630.62,2260501.94,2882,969,https://npiregistry.cms.hhs.gov/provider-view/1942797535
1417602269,Fizza Health Care Services Inc,IL,Clinical Laboratory,O,1783427.52,1783427.52,151652,41053,https://npiregistry.cms.hhs.gov/provider-view/1417602269
1437574191,Oil Center Surgical Plaza,LA,Ambulatory Surgical Center,O,1634950.0,2059891.0,2080,1205,https://npiregistry.cms.hhs.gov/provider-view/1437574191
1902834922,Southwestern Eye Center Ltd,AZ,Ambulatory Surgical Center,O,1511892.39,1899433.54,3198,1283,https://npiregistry.cms.hhs.gov/provider-view/1902834922
1336464668,Great Lakes Medical Laboratory Inc,MI,Clinical Laboratory,O,1477038.29,1477038.29,112841,8989,https://npiregistry.cms.hhs.gov/provider-view/1336464668
1104892165,Stewart Randall,SC,General Practice,I,1469071.25,1845451.56,74582,157,https://npiregistry.cms.hhs.gov/provider-view/1104892165
1851312243,Robertson Cheryl,NC,Rheumatology,I,1468580.11,1854445.77,99455,561,https://npiregistry.cms.hhs.gov/provider-view/1851312243
1114948445,"G Medical Diagnostic Services, Inc.",TX,Independent Diagnostic Testing Facility (IDTF),O,1430448.9,1826854.01,2478,2437,https://npiregistry.cms.hhs.gov/provider-view/1114948445
1811378375,Alexandria Ambulatory Surgery Center Lp,LA,Ambulatory Surgical Center,O,1397262.91,1757070.12,393,345,https://npiregistry.cms.hhs.gov/provider-view/1811378375
1750470530,"Evansville Surgery Center Associates, Llc",IN,Ambulatory Surgical Center,O,1381300.52,1738185.63,1377,778,https://npiregistry.cms.hhs.gov/provider-view/1750470530
1407863764,Fung Kaihi,CA,General Surgery,I,1352490.26,1698187.29,1492,14,https://npiregistry.cms.hhs.gov/provider-view/1407863764
1447955877,Genetx Laboratory Llc,TX,Clinical Laboratory,O,1338830.15,1338830.15,2329,394,https://npiregistry.cms.hhs.gov/provider-view/1447955877
1831185891,Belmont Jonathan,PA,Ophthalmology,I,1334501.62,1720378.85,24883,576,https://npiregistry.cms.hhs.gov/provider-view/1831185891
1740289024,Kootenai Outpatient Surgery Cntr Llc,ID,Ambulatory Surgical Center,O,1291696.75,1621462.83,1122,429,https://npiregistry.cms.hhs.gov/provider-view/1740289024
1295726636,Arkin Charles,TN,Rheumatology,I,1262275.25,1608272.01,125147,513,https://npiregistry.cms.hhs.gov/provider-view/1295726636
1912096785,"Evansville Surgery Center Associates, Llc",IN,Ambulatory Surgical Center,O,1260953.74,1585715.5,3580,916,https://npiregistry.cms.hhs.gov/provider-view/1912096785
1629104427,Perrott Ronald,FL,Dermatology,I,1230831.58,1633468.0,18661,2262,https://npiregistry.cms.hhs.gov/provider-view/1629104427
1619924396,Laino Nannette,IL,Nurse Practitioner,I,1216656.67,1533951.46,30756,869,https://npiregistry.cms.hhs.gov/provider-view/1619924396
1578522934,Girnys Raymond,MS,General Surgery,I,1157720.25,1454299.13,1747,108,https://npiregistry.cms.hhs.gov/provider-view/1578522934
1841741808,"Bioreference Health, Llc",CA,Clinical Laboratory,O,1156585.65,1157864.81,121258,13203,https://npiregistry.cms.hhs.gov/provider-view/1841741808
1407859259,Gordon Richard,NJ,Hematology-Oncology,I,1145551.26,1449203.77,192457,554,https://npiregistry.cms.hhs.gov/provider-view/1407859259
1306815287,Mccollum Michael,VA,Gynecological Oncology,I,1141460.88,1434306.62,86405,347,https://npiregistry.cms.hhs.gov/provider-view/1306815287
1306919535,Valles Alfred,CA,Undefined Physician type,I,1082561.98,1414777.46,9242,2000,https://npiregistry.cms.hhs.gov/provider-view/1306919535
1750469789,Orthopedic Surgery Center Llc,LA,Ambulatory Surgical Center,O,1009780.16,1268808.77,1645,556,https://npiregistry.cms.hhs.gov/provider-view/1750469789
1841261526,Martinez De Andino Edwin,SC,Rheumatology,I,993032.7,1272900.91,85902,603,https://npiregistry.cms.hhs.gov/provider-view/1841261526
1922486679,"St Louis Specialty Surgical Center, Llc",MO,Ambulatory Surgical Center,O,990572.17,1242297.49,267,205,https://npiregistry.cms.hhs.gov/provider-view/1922486679
1720007305,Stokes Michael,FL,Interventional Cardiology,I,985728.19,1254886.83,7661,2814,https://npiregistry.cms.hhs.gov/provider-view/1720007305
1487661831,Geller Steven,MD,Internal Medicine,I,979061.56,1093627.55,23792,2797,https://npiregistry.cms.hhs.gov/provider-view/1487661831
1861437717,Sagransky David,NJ,Rheumatology,I,977793.87,1248774.94,109860,531,https://npiregistry.cms.hhs.gov/provider-view/1861437717
1164480927,Albertini John,NC,Dermatology,I,976301.7,1230480.53,3422,340,https://npiregistry.cms.hhs.gov/provider-view/1164480927
1417182429,King William,CA,Diagnostic Radiology,I,973861.32,1230194.59,6520,1474,https://npiregistry.cms.hhs.gov/provider-view/1417182429
1922028265,"Atlantic Gastro Surgicenter, Llc",NJ,Ambulatory Surgical Center,O,963752.16,1180793.25,1923,1121,https://npiregistry.cms.hhs.gov/provider-view/1922028265
1033266788,Lekov Ellie,CA,Pathology,I,955624.39,1213620.61,14479,1611,https://npiregistry.cms.hhs.gov/provider-view/1033266788
1093824872,Digestive Care Of Evansville Pc,IN,Ambulatory Surgical Center,O,954496.67,1155087.39,2369,1784,https://npiregistry.cms.hhs.gov/provider-view/1093824872
1548613755,Vero Beach Florida Asc Llc,FL,Ambulatory Surgical Center,O,944890.0,1196751.32,921,451,https://npiregistry.cms.hhs.gov/provider-view/1548613755
1467457093,Julian John,CA,Urology,I,934285.23,1206108.08,30914,1587,https://npiregistry.cms.hhs.gov/provider-view/1467457093
1316969058,"Bethesda Endoscopy Center, Llc",MD,Ambulatory Surgical Center,O,919699.87,1079178.78,2396,1786,https://npiregistry.cms.hhs.gov/provider-view/1316969058
1235227794,Van Tine Brian,MO,Medical Oncology,I,893332.85,1121732.55,40721,337,https://npiregistry.cms.hhs.gov/provider-view/1235227794
1629222450,Malec Lynn,WI,Hematology-Oncology,I,877750.47,1101747.1,15021,33,https://npiregistry.cms.hhs.gov/provider-view/1629222450
1154369130,Waters Richard,CA,Cardiology,I,860732.46,1137016.09,11146,1575,https://npiregistry.cms.hhs.gov/provider-view/1154369130
1447218862,Daniel Gary,GA,Emergency Medicine,I,836925.54,1082386.09,8074,1473,https://npiregistry.cms.hhs.gov/provider-view/1447218862
1770625931,Cerruto Carlos,FL,Pathology,I,835993.23,1088424.94,14963,5779,https://npiregistry.cms.hhs.gov/provider-view/1770625931
1811002272,Khadavi Alex,CA,Dermatology,I,823736.62,1045270.53,4726,272,https://npiregistry.cms.hhs.gov/provider-view/1811002272
1063472470,Giannakis John,TX,Urology,I,793264.18,918689.72,23921,1374,https://npiregistry.cms.hhs.gov/provider-view/1063472470
1619937018,Carter Elijah,AZ,Obstetrics & Gynecology,I,786651.72,987663.03,1007,28,https://npiregistry.cms.hhs.gov/provider-view/1619937018
1083141899,Ebot James,TX,Neurosurgery,I,785523.48,984690.53,7127,777,https://npiregistry.cms.hhs.gov/provider-view/1083141899
1538167978,Valley Surgical Center Ltd,OH,Ambulatory Surgical Center,O,778186.59,991020.78,1243,694,https://npiregistry.cms.hhs.gov/provider-view/1538167978
1023058666,Szabo Albert,NY,Neurology,I,766131.27,972499.4,36428,586,https://npiregistry.cms.hhs.gov/provider-view/1023058666
1033754163,Shirley Kelly,GA,Nurse Practitioner,I,766041.65,967973.01,66416,157,https://npiregistry.cms.hhs.gov/provider-view/1033754163
1982839940,Dragan Elizabeth,OH,Neurology,I,754382.29,947284.08,22604,193,https://npiregistry.cms.hhs.gov/provider-view/1982839940
1316322035,"Bioreference Health, Llc",TX,Clinical Laboratory,O,751496.75,751496.75,81270,16475,https://npiregistry.cms.hhs.gov/provider-view/1316322035
1205945029,Enriquez Policarpoi,CA,Physical Medicine and Rehabilitation,I,740026.79,931261.71,9880,1330,https://npiregistry.cms.hhs.gov/provider-view/1205945029
1124417357,Aegis Sciences Corporation,TN,Clinical Laboratory,O,736080.53,736080.53,13856,6683,https://npiregistry.cms.hhs.gov/provider-view/1124417357
1346624665,Westgreen Surgical Center Llc,TX,Ambulatory Surgical Center,O,729793.86,918612.76,572,261,https://npiregistry.cms.hhs.gov/provider-view/1346624665
1326710401,"Texas Institute Of Specialized Surgery, Llc",TX,Ambulatory Surgical Center,O,729658.85,916622.69,196,80,https://npiregistry.cms.hhs.gov/provider-view/1326710401
1962415562,Guadagnoli Germano,CT,Rheumatology,I,726839.46,917506.98,24805,252,https://npiregistry.cms.hhs.gov/provider-view/1962415562
1487625802,Perimeter Center For Outpatient Surgery Lp,GA,Ambulatory Surgical Center,O,724761.94,904846.51,4835,416,https://npiregistry.cms.hhs.gov/provider-view/1487625802
1295728293,Montgomery Baxter,TX,Cardiology,I,715589.8,928519.09,9110,279,https://npiregistry.cms.hhs.gov/provider-view/1295728293
1285121020,"Surgery Center At Kissing Camels, Llc",CO,Ambulatory Surgical Center,O,715345.07,901142.28,1215,454,https://npiregistry.cms.hhs.gov/provider-view/1285121020
1043296130,Jeffery Douglas,NC,Neurology,I,712591.26,898701.53,19131,79,https://npiregistry.cms.hhs.gov/provider-view/1043296130
1396804431,Harrison Kevin,NY,General Surgery,I,706661.71,889051.68,4904,49,https://npiregistry.cms.hhs.gov/provider-view/1396804431
1366041097,"Hypertension Nephrology Associates, Pc",PA,Ambulatory Surgical Center,O,702595.88,882776.84,429,183,https://npiregistry.cms.hhs.gov/provider-view/1366041097
1598761025,Kasdan Richard,PA,Neurology,I,700231.25,886811.79,35119,181,https://npiregistry.cms.hhs.gov/provider-view/1598761025
1184664609,"Endoscopy Center At Robinwood, Llc",MD,Ambulatory Surgical Center,O,698265.21,836429.47,2145,1412,https://npiregistry.cms.hhs.gov/provider-view/1184664609
1457354300,Surgery Center Of Ocala Llc,FL,Ambulatory Surgical Center,O,690522.94,868291.52,1543,219,https://npiregistry.cms.hhs.gov/provider-view/1457354300
1225038441,Dunn William,FL,Ophthalmology,I,689565.97,870866.93,17218,449,https://npiregistry.cms.hhs.gov/provider-view/1225038441
1669424651,Bishop Roy,CA,Family Practice,I,685601.96,999524.2,38213,2031,https://npiregistry.cms.hhs.gov/provider-view/1669424651
1306855069,Niederee David,KS,Family Practice,I,683395.54,837716.08,41606,1161,https://npiregistry.cms.hhs.gov/provider-view/1306855069
1063477198,Grandview Surgery Center Ltd,PA,Ambulatory Surgical Center,O,682667.04,858181.93,545,346,https://npiregistry.cms.hhs.gov/provider-view/1063477198
1346299500,Sultan Peter,NY,Orthopedic Surgery,I,677074.73,874555.97,9253,1140,https://npiregistry.cms.hhs.gov/provider-view/1346299500
1013979350,Bello Steven,FL,Otolaryngology,I,663998.83,905484.47,8633,2034,https://npiregistry.cms.hhs.gov/provider-view/1013979350
1760480586,Izzo Joseph,NJ,Diagnostic Radiology,I,660613.78,849557.99,16220,7830,https://npiregistry.cms.hhs.gov/provider-view/1760480586
1356778401,"Bioreference Health, Llc",NJ,Clinical Laboratory,O,658511.83,658511.83,93414,5579,https://npiregistry.cms.hhs.gov/provider-view/1356778401
1255394771,"Doctors Hospital Surgery Center, L.P.",GA,Ambulatory Surgical Center,O,646903.36,811099.9,653,344,https://npiregistry.cms.hhs.gov/provider-view/1255394771
1831230788,"Lackawanna Physicians Ambulatory Surgery Center, Llc",PA,Ambulatory Surgical Center,O,641090.87,805119.66,1197,803,https://npiregistry.cms.hhs.gov/provider-view/1831230788
1811988108,Jones Donald,TN,Anesthesiology,I,630702.72,741024.91,7421,307,https://npiregistry.cms.hhs.gov/provider-view/1811988108
1275537649,Falkenberg Thomas,VA,Ophthalmology,I,594114.19,781509.72,5338,884,https://npiregistry.cms.hhs.gov/provider-view/1275537649
1255332805,Prairieland Outpatient Diagnostic Center Llc,IL,Ambulatory Surgical Center,O,586413.57,702656.67,1563,1158,https://npiregistry.cms.hhs.gov/provider-view/1255332805
1164498812,Oyedijo Dotun,IL,Radiation Oncology,I,574234.24,726835.06,3684,220,https://npiregistry.cms.hhs.gov/provider-view/1164498812
1144283003,North Miami Beach Surgery Center Limited Partnership,FL,Ambulatory Surgical Center,O,562957.86,707751.05,1208,419,https://npiregistry.cms.hhs.gov/provider-view/1144283003
1851392948,Campbell Mark,MI,Hematology-Oncology,I,560083.91,699270.11,26502,212,https://npiregistry.cms.hhs.gov/provider-view/1851392948
1558358887,Baker Jay,FL,Cardiology,I,554345.59,721275.86,5105,1884,https://npiregistry.cms.hhs.gov/provider-view/1558358887
1164580593,Sufian Shekeeb,FL,Vascular Surgery,I,553669.95,732777.27,4507,2016,https://npiregistry.cms.hhs.gov/provider-view/1164580593
1861089666,"Barnet Dulaney Perkins Eye Center, Pc",AZ,Ambulatory Surgical Center,O,548968.51,692572.31,1751,379,https://npiregistry.cms.hhs.gov/provider-view/1861089666
1730831751,Fnz Services Llc,IL,Clinical Laboratory,O,542220.54,542220.54,46090,2118,https://npiregistry.cms.hhs.gov/provider-view/1730831751
1447212774,Louisville Sc Ltd,KY,Ambulatory Surgical Center,O,522095.35,661278.74,1004,365,https://npiregistry.cms.hhs.gov/provider-view/1447212774
1184624819,Ellenby Martin,IL,Vascular Surgery,I,518356.25,664673.22,1934,852,https://npiregistry.cms.hhs.gov/provider-view/1184624819
1194921718,Dhawan Richa,LA,Rheumatology,I,518336.06,652311.05,29928,132,https://npiregistry.cms.hhs.gov/provider-view/1194921718
1245396316,Goodman Leslie,TX,Rheumatology,I,517368.46,663072.22,48420,495,https://npiregistry.cms.hhs.gov/provider-view/1245396316
1588640759,Clinkscales Norman,FL,Diagnostic Radiology,I,509635.34,643019.52,27394,3713,https://npiregistry.cms.hhs.gov/provider-view/1588640759
1700896529,Mccarron William,CA,Podiatry,I,504373.84,632989.99,1764,99,https://npiregistry.cms.hhs.gov/provider-view/1700896529
1922608785,St. Luke's Ambulatory Services Inc.,PA,Ambulatory Surgical Center,O,500937.25,603579.31,1446,874,https://npiregistry.cms.hhs.gov/provider-view/1922608785
1093799405,Orthoarkansas Surgery Center Llc,AR,Ambulatory Surgical Center,O,499958.93,627333.66,474,251,https://npiregistry.cms.hhs.gov/provider-view/1093799405
1922005370,De Noia Vicki,NJ,Nurse Practitioner,I,492163.38,620903.18,39973,251,https://npiregistry.cms.hhs.gov/provider-view/1922005370
1659362184,Applegate Glenn,WI,Radiation Oncology,I,481463.59,605404.9,2925,91,https://npiregistry.cms.hhs.gov/provider-view/1659362184
1578535704,Kalk Alexander,IL,Family Practice,I,479485.03,608632.19,1378,135,https://npiregistry.cms.hhs.gov/provider-view/1578535704
1063462190,Jimenez Ricardo,CA,Pathology,I,474598.75,598687.83,8187,1302,https://npiregistry.cms.hhs.gov/provider-view/1063462190
1043268220,Johnson John,TN,Ophthalmology,I,474291.41,632637.05,3448,896,https://npiregistry.cms.hhs.gov/provider-view/1043268220
1427356864,"Medics At Home, Inc.",NE,Ambulance Service Provider,O,468370.62,599157.15,15477,1257,https://npiregistry.cms.hhs.gov/provider-view/1427356864
1578516746,Gardner Albert,FL,Anesthesiology,I,457827.98,582657.44,38293,79,https://npiregistry.cms.hhs.gov/provider-view/1578516746
1629000831,Strauss Ronald,OH,Allergy/ Immunology,I,456473.18,577489.97,20429,63,https://npiregistry.cms.hhs.gov/provider-view/1629000831
1679552517,Rajendran Vijay,FL,Cardiology,I,456115.18,600835.44,6384,2408,https://npiregistry.cms.hhs.gov/provider-view/1679552517
1669481107,Krahling Jeffrey,CA,Nephrology,I,453544.64,579312.72,3649,1022,https://npiregistry.cms.hhs.gov/provider-view/1669481107
1912055112,Koduri Hemantha,NE,Cardiology,I,453387.42,584262.62,7775,1687,https://npiregistry.cms.hhs.gov/provider-view/1912055112
1326048588,Melucci Michael,TX,Cardiology,I,444684.31,585341.6,3545,1022,https://npiregistry.cms.hhs.gov/provider-view/1326048588
1831258375,Pilkington Trinity,DE,Orthopedic Surgery,I,441111.63,566939.25,15240,607,https://npiregistry.cms.hhs.gov/provider-view/1831258375
1386221604,"Conway Hospital, Inc.",SC,Ambulatory Surgical Center,O,439706.72,549607.38,1355,476,https://npiregistry.cms.hhs.gov/provider-view/1386221604
1235539180,Minnesota Endoscopy Center. Llc,MN,Ambulatory Surgical Center,O,426701.27,505212.55,1069,808,https://npiregistry.cms.hhs.gov/provider-view/1235539180
1902881303,Brystowski Henry,MI,Rheumatology,I,425222.67,546265.57,23407,388,https://npiregistry.cms.hhs.gov/provider-view/1902881303
1265516488,Mark George,NJ,Clinical Cardiac Electrophysiology,I,423373.91,541240.77,7543,2439,https://npiregistry.cms.hhs.gov/provider-view/1265516488
1417021940,O'brien Michael,RI,Ophthalmology,I,417899.12,546197.56,3819,464,https://npiregistry.cms.hhs.gov/provider-view/1417021940
1487761433,Koehler Stephen,CA,Hematology-Oncology,I,414170.33,527083.35,35789,215,https://npiregistry.cms.hhs.gov/provider-view/1487761433
1902824667,Campbell John,CA,Pathology,I,413991.4,536933.42,6006,2806,https://npiregistry.cms.hhs.gov/provider-view/1902824667
1851776843,Schreiner Tiffany,KS,Nurse Practitioner,I,409378.23,515359.66,27582,56,https://npiregistry.cms.hhs.gov/provider-view/1851776843
1073888103,Surgery By Vold Vision,AR,Ambulatory Surgical Center,O,409191.74,518695.84,2969,277,https://npiregistry.cms.hhs.gov/provider-view/1073888103
1255361648,Shahsavari Mehran,OK,Internal Medicine,I,405995.7,519514.53,6718,822,https://npiregistry.cms.hhs.gov/provider-view/1255361648
1649376427,Chandrasekaran Suresh,OK,Interventional Cardiology,I,403205.76,530939.83,8856,1809,https://npiregistry.cms.hhs.gov/provider-view/1649376427
1568635357,Mcdonough Ryan,AK,Interventional Cardiology,I,386638.17,507361.93,6852,860,https://npiregistry.cms.hhs.gov/provider-view/1568635357
1235114349,Paterson Paul,FL,Orthopedic Surgery,I,385445.2,501499.23,5054,823,https://npiregistry.cms.hhs.gov/provider-view/1235114349
1174591143,"Silicon Valley Surgery Center, Lp",CA,Ambulatory Surgical Center,O,378458.26,476182.03,625,106,https://npiregistry.cms.hhs.gov/provider-view/1174591143
1962468397,Overby Terry,VA,Nephrology,I,375928.85,487556.36,3880,872,https://npiregistry.cms.hhs.gov/provider-view/1962468397
1578545596,Coker William,VA,Dermatology,I,374230.86,519519.6,9606,1421,https://npiregistry.cms.hhs.gov/provider-view/1578545596
1487754974,Bahnassi Amjad,MA,Psychiatry,I,373294.9,503951.54,3859,402,https://npiregistry.cms.hhs.gov/provider-view/1487754974
1295739217,Waterside Ambulatory Surgical Center Llc,FL,Ambulatory Surgical Center,O,372940.53,440069.13,1056,802,https://npiregistry.cms.hhs.gov/provider-view/1295739217
1043219876,Wang Robert,NJ,Interventional Cardiology,I,371430.42,532461.51,7417,2273,https://npiregistry.cms.hhs.gov/provider-view/1043219876
1437116985,Paripati Harshita,AZ,Medical Oncology,I,371072.24,467211.55,17823,200,https://npiregistry.cms.hhs.gov/provider-view/1437116985
1114983186,Suggs Mark,TX,Ophthalmology,I,362998.98,493043.21,3672,914,https://npiregistry.cms.hhs.gov/provider-view/1114983186
1558320291,Greenlaw Paul,NC,Orthopedic Surgery,I,362335.07,470527.91,2974,729,https://npiregistry.cms.hhs.gov/provider-view/1558320291
1063495257,Doctors Surgical Partnership Llc,FL,Ambulatory Surgical Center,O,355554.78,448959.72,345,253,https://npiregistry.cms.hhs.gov/provider-view/1063495257
1972569911,Armstrong Jack,PA,Allergy/ Immunology,I,354040.46,450569.75,13509,249,https://npiregistry.cms.hhs.gov/provider-view/1972569911
1124176110,Saito Yuji,CA,Clinical Cardiac Electrophysiology,I,353202.34,476324.98,6744,1798,https://npiregistry.cms.hhs.gov/provider-view/1124176110
1902804107,Athienites Nicolaos,MA,Nephrology,I,352900.76,453203.21,2410,622,https://npiregistry.cms.hhs.gov/provider-view/1902804107
1366498917,Jurow Ronna,CA,General Practice,I,351036.42,451501.34,3480,1047,https://npiregistry.cms.hhs.gov/provider-view/1366498917
1841212404,Strinden Thomas,ND,Ophthalmology,I,342628.63,460138.12,3153,899,https://npiregistry.cms.hhs.gov/provider-view/1841212404
1043295918,Buyo Rogelio,NJ,Nurse Practitioner,I,337757.11,436935.69,4100,603,https://npiregistry.cms.hhs.gov/provider-view/1043295918
1326017401,Ayers Frederick,NY,Diagnostic Radiology,I,336255.86,442046.75,26606,2419,https://npiregistry.cms.hhs.gov/provider-view/1326017401
1871637843,Jaiswal Arun,NY,Internal Medicine,I,333948.8,419363.01,3044,396,https://npiregistry.cms.hhs.gov/provider-view/1871637843
1689780561,Feldman Sorrel,NY,Internal Medicine,I,332996.91,420051.47,4218,258,https://npiregistry.cms.hhs.gov/provider-view/1689780561
1457647281,Pregenzer Gerard,CT,Urology,I,332448.31,424778.43,5906,316,https://npiregistry.cms.hhs.gov/provider-view/1457647281
1659374593,Sharma Ramit,AZ,Pulmonary Disease,I,332276.84,431947.85,5926,867,https://npiregistry.cms.hhs.gov/provider-view/1659374593
1235141003,Thomson Elizabeth,NY,Diagnostic Radiology,I,327273.9,379327.47,3057,1062,https://npiregistry.cms.hhs.gov/provider-view/1235141003
1386656361,Raykhman Vitaly,NY,Urology,I,326449.04,421184.34,7146,865,https://npiregistry.cms.hhs.gov/provider-view/1386656361
1336145770,Alexander Richmond,MS,Pulmonary Disease,I,324890.76,410406.5,5106,829,https://npiregistry.cms.hhs.gov/provider-view/1336145770
1417067893,Shikhman Alexander,CA,Rheumatology,I,324165.18,422294.26,7780,283,https://npiregistry.cms.hhs.gov/provider-view/1417067893
1447411459,Adams Christopher,KY,Interventional Cardiology,I,318617.98,430554.1,5863,2062,https://npiregistry.cms.hhs.gov/provider-view/1447411459
1558534909,Todd William,TN,Internal Medicine,I,317939.0,420905.89,12525,733,https://npiregistry.cms.hhs.gov/provider-view/1558534909
1932140266,Booth Robert,PA,Orthopedic Surgery,I,317370.17,414215.2,2711,639,https://npiregistry.cms.hhs.gov/provider-view/1932140266
1366544405,Lazarevic Milenko,IL,Internal Medicine,I,312625.8,392929.49,4319,477,https://npiregistry.cms.hhs.gov/provider-view/1366544405
1851320626,Rudeseal Frank,AL,Internal Medicine,I,310968.36,394711.86,4809,707,https://npiregistry.cms.hhs.gov/provider-view/1851320626
1689696601,Courtney Stuart,FL,Podiatry,I,304797.77,394788.09,3530,422,https://npiregistry.cms.hhs.gov/provider-view/1689696601
1487820635,Mcmurray Roger,NC,Family Practice,I,304544.4,370995.27,15263,759,https://npiregistry.cms.hhs.gov/provider-view/1487820635
1740860618,"Lister Labs, Llc",AL,Clinical Laboratory,O,303035.93,303035.93,27924,2194,https://npiregistry.cms.hhs.gov/provider-view/1740860618
1295787794,Oliver Lawrence,FL,Cardiology,I,299478.31,391475.42,4483,803,https://npiregistry.cms.hhs.gov/provider-view/1295787794
1982659660,Kirpichnikov Dmitri,NY,Endocrinology,I,299305.07,395891.28,4414,1289,https://npiregistry.cms.hhs.gov/provider-view/1982659660
1295717015,Scott Mark,FL,Pulmonary Disease,I,299301.12,395557.09,3418,1423,https://npiregistry.cms.hhs.gov/provider-view/1295717015
1265509004,Dome Mark,CA,Physician Assistant,I,299289.28,414958.05,6210,1957,https://npiregistry.cms.hhs.gov/provider-view/1265509004
1740314814,Jones Kathleen,CA,Physical Therapist in Private Practice,I,298055.04,378493.52,12142,186,https://npiregistry.cms.hhs.gov/provider-view/1740314814
1679521090,Meluch Anthony,TN,Hematology-Oncology,I,295766.07,372643.92,21186,221,https://npiregistry.cms.hhs.gov/provider-view/1679521090
1588628366,"Portsmouth Regional Ambulatory Surgery Center, Llc",NH,Ambulatory Surgical Center,O,293530.26,363644.54,290,207,https://npiregistry.cms.hhs.gov/provider-view/1588628366
1093094989,"Tomball Mri, Inc",TX,Independent Diagnostic Testing Facility (IDTF),O,292779.26,370736.14,42533,1751,https://npiregistry.cms.hhs.gov/provider-view/1093094989
1205882164,Aguila Zenobio,FL,Internal Medicine,I,290425.83,348187.79,9111,491,https://npiregistry.cms.hhs.gov/provider-view/1205882164
1326494188,"South Austin Surgicenter, Llc",TX,Ambulatory Surgical Center,O,287580.39,362453.96,316,149,https://npiregistry.cms.hhs.gov/provider-view/1326494188
1740202241,Pate John,TX,Plastic and Reconstructive Surgery,I,287169.28,361554.66,83311,263,https://npiregistry.cms.hhs.gov/provider-view/1740202241
1629087036,Signor Robert,FL,Cardiology,I,283370.5,373558.3,3816,1050,https://npiregistry.cms.hhs.gov/provider-view/1629087036
1225168248,Hollander Sandra,GA,Hematology-Oncology,I,278856.9,358930.74,28645,131,https://npiregistry.cms.hhs.gov/provider-view/1225168248
1790929230,Green Daniel,SC,Interventional Cardiology,I,278437.16,366334.68,5523,2298,https://npiregistry.cms.hhs.gov/provider-view/1790929230
1013924455,Tseng Conrad,CA,Endocrinology,I,277753.94,354929.14,5124,984,https://npiregistry.cms.hhs.gov/provider-view/1013924455
1588626675,Hayashi Howard,CA,General Surgery,I,275593.67,351202.44,1447,691,https://npiregistry.cms.hhs.gov/provider-view/1588626675
1265475586,Longs Drug Stores California Llc,HI,Mass Immunizer Roster Biller,O,274660.39,274660.39,9284,1362,https://npiregistry.cms.hhs.gov/provider-view/1265475586
1619952421,Clark David,CA,Cardiology,I,272838.31,361156.78,2912,416,https://npiregistry.cms.hhs.gov/provider-view/1619952421
1639149826,Klein Edward,MA,Orthopedic Surgery,I,270335.99,353802.69,3365,945,https://npiregistry.cms.hhs.gov/provider-view/1639149826
1962493379,Othman Mufid,GA,Internal Medicine,I,269387.4,340050.21,2191,479,https://npiregistry.cms.hhs.gov/provider-view/1962493379
1861464299,Allen Richard,CA,Family Practice,I,269213.7,354899.68,4511,565,https://npiregistry.cms.hhs.gov/provider-view/1861464299
1154366730,Volpe Liana,CA,General Practice,I,267223.23,349286.29,2420,290,https://npiregistry.cms.hhs.gov/provider-view/1154366730
1659354215,Moynihan Harry,IN,Internal Medicine,I,267143.74,338977.6,4822,1016,https://npiregistry.cms.hhs.gov/provider-view/1659354215
1407846017,Newman Richard,DC,Diagnostic Radiology,I,264571.83,338503.55,43030,1594,https://npiregistry.cms.hhs.gov/provider-view/1407846017
1083601397,Mcnamara Michael,TN,Orthopedic Surgery,I,262866.03,336343.66,2134,536,https://npiregistry.cms.hhs.gov/provider-view/1083601397
1477520393,Lehrer Richard,OH,Ophthalmology,I,262109.89,359984.81,3638,607,https://npiregistry.cms.hhs.gov/provider-view/1477520393
1255386397,Kumar Ashok,MO,Physical Medicine and Rehabilitation,I,261838.52,344180.74,6833,615,https://npiregistry.cms.hhs.gov/provider-view/1255386397
1922123074,Dalmacy-Tardieu Marie-Ange,NY,Plastic and Reconstructive Surgery,I,259225.44,325424.94,2820,351,https://npiregistry.cms.hhs.gov/provider-view/1922123074
1538119300,Hoffman Marcel,IL,Internal Medicine,I,255152.14,317104.21,3193,739,https://npiregistry.cms.hhs.gov/provider-view/1538119300
1033381439,Dahiya Rajender,IL,Family Practice,I,255029.06,325702.95,3947,368,https://npiregistry.cms.hhs.gov/provider-view/1033381439
1346845138,"Surgery Center At Cottonwood, Llc",UT,Ambulatory Surgical Center,O,254528.72,319779.63,2693,94,https://npiregistry.cms.hhs.gov/provider-view/1346845138
1992735765,Conlin Michael,GA,Internal Medicine,I,254065.09,348683.19,8150,761,https://npiregistry.cms.hhs.gov/provider-view/1992735765
1831260090,Katow Jean,CA,Ophthalmology,I,253439.63,357548.97,7457,884,https://npiregistry.cms.hhs.gov/provider-view/1831260090
1679576680,"Burholme First Aid Corps, Inc.",PA,Ambulance Service Provider,O,253027.48,319552.12,2650,444,https://npiregistry.cms.hhs.gov/provider-view/1679576680
1508389032,Laba Alina,CA,Optometry,I,251995.17,326720.15,1990,239,https://npiregistry.cms.hhs.gov/provider-view/1508389032
1184671703,Rural Metro Of Greater Seattle Inc,WA,Ambulance Service Provider,O,251755.74,319695.95,7423,567,https://npiregistry.cms.hhs.gov/provider-view/1184671703
1730187857,Dean Paul,CA,Dermatology,I,250745.65,331833.39,4681,342,https://npiregistry.cms.hhs.gov/provider-view/1730187857
1861463259,Orlando Center For Outpatient Surgery Lp,FL,Ambulatory Surgical Center,O,249822.64,313508.95,755,132,https://npiregistry.cms.hhs.gov/provider-view/1861463259
1588759781,Morariu Mircea,FL,Neurology,I,248793.58,323727.16,3211,363,https://npiregistry.cms.hhs.gov/provider-view/1588759781
1154397750,Brard Gyan,AZ,Endocrinology,I,248523.07,332890.4,2709,1064,https://npiregistry.cms.hhs.gov/provider-view/1154397750
1679512669,Berry Michael,MA,Orthopedic Surgery,I,247815.66,323071.12,3778,712,https://npiregistry.cms.hhs.gov/provider-view/1679512669
1265591242,Cos David,TX,Internal Medicine,I,245549.29,307054.46,6556,1006,https://npiregistry.cms.hhs.gov/provider-view/1265591242
1417120445,Ziegler Kiley,MT,Orthopedic Surgery,I,244830.89,313211.1,3808,391,https://npiregistry.cms.hhs.gov/provider-view/1417120445
1700842499,Bentley James,FL,General Practice,I,244336.62,328304.73,4136,351,https://npiregistry.cms.hhs.gov/provider-view/1700842499
1043225923,Jimenez Martin,NJ,Internal Medicine,I,243796.44,298806.29,8539,256,https://npiregistry.cms.hhs.gov/provider-view/1043225923
1154469799,Rube Gerald,NY,Cardiology,I,242384.81,304630.59,3002,352,https://npiregistry.cms.hhs.gov/provider-view/1154469799
1194726653,Eyer Douglas,PA,Family Practice,I,242322.09,289661.17,9392,470,https://npiregistry.cms.hhs.gov/provider-view/1194726653
1124301197,Randle Tiffany,TX,Nurse Practitioner,I,240871.67,308947.67,12119,251,https://npiregistry.cms.hhs.gov/provider-view/1124301197
1164548079,Gampel Ezra,NY,"Psychologist, Clinical",I,239619.82,308350.27,3811,120,https://npiregistry.cms.hhs.gov/provider-view/1164548079
1245558881,Dobry Yuriy,CA,Psychiatry,I,238073.5,303367.31,2162,126,https://npiregistry.cms.hhs.gov/provider-view/1245558881
1427039825,Epstein Randy,IL,Ophthalmology,I,237762.33,319569.64,2424,839,https://npiregistry.cms.hhs.gov/provider-view/1427039825
1578567186,Smitherman Tony,TX,Orthopedic Surgery,I,236259.12,313665.79,3646,594,https://npiregistry.cms.hhs.gov/provider-view/1578567186
1710980370,Groff Michael,NY,Neurosurgery,I,234404.81,296084.37,847,375,https://npiregistry.cms.hhs.gov/provider-view/1710980370
1790861441,Moseley Thomas,GA,Obstetrics & Gynecology,I,233311.16,277059.98,11811,685,https://npiregistry.cms.hhs.gov/provider-view/1790861441
1053315085,Prior John,PA,Nephrology,I,233289.84,302388.47,2520,750,https://npiregistry.cms.hhs.gov/provider-view/1053315085
1710047600,Mudireddy Umamaheswara,ND,Critical Care (Intensivists),I,232604.84,301514.82,2200,824,https://npiregistry.cms.hhs.gov/provider-view/1710047600
1881920114,Litwicki Daniel,NY,Ophthalmology,I,231937.21,354567.14,3662,1289,https://npiregistry.cms.hhs.gov/provider-view/1881920114
1689668535,Bello Broderick,NC,Family Practice,I,231024.92,299294.69,6843,484,https://npiregistry.cms.hhs.gov/provider-view/1689668535
1902855489,Fall River/New Bedford Regional Mri Limited Partnership,MA,Independent Diagnostic Testing Facility (IDTF),O,230826.15,296478.19,64124,906,https://npiregistry.cms.hhs.gov/provider-view/1902855489
1184733008,Kaakaji Wayel,IN,Neurosurgery,I,229643.34,295603.09,1415,542,https://npiregistry.cms.hhs.gov/provider-view/1184733008
1124061148,Yoo Jay,CA,Physical Medicine and Rehabilitation,I,228445.26,289537.41,3459,244,https://npiregistry.cms.hhs.gov/provider-view/1124061148
1619932241,Sekili Selim,TX,Cardiology,I,227970.25,304370.36,1833,519,https://npiregistry.cms.hhs.gov/provider-view/1619932241
1780614420,Rayhan Syrus,CA,Dermatology,I,226175.66,293842.41,1763,236,https://npiregistry.cms.hhs.gov/provider-view/1780614420
1699857854,Vitti Michael,NY,Vascular Surgery,I,225927.44,288380.28,1422,300,https://npiregistry.cms.hhs.gov/provider-view/1699857854
1285738104,Holiday Cvs Llc,FL,Mass Immunizer Roster Biller,O,225043.06,225043.06,4884,1209,https://npiregistry.cms.hhs.gov/provider-view/1285738104
1215137500,Caldwell Julia,KY,Pain Management,I,224553.86,258918.52,7792,371,https://npiregistry.cms.hhs.gov/provider-view/1215137500
1871551804,Rubel Christopher,SC,General Practice,I,223828.98,290292.0,3425,202,https://npiregistry.cms.hhs.gov/provider-view/1871551804
1962433839,Ekkens Daniel,CA,General Practice,I,223782.59,283440.71,8065,259,https://npiregistry.cms.hhs.gov/provider-view/1962433839
1730227992,"Memorial Ambulatory Surgery Center, Llc",NJ,Ambulatory Surgical Center,O,222523.27,282392.34,1385,134,https://npiregistry.cms.hhs.gov/provider-view/1730227992
1043515034,Teel Kevin,MO,Nurse Practitioner,I,222186.45,325012.47,8147,1420,https://npiregistry.cms.hhs.gov/provider-view/1043515034
1245249887,Gupta Akshey,LA,Nephrology,I,221445.26,290980.08,3408,692,https://npiregistry.cms.hhs.gov/provider-view/1245249887
1265427298,Cohen Leonard,FL,Neurology,I,221245.05,282830.82,2308,656,https://npiregistry.cms.hhs.gov/provider-view/1265427298
1487641114,Shankwiler James,CA,Orthopedic Surgery,I,220046.06,288728.5,3522,529,https://npiregistry.cms.hhs.gov/provider-view/1487641114
1477569986,Bennett Lawrence,SC,Family Practice,I,220040.33,276615.77,4402,185,https://npiregistry.cms.hhs.gov/provider-view/1477569986
1952456279,Brown Lance,NJ,"Psychologist, Clinical",I,219297.02,275341.28,3497,193,https://npiregistry.cms.hhs.gov/provider-view/1952456279
1033187208,Bird Philip,OK,Gastroenterology,I,219213.36,285410.13,16417,580,https://npiregistry.cms.hhs.gov/provider-view/1033187208
1225205297,Williams Alicia,NY,Internal Medicine,I,218408.44,279284.65,2891,247,https://npiregistry.cms.hhs.gov/provider-view/1225205297
1063735702,"Ochsner Medical Center - Northshore, Llc",LA,Ambulatory Surgical Center,O,218328.96,281138.42,672,325,https://npiregistry.cms.hhs.gov/provider-view/1063735702
1881859049,Ganc Daniel,FL,Otolaryngology,I,217788.34,292283.23,4045,736,https://npiregistry.cms.hhs.gov/provider-view/1881859049
1902807365,Bondar George,FL,Dermatology,I,216300.49,296961.46,3560,614,https://npiregistry.cms.hhs.gov/provider-view/1902807365
1225038755,Gandhi Devang,NJ,Nuclear Medicine,I,215692.98,291890.92,4614,2199,https://npiregistry.cms.hhs.gov/provider-view/1225038755
1669417184,Kett Kevin,CT,Cardiology,I,214954.4,292060.17,4283,1481,https://npiregistry.cms.hhs.gov/provider-view/1669417184
1477532125,Rosenberger Jay,IA,Internal Medicine,I,214368.94,261240.75,9272,602,https://npiregistry.cms.hhs.gov/provider-view/1477532125
1487997151,Gillum Jason,IN,Diagnostic Radiology,I,212457.46,272663.69,2336,1704,https://npiregistry.cms.hhs.gov/provider-view/1487997151
1215981915,Sherrer Larry,HI,Ophthalmology,I,210339.46,301239.39,3934,625,https://npiregistry.cms.hhs.gov/provider-view/1215981915
1629024377,Fox Susan,FL,Vascular Surgery,I,209343.99,268499.43,780,128,https://npiregistry.cms.hhs.gov/provider-view/1629024377
1427113349,Bolno Charles,PA,Family Practice,I,208499.27,292700.66,3125,261,https://npiregistry.cms.hhs.gov/provider-view/1427113349
1073591483,Valdes Ignacio,FL,Internal Medicine,I,208373.7,265501.14,3375,701,https://npiregistry.cms.hhs.gov/provider-view/1073591483
1689687204,Pongia Vincent,PA,Podiatry,I,207747.89,276453.39,6898,575,https://npiregistry.cms.hhs.gov/provider-view/1689687204
1134447121,Pehler Stephen,CO,Orthopedic Surgery,I,207549.96,264141.88,994,290,https://npiregistry.cms.hhs.gov/provider-view/1134447121
1811932080,Lineberger Thomas,NC,Internal Medicine,I,207090.1,268404.06,9762,585,https://npiregistry.cms.hhs.gov/provider-view/1811932080
1952745556,Grewal Sanjeet,FL,Neurosurgery,I,206565.83,259297.06,668,203,https://npiregistry.cms.hhs.gov/provider-view/1952745556
1427056985,Landry Nathan,LA,Family Practice,I,206185.19,295425.0,4670,618,https://npiregistry.cms.hhs.gov/provider-view/1427056985
1821035510,Brown Stephen,MD,Orthopedic Surgery,I,205537.91,271567.32,3503,381,https://npiregistry.cms.hhs.gov/provider-view/1821035510
1083650386,Mcclure Suzanne,TX,Internal Medicine,I,205464.97,262255.61,22726,176,https://npiregistry.cms.hhs.gov/provider-view/1083650386
1548257991,Plenys Rimvydas,CA,Cardiology,I,205038.98,273190.81,2599,574,https://npiregistry.cms.hhs.gov/provider-view/1548257991
1447239967,Edwards Kenneth,MI,Orthopedic Surgery,I,204186.5,268275.0,3401,488,https://npiregistry.cms.hhs.gov/provider-view/1447239967
1912978503,Enoch Christopher,OH,Nephrology,I,203802.96,265047.9,1748,458,https://npiregistry.cms.hhs.gov/provider-view/1912978503
1053751933,Acosta Kathy,TX,Nurse Practitioner,I,202897.34,264909.18,2981,301,https://npiregistry.cms.hhs.gov/provider-view/1053751933
1508862731,George William,FL,Family Practice,I,202728.2,267355.34,2260,221,https://npiregistry.cms.hhs.gov/provider-view/1508862731
1972501427,Behrens Mary,MD,Nephrology,I,202537.77,263781.25,1706,412,https://npiregistry.cms.hhs.gov/provider-view/1972501427
1487733549,Croke Francis,MA,Internal Medicine,I,201720.32,261482.35,2716,605,https://npiregistry.cms.hhs.gov/provider-view/1487733549
1447259577,Ellner Kenneth,GA,Dermatology,I,200665.49,284114.19,4601,1068,https://npiregistry.cms.hhs.gov/provider-view/1447259577
1225005903,Hess Randal,VA,Radiation Oncology,I,200513.41,253131.16,3065,271,https://npiregistry.cms.hhs.gov/provider-view/1225005903
1285697466,Jackson James,LA,Internal Medicine,I,199793.77,264900.68,3154,581,https://npiregistry.cms.hhs.gov/provider-view/1285697466
1518938547,Beute Trisha,VA,Dermatology,I,198508.19,277845.13,4790,1032,https://npiregistry.cms.hhs.gov/provider-view/1518938547
1972571875,Adkins Clark,WV,Orthopedic Surgery,I,198318.09,261174.28,3129,525,https://npiregistry.cms.hhs.gov/provider-view/1972571875
1235170812,Moore Jack,AL,Orthopedic Surgery,I,197544.24,261232.15,5391,368,https://npiregistry.cms.hhs.gov/provider-view/1235170812
1598364457,Fajardo Roccello,TX,Nurse Practitioner,I,197084.44,249790.54,8874,119,https://npiregistry.cms.hhs.gov/provider-view/1598364457
1447270624,Nicora Christopher,NY,Internal Medicine,I,196379.13,268989.91,2398,362,https://npiregistry.cms.hhs.gov/provider-view/1447270624
1639175441,Thompson Matthew,NM,Dermatology,I,196281.6,293996.81,5822,927,https://npiregistry.cms.hhs.gov/provider-view/1639175441
1598741068,Eastman Michael,ID,Physician Assistant,I,195973.72,238446.48,2112,308,https://npiregistry.cms.hhs.gov/provider-view/1598741068
1093821100,Huynh Chinh,CA,General Practice,I,195803.09,273032.44,3091,506,https://npiregistry.cms.hhs.gov/provider-view/1093821100
1841256989,Hrabko Randall,CA,General Practice,I,194837.8,251160.84,957,197,https://npiregistry.cms.hhs.gov/provider-view/1841256989
1801880380,Abdolvahabi Ramin,FL,Neurosurgery,I,193382.65,248781.08,1076,462,https://npiregistry.cms.hhs.gov/provider-view/1801880380
1083652226,Isbell David,SC,Cardiology,I,193176.77,264428.26,4489,1546,https://npiregistry.cms.hhs.gov/provider-view/1083652226
1851395776,Smiley Nasser,OH,Clinical Cardiac Electrophysiology,I,192508.08,257674.4,3553,1999,https://npiregistry.cms.hhs.gov/provider-view/1851395776
1891985644,Iqbal Mehr,AZ,Internal Medicine,I,192228.81,236870.15,6755,479,https://npiregistry.cms.hhs.gov/provider-view/1891985644
1841287398,Halter Mitchell,AZ,Pain Management,I,191721.14,253088.84,10411,335,https://npiregistry.cms.hhs.gov/provider-view/1841287398
1992865141,Epstein Wayne,NJ,Podiatry,I,191666.38,242461.44,4410,509,https://npiregistry.cms.hhs.gov/provider-view/1992865141
1891084281,Fairview Pharmacy Services Llc,MN,All Other Suppliers,O,189466.83,189466.83,2880,1024,https://npiregistry.cms.hhs.gov/provider-view/1891084281
1427118074,Munshower John,PA,Family Practice,I,188614.48,239737.86,2200,576,https://npiregistry.cms.hhs.gov/provider-view/1427118074
1417554155,"Center For Restorative Surgery At Maple Grove, Llc",MN,Ambulatory Surgical Center,O,188516.58,236793.99,2225,66,https://npiregistry.cms.hhs.gov/provider-view/1417554155
1104931831,Molino Richard,NJ,Internal Medicine,I,188161.83,240516.75,2422,137,https://npiregistry.cms.hhs.gov/provider-view/1104931831
1720073778,Woods Gregory,GA,Orthopedic Surgery,I,188004.47,239568.82,2512,182,https://npiregistry.cms.hhs.gov/provider-view/1720073778
1013929470,Joshi Milan,MD,Psychiatry,I,187458.46,263112.32,2674,684,https://npiregistry.cms.hhs.gov/provider-view/1013929470
1871590646,Moufarrij Nazih,KS,Neurosurgery,I,185307.92,234644.34,768,275,https://npiregistry.cms.hhs.gov/provider-view/1871590646
1386634541,Hoffmann Ingrid,NC,Allergy/ Immunology,I,185295.17,237525.72,6750,203,https://npiregistry.cms.hhs.gov/provider-view/1386634541
1053358077,Johns Gordon,WA,Ophthalmology,I,185076.67,245065.42,715,710,https://npiregistry.cms.hhs.gov/provider-view/1053358077
1174535454,Helmly Robert,MD,Cardiology,I,184950.71,250077.55,2758,1213,https://npiregistry.cms.hhs.gov/provider-view/1174535454
1740781426,Atanesyan Atanes,CA,Optometry,I,184832.4,248092.18,2658,1288,https://npiregistry.cms.hhs.gov/provider-view/1740781426
1467401216,Bess Oleg,CA,Obstetrics & Gynecology,I,184465.06,200448.69,4526,304,https://npiregistry.cms.hhs.gov/provider-view/1467401216
1952395451,Pare John,DE,Family Practice,I,182938.79,220865.37,2182,642,https://npiregistry.cms.hhs.gov/provider-view/1952395451
1770585184,Utset Bernardo,FL,Interventional Cardiology,I,182793.12,236044.16,2425,1011,https://npiregistry.cms.hhs.gov/provider-view/1770585184
1205928546,Larsen Mitchell,UT,Hand Surgery,I,182515.41,233289.15,1523,333,https://npiregistry.cms.hhs.gov/provider-view/1205928546
1023129244,Snyders Brian,ID,Family Practice,I,181040.63,227112.0,28845,37,https://npiregistry.cms.hhs.gov/provider-view/1023129244
1497761241,Conerly Donald,MS,Family Practice,I,180578.07,233374.68,5714,462,https://npiregistry.cms.hhs.gov/provider-view/1497761241
1528156981,Ginsberg Frederic,NJ,Cardiology,I,180424.5,239204.37,2600,746,https://npiregistry.cms.hhs.gov/provider-view/1528156981
1881695732,Revision Advanced Surgery Center Inc,OH,Ambulatory Surgical Center,O,177346.07,224324.21,333,172,https://npiregistry.cms.hhs.gov/provider-view/1881695732
1093898546,Lasswell William,FL,Internal Medicine,I,176725.49,223430.99,11204,843,https://npiregistry.cms.hhs.gov/provider-view/1093898546
1356495915,Smaha Paul,GA,Podiatry,I,176491.1,246476.68,2703,714,https://npiregistry.cms.hhs.gov/provider-view/1356495915
1508869579,Uribe Alexander,PA,Vascular Surgery,I,174592.39,225408.74,1352,779,https://npiregistry.cms.hhs.gov/provider-view/1508869579
1225131998,Boone Daniel,GA,Internal Medicine,I,174364.5,227365.38,8130,754,https://npiregistry.cms.hhs.gov/provider-view/1225131998
1023031135,Laitman Bernard,NY,Internal Medicine,I,174198.51,219811.1,2611,319,https://npiregistry.cms.hhs.gov/provider-view/1023031135
1497781793,Harcup Craig,FL,Pulmonary Disease,I,173310.0,228390.36,2937,941,https://npiregistry.cms.hhs.gov/provider-view/1497781793
1467455758,Dowdle John,CT,Orthopedic Surgery,I,173053.42,224629.04,2121,409,https://npiregistry.cms.hhs.gov/provider-view/1467455758
1265520027,Oliver Mark,FL,Neurosurgery,I,171686.1,217048.32,508,234,https://npiregistry.cms.hhs.gov/provider-view/1265520027
1841204625,Hollensbe David,IN,Urology,I,171363.28,237203.07,8858,868,https://npiregistry.cms.hhs.gov/provider-view/1841204625
1659885408,Patel Disha,MI,Nurse Practitioner,I,170931.31,219113.59,4019,280,https://npiregistry.cms.hhs.gov/provider-view/1659885408
1194076539,Choi Songeun,GA,Nurse Practitioner,I,170911.34,221548.64,2543,190,https://npiregistry.cms.hhs.gov/provider-view/1194076539
1043436140,Skiadas Nicholas,FL,Cardiology,I,170893.71,229859.28,3083,1226,https://npiregistry.cms.hhs.gov/provider-view/1043436140
1154382083,Blue Kenneth,LA,Urology,I,170668.73,231439.21,31984,486,https://npiregistry.cms.hhs.gov/provider-view/1154382083
1497969760,Latacha Matthew,NE,Cardiology,I,170651.62,232558.2,3234,921,https://npiregistry.cms.hhs.gov/provider-view/1497969760
1366553810,Sklaroff Herschel,NY,Cardiology,I,169672.97,227515.62,3616,365,https://npiregistry.cms.hhs.gov/provider-view/1366553810
1649375957,Loewy Joseph,CA,Internal Medicine,I,169668.63,228144.2,1777,640,https://npiregistry.cms.hhs.gov/provider-view/1649375957
1932147246,Jimenez Alfredo,TX,Cardiology,I,169651.61,224395.8,1915,389,https://npiregistry.cms.hhs.gov/provider-view/1932147246
1063667541,Schmidt Christopher,FL,Otolaryngology,I,169594.18,218134.51,2384,401,https://npiregistry.cms.hhs.gov/provider-view/1063667541
1194751503,Furda Kelly,MN,Diagnostic Radiology,I,169363.07,183333.97,2635,1064,https://npiregistry.cms.hhs.gov/provider-view/1194751503
1386618882,Skardarasy Charles,MI,Internal Medicine,I,169182.49,205172.65,2331,335,https://npiregistry.cms.hhs.gov/provider-view/1386618882
1942235270,Scranton Stephen,FL,Internal Medicine,I,168605.39,219962.9,5199,170,https://npiregistry.cms.hhs.gov/provider-view/1942235270
1134109564,Smith Brian,MA,Neurology,I,167604.9,221357.28,573,510,https://npiregistry.cms.hhs.gov/provider-view/1134109564
1780658187,Igbanugo Anselm,NJ,Internal Medicine,I,167467.31,222414.43,1592,201,https://npiregistry.cms.hhs.gov/provider-view/1780658187
1649699638,Palmer Angela,NV,Neurosurgery,I,167287.72,213180.33,794,332,https://npiregistry.cms.hhs.gov/provider-view/1649699638
1760410195,Seslar Jon-Paul,CA,Podiatry,I,165990.99,226510.94,2281,692,https://npiregistry.cms.hhs.gov/provider-view/1760410195
1962493338,Heuser Richard,AZ,Interventional Cardiology,I,165949.11,217910.29,1388,410,https://npiregistry.cms.hhs.gov/provider-view/1962493338
1538250162,Christensen Craig,CA,Gastroenterology,I,165431.03,220995.04,2044,315,https://npiregistry.cms.hhs.gov/provider-view/1538250162
1730283573,Cvs Albany Llc,NY,Mass Immunizer Roster Biller,O,164808.44,164808.44,4530,914,https://npiregistry.cms.hhs.gov/provider-view/1730283573
1104830017,Tsiouris Apostolos,NY,Diagnostic Radiology,I,164606.44,212340.82,15778,854,https://npiregistry.cms.hhs.gov/provider-view/1104830017
1780677401,Pamittan Franzuel,FL,Internal Medicine,I,164291.83,224250.24,2434,330,https://npiregistry.cms.hhs.gov/provider-view/1780677401
1063520997,Mccarthy Joseph,MI,Podiatry,I,163339.01,218704.05,3045,322,https://npiregistry.cms.hhs.gov/provider-view/1063520997
1427057348,Amelung Greg,TX,Podiatry,I,162570.83,216476.1,2031,480,https://npiregistry.cms.hhs.gov/provider-view/1427057348
1558353565,Di Filippo John,NJ,Cardiology,I,162512.48,219953.84,2805,953,https://npiregistry.cms.hhs.gov/provider-view/1558353565
1851887863,"Texas Health Surgery Center Irving, Llc",TX,Ambulatory Surgical Center,O,162199.87,204065.06,559,125,https://npiregistry.cms.hhs.gov/provider-view/1851887863
1427155423,Dudley Matthew,AK,Hospitalist,I,161308.2,203560.81,1605,285,https://npiregistry.cms.hhs.gov/provider-view/1427155423
1639351729,Works Stephanie,WA,Family Practice,I,161115.59,206010.43,2057,86,https://npiregistry.cms.hhs.gov/provider-view/1639351729
1881784817,Bonura Frank,NY,Obstetrics & Gynecology,I,161021.93,212732.19,1595,203,https://npiregistry.cms.hhs.gov/provider-view/1881784817
1700974821,Knox Timothy,IL,Family Practice,I,160220.93,194342.14,2186,506,https://npiregistry.cms.hhs.gov/provider-view/1700974821
1942487277,Wapen Yelena,CA,Physician Assistant,I,160026.56,217946.96,2860,357,https://npiregistry.cms.hhs.gov/provider-view/1942487277
1467428490,Joy Mark,WA,Family Practice,I,159955.42,212386.11,2941,441,https://npiregistry.cms.hhs.gov/provider-view/1467428490
1831123686,Trimble Gerald,FL,Interventional Pain Management,I,159484.2,204751.97,1482,157,https://npiregistry.cms.hhs.gov/provider-view/1831123686
1992798466,Galle John,CT,Interventional Cardiology,I,158826.99,213653.68,2017,522,https://npiregistry.cms.hhs.gov/provider-view/1992798466
1770285876,"Total Surgery Center, Llc",FL,Ambulatory Surgical Center,O,158656.77,199232.86,887,287,https://npiregistry.cms.hhs.gov/provider-view/1770285876
1235455619,Imam Syed,IL,Nephrology,I,158597.73,221602.15,1605,608,https://npiregistry.cms.hhs.gov/provider-view/1235455619
1730762345,Davidson Jennifer,NM,Nurse Practitioner,I,157811.4,198604.81,3408,13,https://npiregistry.cms.hhs.gov/provider-view/1730762345
1063415081,Bixler Frank,GA,Internal Medicine,I,157575.0,219517.73,4091,296,https://npiregistry.cms.hhs.gov/provider-view/1063415081
1508800855,Arizona Cvs Stores Llc,AZ,Mass Immunizer Roster Biller,O,157351.07,157351.07,3793,903,https://npiregistry.cms.hhs.gov/provider-view/1508800855
1972598530,Iwuagwu Cletus,OH,Geriatric Medicine,I,157310.37,200926.14,1843,429,https://npiregistry.cms.hhs.gov/provider-view/1972598530
1851392435,Divagno Leonardo,NJ,Cardiology,I,157041.4,221909.1,2618,474,https://npiregistry.cms.hhs.gov/provider-view/1851392435
1063590834,Travis Adam,CA,Psychiatry,I,157037.81,216382.88,1908,171,https://npiregistry.cms.hhs.gov/provider-view/1063590834
1790196350,Lindekugel Andrew,MT,Podiatry,I,156997.27,207439.05,4677,437,https://npiregistry.cms.hhs.gov/provider-view/1790196350
1730334665,Forest Joyce,AZ,Family Practice,I,156038.65,218155.87,3976,576,https://npiregistry.cms.hhs.gov/provider-view/1730334665
1255427175,Orth Roger,FL,Gastroenterology,I,155677.21,192595.78,2486,667,https://npiregistry.cms.hhs.gov/provider-view/1255427175
1972535136,Kelley Christopher,FL,Physician Assistant,I,155515.54,215382.81,1972,324,https://npiregistry.cms.hhs.gov/provider-view/1972535136
1043228893,Buchbinder Charles,FL,Dermatology,I,155294.53,208235.88,3267,364,https://npiregistry.cms.hhs.gov/provider-view/1043228893
1033296207,Aline Peter,CA,Internal Medicine,I,154282.16,209644.08,1389,306,https://npiregistry.cms.hhs.gov/provider-view/1033296207
1578590287,Huffman Frederick,MS,Physical Therapist in Private Practice,I,154144.93,199610.86,8442,155,https://npiregistry.cms.hhs.gov/provider-view/1578590287
1114969813,Natyshok Stephanie,IN,Physician Assistant,I,154080.87,220568.8,4196,891,https://npiregistry.cms.hhs.gov/provider-view/1114969813
1740463983,Marotti Louis,PA,Neurosurgery,I,153688.3,195980.76,838,194,https://npiregistry.cms.hhs.gov/provider-view/1740463983
1871550855,Blake Paul,NC,Nephrology,I,153617.75,189969.82,7219,338,https://npiregistry.cms.hhs.gov/provider-view/1871550855
1275751612,Davis John,CA,Family Practice,I,153606.26,220235.3,51790,629,https://npiregistry.cms.hhs.gov/provider-view/1275751612
1679787055,Kim Charles,MN,Ophthalmology,I,153504.28,200979.41,1116,364,https://npiregistry.cms.hhs.gov/provider-view/1679787055
1932171535,Monetti Henry,NY,Family Practice,I,153459.93,194572.88,3067,401,https://npiregistry.cms.hhs.gov/provider-view/1932171535
1528223765,Lee Michael,NJ,Diagnostic Radiology,I,152828.56,166744.07,4769,2219,https://npiregistry.cms.hhs.gov/provider-view/1528223765
1760456297,Gupta-Bala Santosh,PA,Cardiology,I,152429.6,200694.64,2058,533,https://npiregistry.cms.hhs.gov/provider-view/1760456297
1902974421,Pepple Richard,CA,Internal Medicine,I,152297.01,219233.59,2295,442,https://npiregistry.cms.hhs.gov/provider-view/1902974421
1366500514,Malhotra Vinod,CA,Cardiology,I,151583.28,204045.13,2836,383,https://npiregistry.cms.hhs.gov/provider-view/1366500514
1972539807,Kuchemba Leonard,PA,Internal Medicine,I,151501.68,199648.4,2479,482,https://npiregistry.cms.hhs.gov/provider-view/1972539807
1518956341,Rondino Paul,FL,Cardiology,I,151412.0,202017.7,2405,535,https://npiregistry.cms.hhs.gov/provider-view/1518956341
1861424418,Greenstadt Marc,CA,Internal Medicine,I,151401.33,203545.75,2909,463,https://npiregistry.cms.hhs.gov/provider-view/1861424418
1336140052,Williams Lawrence,GA,Internal Medicine,I,151355.88,198900.39,8358,335,https://npiregistry.cms.hhs.gov/provider-view/1336140052
1891797064,Obaid Nazal,IN,Cardiology,I,151103.03,210126.72,3639,1652,https://npiregistry.cms.hhs.gov/provider-view/1891797064
1013952910,Blackman Mary,CT,Internal Medicine,I,150277.16,196040.77,1865,520,https://npiregistry.cms.hhs.gov/provider-view/1013952910
1710984794,Goodman Ira,IL,Interventional Pain Management,I,150090.47,199815.05,1903,216,https://npiregistry.cms.hhs.gov/provider-view/1710984794
1942308432,Garfield Beach Cvs Llc,CA,Mass Immunizer Roster Biller,O,149895.23,149895.23,4776,821,https://npiregistry.cms.hhs.gov/provider-view/1942308432
1033157060,Gonzalez-Angulo Carlos,TX,Radiation Oncology,I,149753.18,188265.38,3606,70,https://npiregistry.cms.hhs.gov/provider-view/1033157060
1811996887,Mize David,OR,Gastroenterology,I,149548.73,188428.54,1374,705,https://npiregistry.cms.hhs.gov/provider-view/1811996887
1497804405,Sharma Ashok,NJ,Cardiology,I,148838.38,194266.36,1864,199,https://npiregistry.cms.hhs.gov/provider-view/1497804405
1598772931,Ahearn Gregory,AZ,Critical Care (Intensivists),I,147838.03,187117.36,1557,532,https://npiregistry.cms.hhs.gov/provider-view/1598772931
1124341532,Hilliard William,AR,Physical Therapist in Private Practice,I,147806.6,190156.21,8314,158,https://npiregistry.cms.hhs.gov/provider-view/1124341532
1912977661,Gaeddert Wade,KS,Otolaryngology,I,147734.51,196661.62,1646,547,https://npiregistry.cms.hhs.gov/provider-view/1912977661
1639304850,Cvs Pharmacy Inc,NM,Mass Immunizer Roster Biller,O,147719.41,147719.41,3635,743,https://npiregistry.cms.hhs.gov/provider-view/1639304850
1144252735,Certain Marsha,GA,Cardiology,I,147575.89,206015.37,3111,1077,https://npiregistry.cms.hhs.gov/provider-view/1144252735
1114129418,Manawadu Bingumal,WA,Interventional Pain Management,I,147199.08,203603.77,5347,237,https://npiregistry.cms.hhs.gov/provider-view/1114129418
1003996828,Thoene Michael,CA,Dermatology,I,146931.08,199418.63,3492,439,https://npiregistry.cms.hhs.gov/provider-view/1003996828
1174601264,Colburn Michael,CA,Podiatry,I,146282.73,186880.32,2833,411,https://npiregistry.cms.hhs.gov/provider-view/1174601264
1750486031,Sayegh Neil,NY,Urology,I,146140.93,193203.15,13825,282,https://npiregistry.cms.hhs.gov/provider-view/1750486031
1922246594,Lewis Matthew,KY,Family Practice,I,146086.28,182230.45,7176,334,https://npiregistry.cms.hhs.gov/provider-view/1922246594
1508184706,Childs Joseph,MS,Ophthalmology,I,145903.32,201157.88,1323,364,https://npiregistry.cms.hhs.gov/provider-view/1508184706
1205833084,Khouri Amer,WA,Hematology-Oncology,I,145587.97,204649.05,1992,496,https://npiregistry.cms.hhs.gov/provider-view/1205833084
1437104510,Cano David,FL,Ophthalmology,I,145554.75,206033.16,2291,444,https://npiregistry.cms.hhs.gov/provider-view/1437104510
1568516730,White William,GA,Family Practice,I,144494.55,186972.43,2222,409,https://npiregistry.cms.hhs.gov/provider-view/1568516730
1700850542,Mckenzie David,KS,Pathology,I,144158.24,194178.63,4759,1757,https://npiregistry.cms.hhs.gov/provider-view/1700850542
1336193903,Toothaker-Alvarez Joseph,TX,Interventional Pain Management,I,143656.73,187851.27,2336,217,https://npiregistry.cms.hhs.gov/provider-view/1336193903
1356348932,Rhuland Sean,AL,Cardiology,I,143614.92,200571.84,3884,1284,https://npiregistry.cms.hhs.gov/provider-view/1356348932
1235223215,Hope Thomas,NV,Internal Medicine,I,143422.3,215076.61,2922,653,https://npiregistry.cms.hhs.gov/provider-view/1235223215
1174597074,Estupinan Robert,FL,Internal Medicine,I,143349.79,186240.66,1753,394,https://npiregistry.cms.hhs.gov/provider-view/1174597074
1588786370,Miller Jeremy,GA,Pathology,I,143236.88,210093.75,2991,1087,https://npiregistry.cms.hhs.gov/provider-view/1588786370
1093767477,Sahawneh Maher,AL,Pulmonary Disease,I,143087.24,181965.34,2670,498,https://npiregistry.cms.hhs.gov/provider-view/1093767477
1689666265,Furdik Viliam,CA,Pain Management,I,143018.55,182170.86,3543,289,https://npiregistry.cms.hhs.gov/provider-view/1689666265
1831190248,Rose Roberta,FL,Neurology,I,142574.96,188511.24,6681,436,https://npiregistry.cms.hhs.gov/provider-view/1831190248
1497758106,Idicula Joseph,FL,Cardiology,I,142274.23,199454.72,10037,739,https://npiregistry.cms.hhs.gov/provider-view/1497758106
1639186992,Murphy Michael,VA,Hospitalist,I,141907.7,178002.85,1410,649,https://npiregistry.cms.hhs.gov/provider-view/1639186992
1720061526,Kalis John,IL,Dermatology,I,141455.95,198428.55,3526,634,https://npiregistry.cms.hhs.gov/provider-view/1720061526
1205074663,Massoumi Ali,CA,Pulmonary Disease,I,141079.73,189441.21,1146,524,https://npiregistry.cms.hhs.gov/provider-view/1205074663
1285652628,Nelson Kevin,NE,Diagnostic Radiology,I,140928.43,179674.01,3980,2942,https://npiregistry.cms.hhs.gov/provider-view/1285652628
1225034416,La Viola Steven,CA,Cardiology,I,140665.83,192154.69,6054,2950,https://npiregistry.cms.hhs.gov/provider-view/1225034416
1508866922,Salamin Maher,FL,Hospitalist,I,139750.42,176677.43,1679,448,https://npiregistry.cms.hhs.gov/provider-view/1508866922
1326043357,Agyemang Joseph,NY,Internal Medicine,I,139669.87,183012.51,4761,352,https://npiregistry.cms.hhs.gov/provider-view/1326043357
1518068980,Winebrenner Derek,SC,Physician Assistant,I,139241.68,193044.71,5252,890,https://npiregistry.cms.hhs.gov/provider-view/1518068980
1063423382,Steeplechase Diagnostic Center Inc,TX,Independent Diagnostic Testing Facility (IDTF),O,138836.37,181649.99,21427,857,https://npiregistry.cms.hhs.gov/provider-view/1063423382
1417937921,Mavec James,KS,Gastroenterology,I,138665.13,168801.54,4039,469,https://npiregistry.cms.hhs.gov/provider-view/1417937921
1508966516,Jaffe Jamison,PA,Urology,I,138412.59,197028.69,2168,655,https://npiregistry.cms.hhs.gov/provider-view/1508966516
1790883791,Garfield Beach Cvs Llc,CA,Mass Immunizer Roster Biller,O,138334.27,138334.27,3921,695,https://npiregistry.cms.hhs.gov/provider-view/1790883791
1205976107,Bobbett Gordon,SC,Emergency Medicine,I,138128.6,172986.45,5297,1063,https://npiregistry.cms.hhs.gov/provider-view/1205976107
1780696054,Nussey Gary,TX,Family Practice,I,137866.69,182177.14,3169,258,https://npiregistry.cms.hhs.gov/provider-view/1780696054
1184612384,Botros Samia,CA,Internal Medicine,I,137841.32,178825.67,1390,397,https://npiregistry.cms.hhs.gov/provider-view/1184612384
1902019409,Little Stephanie,NC,Nurse Practitioner,I,137751.08,172407.0,2149,266,https://npiregistry.cms.hhs.gov/provider-view/1902019409
1386751725,Fort Bend Imaging Inc,TX,Independent Diagnostic Testing Facility (IDTF),O,137515.06,167558.01,12935,872,https://npiregistry.cms.hhs.gov/provider-view/1386751725
1609974252,Cvs Albany Llc,NY,Mass Immunizer Roster Biller,O,137000.22,137000.22,4377,795,https://npiregistry.cms.hhs.gov/provider-view/1609974252
1801944020,Ghent Robert,WA,Physical Therapist in Private Practice,I,136981.4,179184.61,6875,224,https://npiregistry.cms.hhs.gov/provider-view/1801944020
1396291670,Maina Beatrice,CO,Nurse Practitioner,I,136651.18,170839.79,1786,328,https://npiregistry.cms.hhs.gov/provider-view/1396291670
1740244813,Youkilis Andrew,MO,Neurosurgery,I,136132.02,173249.94,442,147,https://npiregistry.cms.hhs.gov/provider-view/1740244813
1659574747,Brickerson Jerel,MI,Licensed Clinical Social Worker,I,135900.91,172439.73,4407,76,https://npiregistry.cms.hhs.gov/provider-view/1659574747
1659332344,Burnette J,NC,Internal Medicine,I,135679.21,185770.92,6905,599,https://npiregistry.cms.hhs.gov/provider-view/1659332344
1043221054,Gross Robert,TX,Family Practice,I,135652.09,184192.06,3301,342,https://npiregistry.cms.hhs.gov/provider-view/1043221054
1740548718,Imran Muhammad,MD,Emergency Medicine,I,135637.39,191943.92,3897,1726,https://npiregistry.cms.hhs.gov/provider-view/1740548718
1033196407,Al-Khatib Jamal,AZ,Internal Medicine,I,135422.58,184146.61,1967,756,https://npiregistry.cms.hhs.gov/provider-view/1033196407
1033280458,Aiello Michael,NY,Diagnostic Radiology,I,134645.35,176677.45,10572,2102,https://npiregistry.cms.hhs.gov/provider-view/1033280458
1063610806,Penner Conrad,FL,Physical Therapist in Private Practice,I,134144.08,173956.04,5824,298,https://npiregistry.cms.hhs.gov/provider-view/1063610806
1609839182,Dubner Barry,FL,Dermatology,I,134141.56,188961.97,3405,498,https://npiregistry.cms.hhs.gov/provider-view/1609839182
1407884620,Fitzgibbons Robert,CO,Orthopedic Surgery,I,134064.78,181161.82,3463,315,https://npiregistry.cms.hhs.gov/provider-view/1407884620
1356344964,Rowell Diane,VA,Emergency Medicine,I,133943.41,172728.91,2051,670,https://npiregistry.cms.hhs.gov/provider-view/1356344964
1245208719,Sparrow John,TN,Plastic and Reconstructive Surgery,I,133429.51,174564.39,1545,248,https://npiregistry.cms.hhs.gov/provider-view/1245208719
1891743183,Hering Daniel,MS,Physician Assistant,I,133284.55,178134.81,2414,362,https://npiregistry.cms.hhs.gov/provider-view/1891743183
1013088095,Berlin Ross,NJ,Physical Medicine and Rehabilitation,I,133149.09,167117.54,1710,642,https://npiregistry.cms.hhs.gov/provider-view/1013088095
1083742860,Miller David,NJ,Psychiatry,I,132744.46,170485.44,1587,165,https://npiregistry.cms.hhs.gov/provider-view/1083742860
1669576583,"Maryland Cvs Pharmacy, L.L.C.",MD,Mass Immunizer Roster Biller,O,131582.99,131582.99,2457,653,https://npiregistry.cms.hhs.gov/provider-view/1669576583
1316050289,Chough Edward,CA,Family Practice,I,130994.9,164368.96,1544,202,https://npiregistry.cms.hhs.gov/provider-view/1316050289
1912959081,Wolozin Mark,GA,Cardiology,I,130861.99,184229.73,3610,1670,https://npiregistry.cms.hhs.gov/provider-view/1912959081
1952301004,Darakjian Nazareth,CA,Ophthalmology,I,129338.22,168128.28,1462,696,https://npiregistry.cms.hhs.gov/provider-view/1952301004
1437119286,Gupta Sudhir,OK,Cardiology,I,129295.08,184420.53,3442,1299,https://npiregistry.cms.hhs.gov/provider-view/1437119286
1275612277,Holdren Dale,WA,Ophthalmology,I,128138.26,203012.81,2322,844,https://npiregistry.cms.hhs.gov/provider-view/1275612277
1700828589,Longs Drug Stores California Llc,CA,Mass Immunizer Roster Biller,O,128098.02,128098.02,3616,669,https://npiregistry.cms.hhs.gov/provider-view/1700828589
1649382995,Forrest Theodore,KY,Emergency Medicine,I,128039.67,159239.57,1009,887,https://npiregistry.cms.hhs.gov/provider-view/1649382995
1659479111,Virginia Cvs Pharmacy Llc,VA,Mass Immunizer Roster Biller,O,127812.88,127812.88,2224,607,https://npiregistry.cms.hhs.gov/provider-view/1659479111
1669491015,Smith George,TX,Internal Medicine,I,127728.93,176253.62,2879,275,https://npiregistry.cms.hhs.gov/provider-view/1669491015
1386167625,Garfield Beach Cvs Llc,CA,Mass Immunizer Roster Biller,O,127526.73,127526.73,5507,759,https://npiregistry.cms.hhs.gov/provider-view/1386167625
1295799252,Bridges James,MD,Radiation Oncology,I,127012.98,162196.75,778,186,https://npiregistry.cms.hhs.gov/provider-view/1295799252
1972548873,Garfield Beach Cvs Llc,CA,Mass Immunizer Roster Biller,O,126606.78,126606.78,3894,670,https://npiregistry.cms.hhs.gov/provider-view/1972548873
1780688135,Pang Herman,AZ,Vascular Surgery,I,126490.0,160435.92,345,60,https://npiregistry.cms.hhs.gov/provider-view/1780688135
1043383656,Hansen William,NJ,Physician Assistant,I,126078.42,159099.68,1719,510,https://npiregistry.cms.hhs.gov/provider-view/1043383656
1669504494,Sassani Alex,WI,Diagnostic Radiology,I,125810.97,172513.51,7676,2767,https://npiregistry.cms.hhs.gov/provider-view/1669504494
1104866540,Publix Super Markets Inc,FL,Centralized Flu,O,125807.4,125807.4,2320,721,https://npiregistry.cms.hhs.gov/provider-view/1104866540
1225091085,Green Mary,TX,Ophthalmology,I,125691.35,174422.04,1423,574,https://npiregistry.cms.hhs.gov/provider-view/1225091085
1285631812,Barbarevech Christopher,PA,Gastroenterology,I,125503.44,156335.45,969,767,https://npiregistry.cms.hhs.gov/provider-view/1285631812
1144523465,Longs Drug Stores California Llc,HI,Mass Immunizer Roster Biller,O,125231.17,125231.17,2741,713,https://npiregistry.cms.hhs.gov/provider-view/1144523465
1447228317,Miller Ann,PA,Physical Therapist in Private Practice,I,125209.53,159232.92,6608,75,https://npiregistry.cms.hhs.gov/provider-view/1447228317
1326154550,Paullus Wayne,TX,Neurosurgery,I,124755.06,159505.06,1036,195,https://npiregistry.cms.hhs.gov/provider-view/1326154550
1861497117,Stringer Robert,KS,Orthopedic Surgery,I,124138.42,163464.98,1494,403,https://npiregistry.cms.hhs.gov/provider-view/1861497117
1790749711,Romain Michael,TX,Internal Medicine,I,124101.31,153506.11,10011,232,https://npiregistry.cms.hhs.gov/provider-view/1790749711
1497733703,Beville Lee,TN,Diagnostic Radiology,I,123726.81,150475.98,1840,993,https://npiregistry.cms.hhs.gov/provider-view/1497733703
1568406908,Longs Drug Stores California Llc,CA,Mass Immunizer Roster Biller,O,123662.44,123662.44,3847,627,https://npiregistry.cms.hhs.gov/provider-view/1568406908
1013956523,Bender Frank,IL,Physical Medicine and Rehabilitation,I,123637.44,164353.31,1769,501,https://npiregistry.cms.hhs.gov/provider-view/1013956523
1184859480,Dang Binh,CA,Family Practice,I,123495.38,157241.06,1417,764,https://npiregistry.cms.hhs.gov/provider-view/1184859480
1730143637,Thomas Kevin,AZ,Family Practice,I,123181.12,171231.83,2000,488,https://npiregistry.cms.hhs.gov/provider-view/1730143637
1497799761,Szomstein Marcos,FL,Colorectal Surgery (Proctology),I,122908.22,154903.58,565,263,https://npiregistry.cms.hhs.gov/provider-view/1497799761
1548644347,Eby Rachel,CO,"Psychologist, Clinical",I,122902.07,157610.22,1473,188,https://npiregistry.cms.hhs.gov/provider-view/1548644347
1811146988,Gilmore Denis,TN,Thoracic Surgery,I,122475.06,154318.46,525,206,https://npiregistry.cms.hhs.gov/provider-view/1811146988
1982828364,Mauck Benjamin,TN,Hand Surgery,I,122138.33,169154.87,2931,610,https://npiregistry.cms.hhs.gov/provider-view/1982828364
1659578060,Aberle Nicholas,KS,Orthopedic Surgery,I,121700.66,161461.22,5099,360,https://npiregistry.cms.hhs.gov/provider-view/1659578060
1013544832,Chapuis Timothee,AZ,General Surgery,I,121695.29,152918.79,1126,128,https://npiregistry.cms.hhs.gov/provider-view/1013544832
1508856170,Ruiz Antonio,TX,Internal Medicine,I,121580.31,183975.94,2030,548,https://npiregistry.cms.hhs.gov/provider-view/1508856170
1760462964,Wein Mark,MI,Family Practice,I,121437.28,160382.38,6959,290,https://npiregistry.cms.hhs.gov/provider-view/1760462964
1144373986,Farooqui Zulfiqar,AZ,Hospitalist,I,121418.15,153461.39,1389,225,https://npiregistry.cms.hhs.gov/provider-view/1144373986
1417942749,Stahr Benjamin,NC,Pathology,I,121076.15,166533.12,2728,1558,https://npiregistry.cms.hhs.gov/provider-view/1417942749
1871587683,Liu Edward,NJ,Infectious Disease,I,120563.33,153788.97,1540,600,https://npiregistry.cms.hhs.gov/provider-view/1871587683
1265570485,Oneill Richard,MO,Internal Medicine,I,120484.52,156649.07,1664,410,https://npiregistry.cms.hhs.gov/provider-view/1265570485
1831511278,Singh Amandeep,NY,Nurse Practitioner,I,120289.42,152709.0,1633,493,https://npiregistry.cms.hhs.gov/provider-view/1831511278
1972979391,Sono Imaging Inc,CA,Independent Diagnostic Testing Facility (IDTF),O,120219.92,151582.44,944,214,https://npiregistry.cms.hhs.gov/provider-view/1972979391
1164526042,Holiday Cvs Llc,FL,Mass Immunizer Roster Biller,O,120180.79,120180.79,2888,625,https://npiregistry.cms.hhs.gov/provider-view/1164526042
1003815069,Hassaballa Mamdouh,IL,General Practice,I,120111.59,162501.65,1731,198,https://npiregistry.cms.hhs.gov/provider-view/1003815069
1154418176,Lyons Morgan,WV,Cardiology,I,119910.35,169474.28,2232,1288,https://npiregistry.cms.hhs.gov/provider-view/1154418176
1932140423,Publix Super Markets Inc,FL,Centralized Flu,O,119884.46,119884.46,2070,747,https://npiregistry.cms.hhs.gov/provider-view/1932140423
1598838120,Roytman Marina,IL,Optometry,I,119817.13,174594.54,2740,637,https://npiregistry.cms.hhs.gov/provider-view/1598838120
1376663526,Shidal William,IN,Diagnostic Radiology,I,119729.09,156130.78,6629,3829,https://npiregistry.cms.hhs.gov/provider-view/1376663526
1861854945,Chen Ting,MN,Diagnostic Radiology,I,119686.11,152882.81,2939,1675,https://npiregistry.cms.hhs.gov/provider-view/1861854945
1598924839,Hall Nadia,WI,Internal Medicine,I,119650.22,149784.2,1768,291,https://npiregistry.cms.hhs.gov/provider-view/1598924839
1427044999,Waldrip William,AR,Family Practice,I,119584.62,151170.1,3029,401,https://npiregistry.cms.hhs.gov/provider-view/1427044999
1962456327,Burgett Paul,IA,General Surgery,I,119240.31,150993.6,832,370,https://npiregistry.cms.hhs.gov/provider-view/1962456327
1386698041,Sanabria Guillermo,FL,Cardiac Surgery,I,119144.39,150517.18,453,183,https://npiregistry.cms.hhs.gov/provider-view/1386698041
1154388940,Warren Michael,SC,Dermatology,I,119089.7,179251.03,2850,545,https://npiregistry.cms.hhs.gov/provider-view/1154388940
1437194339,Garfield Beach Cvs Llc,CA,Mass Immunizer Roster Biller,O,118838.23,118838.23,2273,603,https://npiregistry.cms.hhs.gov/provider-view/1437194339
1821104605,Skinner William,CA,Internal Medicine,I,118586.45,155592.84,1225,239,https://npiregistry.cms.hhs.gov/provider-view/1821104605
1518634294,"Cvs Manchester Nh, Llc",NH,Mass Immunizer Roster Biller,O,118509.34,118509.34,2120,701,https://npiregistry.cms.hhs.gov/provider-view/1518634294
1083798870,Sokolowski David,NE,Family Practice,I,118402.15,152940.21,6785,253,https://npiregistry.cms.hhs.gov/provider-view/1083798870
1790889772,Holiday Cvs Llc,FL,Mass Immunizer Roster Biller,O,117804.15,117804.15,3396,677,https://npiregistry.cms.hhs.gov/provider-view/1790889772
1891789319,Harris James,TX,Physical Therapist in Private Practice,I,117434.01,155631.07,5842,156,https://npiregistry.cms.hhs.gov/provider-view/1891789319
1821567405,Taylor Gera,AL,Nurse Practitioner,I,117311.34,157587.31,1969,536,https://npiregistry.cms.hhs.gov/provider-view/1821567405
1457423626,Okolo Ngozi Okechukwu,IL,Family Practice,I,116613.08,153300.6,1706,300,https://npiregistry.cms.hhs.gov/provider-view/1457423626
1891742706,Middlebrooks Kenneth,AL,Infectious Disease,I,116548.46,149619.6,1672,351,https://npiregistry.cms.hhs.gov/provider-view/1891742706
1679572747,Johnson Howard,NC,Family Practice,I,116228.67,149843.31,3328,269,https://npiregistry.cms.hhs.gov/provider-view/1679572747
1326318148,Young David,CA,Chiropractic,I,115718.81,164375.32,4221,270,https://npiregistry.cms.hhs.gov/provider-view/1326318148
1295714715,Holtzberg Nathan,NJ,Anesthesiology,I,115649.64,152691.58,1709,367,https://npiregistry.cms.hhs.gov/provider-view/1295714715
1093798522,Morrow James,GA,Family Practice,I,115472.24,145240.44,1809,700,https://npiregistry.cms.hhs.gov/provider-view/1093798522
1720168768,Kusnitz Jonathan,NY,Obstetrics & Gynecology,I,115160.95,143869.68,2585,553,https://npiregistry.cms.hhs.gov/provider-view/1720168768
1023688199,Foye-Aufdenberg Linni,TX,Nurse Practitioner,I,114939.42,136502.31,3266,686,https://npiregistry.cms.hhs.gov/provider-view/1023688199
1487694824,Publix Super Markets Inc,FL,Centralized Flu,O,114574.01,114574.01,1775,634,https://npiregistry.cms.hhs.gov/provider-view/1487694824
1790913986,Cvs Albany Llc,NY,Mass Immunizer Roster Biller,O,114094.62,114094.62,3446,720,https://npiregistry.cms.hhs.gov/provider-view/1790913986
1356366306,Kerrigan James,PA,Neurology,I,114081.3,150293.81,15071,293,https://npiregistry.cms.hhs.gov/provider-view/1356366306
1881002939,Baveja Swati,CA,Pulmonary Disease,I,113934.41,147925.12,1064,288,https://npiregistry.cms.hhs.gov/provider-view/1881002939
1619581436,Thorpe Samuel,VA,Nurse Practitioner,I,113799.37,150085.49,1627,399,https://npiregistry.cms.hhs.gov/provider-view/1619581436
1912944497,Clothiaux Pierre,MO,Orthopedic Surgery,I,113387.18,147308.19,633,256,https://npiregistry.cms.hhs.gov/provider-view/1912944497
1659346112,Rhee Richard,NJ,Neurology,I,113200.46,156422.99,3776,296,https://npiregistry.cms.hhs.gov/provider-view/1659346112
1215905831,Backman John,CA,Cardiology,I,113200.11,153417.2,1445,596,https://npiregistry.cms.hhs.gov/provider-view/1215905831
1306906748,Grohsman Jonathan,PA,Ophthalmology,I,113094.34,153673.0,1288,401,https://npiregistry.cms.hhs.gov/provider-view/1306906748
1407581432,Smith Scott,CO,Nurse Practitioner,I,113045.88,142414.31,1941,156,https://npiregistry.cms.hhs.gov/provider-view/1407581432
1205998754,Lang Roberto,IL,Cardiology,I,113027.48,151983.92,2060,1587,https://npiregistry.cms.hhs.gov/provider-view/1205998754
1770609596,Ihrig Bradley,KY,Family Practice,I,112983.86,142308.86,2180,442,https://npiregistry.cms.hhs.gov/provider-view/1770609596
1679512917,Carroll Ronald,PA,Podiatry,I,112881.97,148046.36,2344,290,https://npiregistry.cms.hhs.gov/provider-view/1679512917
1518068626,Hanson Duane,OK,Chiropractic,I,112797.49,159198.08,5387,208,https://npiregistry.cms.hhs.gov/provider-view/1518068626
1700011962,Cvs Albany Llc,NY,Mass Immunizer Roster Biller,O,112701.25,112701.25,3768,696,https://npiregistry.cms.hhs.gov/provider-view/1700011962
1538223946,Liles James,CA,Psychiatry,I,112584.49,165099.97,1091,356,https://npiregistry.cms.hhs.gov/provider-view/1538223946
1023062569,Wilks Matthew,TN,Physician Assistant,I,112414.73,166818.65,4350,761,https://npiregistry.cms.hhs.gov/provider-view/1023062569
1932853496,Sawtelle Steven,SC,Nurse Practitioner,I,112337.13,149105.9,2148,103,https://npiregistry.cms.hhs.gov/provider-view/1932853496
1073576013,Eiselman Eric,FL,Optometry,I,111972.42,170065.01,2025,799,https://npiregistry.cms.hhs.gov/provider-view/1073576013
1740215318,Padhya Tapan,FL,Otolaryngology,I,111968.01,143179.58,835,358,https://npiregistry.cms.hhs.gov/provider-view/1740215318
1609817576,Garfield Beach Cvs Llc,CA,Mass Immunizer Roster Biller,O,111740.18,111740.18,2346,650,https://npiregistry.cms.hhs.gov/provider-view/1609817576
1245223767,Shepard Alan,IL,Neurology,I,111684.74,156091.25,4853,746,https://npiregistry.cms.hhs.gov/provider-view/1245223767
1083685226,Neeson Francis,CT,Cardiology,I,111443.96,149480.41,3760,1998,https://npiregistry.cms.hhs.gov/provider-view/1083685226
1356540272,Molden Jaime,TX,Clinical Cardiac Electrophysiology,I,111372.56,147094.57,1490,855,https://npiregistry.cms.hhs.gov/provider-view/1356540272
1992759443,Quade Ralph,NY,Orthopedic Surgery,I,111256.55,148554.56,2802,474,https://npiregistry.cms.hhs.gov/provider-view/1992759443
1669410163,Schoepf Uwe,SC,Diagnostic Radiology,I,110610.14,144254.05,8480,1105,https://npiregistry.cms.hhs.gov/provider-view/1669410163
1245246958,Mauriello Paul,MD,Allergy/ Immunology,I,110570.89,148709.98,8439,309,https://npiregistry.cms.hhs.gov/provider-view/1245246958
1962472480,Tekwani Shamlal,MO,Ophthalmology,I,110538.1,147369.7,1382,248,https://npiregistry.cms.hhs.gov/provider-view/1962472480
1336146752,Turk David,WA,Endocrinology,I,110488.96,148861.99,16569,368,https://npiregistry.cms.hhs.gov/provider-view/1336146752
1518034354,"North Coast Endoscopy, Llc",OH,Ambulatory Surgical Center,O,110337.46,132138.19,332,204,https://npiregistry.cms.hhs.gov/provider-view/1518034354
1225109911,Cross William,NC,Emergency Medicine,I,110297.76,143301.09,1212,802,https://npiregistry.cms.hhs.gov/provider-view/1225109911
1053353250,Buck James,KY,Diagnostic Radiology,I,110093.14,138902.93,3860,2648,https://npiregistry.cms.hhs.gov/provider-view/1053353250
1003910779,"Virginia Cvs Pharmacy, L.L.C.",VA,Mass Immunizer Roster Biller,O,109930.09,109930.09,2152,577,https://npiregistry.cms.hhs.gov/provider-view/1003910779
1689214744,Garfield Beach Cvs Llc,CA,Mass Immunizer Roster Biller,O,109698.82,109698.82,4216,584,https://npiregistry.cms.hhs.gov/provider-view/1689214744
1972608586,Distefano Richard,NY,Orthopedic Surgery,I,109691.01,142643.75,934,420,https://npiregistry.cms.hhs.gov/provider-view/1972608586
1194760736,Culp Randall,PA,Hand Surgery,I,109575.84,140939.79,719,337,https://npiregistry.cms.hhs.gov/provider-view/1194760736
1528058047,Rathinasamy Palani,VA,Diagnostic Radiology,I,109552.38,142372.45,6773,3624,https://npiregistry.cms.hhs.gov/provider-view/1528058047
1013451103,Klironomos Georgios,PA,Neurosurgery,I,109400.94,137439.09,456,151,https://npiregistry.cms.hhs.gov/provider-view/1013451103
1003864059,Husted Roger,CA,Ophthalmology,I,109261.21,164339.06,1660,660,https://npiregistry.cms.hhs.gov/provider-view/1003864059
1912239732,Tipple Kelli,IL,Physical Therapist in Private Practice,I,108903.78,140761.84,5082,25,https://npiregistry.cms.hhs.gov/provider-view/1912239732
1871541466,Mobley Alan,TX,Cardiology,I,108397.14,146423.9,2485,156,https://npiregistry.cms.hhs.gov/provider-view/1871541466
1740290402,Nik Abdul Rashid Nik,NV,Pediatric Medicine,I,108331.18,135966.94,57372,14,https://npiregistry.cms.hhs.gov/provider-view/1740290402
1316311863,Genetic Testing Laboratory,CA,Clinical Laboratory,O,108319.13,108319.13,1967,316,https://npiregistry.cms.hhs.gov/provider-view/1316311863
1972546141,Highland Park Cvs Llc,IL,Mass Immunizer Roster Biller,O,108286.37,108286.37,3956,639,https://npiregistry.cms.hhs.gov/provider-view/1972546141
1982643946,Publix Super Markets Inc,GA,Centralized Flu,O,108064.69,108064.69,1982,628,https://npiregistry.cms.hhs.gov/provider-view/1982643946
1518012483,Larsen David,IL,Neurology,I,107846.18,137586.73,14058,49,https://npiregistry.cms.hhs.gov/provider-view/1518012483
1518060367,"Georgia Cvs Pharmacy, L.L.C.",GA,Mass Immunizer Roster Biller,O,107680.94,107680.94,2017,448,https://npiregistry.cms.hhs.gov/provider-view/1518060367
1811170269,Clendennen Kristi,TX,Certified Clinical Nurse Specialist,I,107309.34,145810.17,935,190,https://npiregistry.cms.hhs.gov/provider-view/1811170269
1750383543,Bowlin Steven,MO,Internal Medicine,I,107125.85,138126.97,1502,458,https://npiregistry.cms.hhs.gov/provider-view/1750383543
1265536114,Highland Park Cvs Llc,IL,Mass Immunizer Roster Biller,O,106470.78,106470.78,3071,583,https://npiregistry.cms.hhs.gov/provider-view/1265536114
1649387507,Newton Daniel,OH,Cardiology,I,106359.67,140554.45,2074,897,https://npiregistry.cms.hhs.gov/provider-view/1649387507
1528032356,Nicol Mark,GA,Diagnostic Radiology,I,106112.7,130661.38,4891,3114,https://npiregistry.cms.hhs.gov/provider-view/1528032356
1356334379,Sonty Sriram,IL,Ophthalmology,I,105949.05,154175.72,1964,449,https://npiregistry.cms.hhs.gov/provider-view/1356334379
1780638262,Charms Matthew,CA,Diagnostic Radiology,I,105913.25,169892.43,8792,1142,https://npiregistry.cms.hhs.gov/provider-view/1780638262
1457430670,Matthaey Marian,NY,"Psychologist, Clinical",I,105912.22,137675.23,1160,34,https://npiregistry.cms.hhs.gov/provider-view/1457430670
1912008418,Wiet Stephen,IL,Cardiology,I,105883.24,146666.81,3306,2312,https://npiregistry.cms.hhs.gov/provider-view/1912008418
1134121668,Akbani Sohail,TX,Hematology-Oncology,I,105822.8,141012.34,1519,376,https://npiregistry.cms.hhs.gov/provider-view/1134121668
1407848534,Hooper Doug,TN,Family Practice,I,105588.52,128913.91,4711,341,https://npiregistry.cms.hhs.gov/provider-view/1407848534
1922105410,"Pennsylvania Cvs Pharmacy, L.L.C.",PA,Mass Immunizer Roster Biller,O,105453.4,105453.4,2957,605,https://npiregistry.cms.hhs.gov/provider-view/1922105410
1184669558,Gayomali Nestor,OH,Internal Medicine,I,105442.42,140642.24,1263,135,https://npiregistry.cms.hhs.gov/provider-view/1184669558
1114931110,Turer Aslan,TX,Interventional Cardiology,I,105028.4,139163.27,2328,1534,https://npiregistry.cms.hhs.gov/provider-view/1114931110
1013453307,"Maryland Cvs Pharmacy, L.L.C.",MD,Mass Immunizer Roster Biller,O,104889.14,104889.14,1952,603,https://npiregistry.cms.hhs.gov/provider-view/1013453307
1073144531,Garfield Beach Cvs Llc,CA,Mass Immunizer Roster Biller,O,104868.72,104868.72,1604,423,https://npiregistry.cms.hhs.gov/provider-view/1073144531
1801840186,Cordes Eric,CA,Diagnostic Radiology,I,104790.31,133420.86,4461,2116,https://npiregistry.cms.hhs.gov/provider-view/1801840186
1922151752,Cash Richard,IL,Internal Medicine,I,104665.86,141345.79,1333,544,https://npiregistry.cms.hhs.gov/provider-view/1922151752
1043207657,Potter Christopher,FL,Neurology,I,104633.9,142426.03,1062,573,https://npiregistry.cms.hhs.gov/provider-view/1043207657
1326129271,Basu Shantanu,MA,General Surgery,I,104596.82,131367.95,1377,111,https://npiregistry.cms.hhs.gov/provider-view/1326129271
1811938715,Kansas Cvs Pharmacy Llc,KS,Mass Immunizer Roster Biller,O,104431.16,104431.16,2062,514,https://npiregistry.cms.hhs.gov/provider-view/1811938715
1245367127,Hoffman Kenneth,MA,Diagnostic Radiology,I,104329.7,140329.88,4114,2417,https://npiregistry.cms.hhs.gov/provider-view/1245367127
1265558548,Cremins James,MA,"Psychologist, Clinical",I,104282.16,134781.98,1457,133,https://npiregistry.cms.hhs.gov/provider-view/1265558548
1578883013,Johnson Anna,WA,"Psychologist, Clinical",I,104170.6,130141.14,1326,71,https://npiregistry.cms.hhs.gov/provider-view/1578883013
1124046636,Thompson Steven,MN,Family Practice,I,103815.91,113683.73,6591,952,https://npiregistry.cms.hhs.gov/provider-view/1124046636
1568431146,Krol Thomas,CA,Gastroenterology,I,103591.34,136252.63,843,424,https://npiregistry.cms.hhs.gov/provider-view/1568431146
1487613089,Wood Richard,OK,Pulmonary Disease,I,103477.29,131075.16,3552,1407,https://npiregistry.cms.hhs.gov/provider-view/1487613089
1912235490,Dariano Erin,FL,Family Practice,I,103418.27,141744.16,9543,656,https://npiregistry.cms.hhs.gov/provider-view/1912235490
1124133863,Davis Scott,CA,Family Practice,I,103264.78,150562.97,1469,517,https://npiregistry.cms.hhs.gov/provider-view/1124133863
1114181302,Hamid Fadi,MO,Gastroenterology,I,103122.98,126640.84,981,556,https://npiregistry.cms.hhs.gov/provider-view/1114181302
1538497300,Rosebrock Richard,GA,Diagnostic Radiology,I,103092.29,138177.38,3255,2376,https://npiregistry.cms.hhs.gov/provider-view/1538497300
1023112794,Cvs Albany Llc,NY,Mass Immunizer Roster Biller,O,103018.85,103018.85,2869,554,https://npiregistry.cms.hhs.gov/provider-view/1023112794
1114927878,Mruk Donald,MA,Family Practice,I,102987.92,133614.77,2126,363,https://npiregistry.cms.hhs.gov/provider-view/1114927878
1366532269,Daniel Charles,AZ,Internal Medicine,I,102985.9,129585.53,1224,403,https://npiregistry.cms.hhs.gov/provider-view/1366532269
1760963631,Cvs Albany Llc,NY,Mass Immunizer Roster Biller,O,102964.22,102964.22,1699,533,https://npiregistry.cms.hhs.gov/provider-view/1760963631
1790758712,Malik Jacek,MD,Neurosurgery,I,102483.51,131847.0,467,170,https://npiregistry.cms.hhs.gov/provider-view/1790758712
1871552042,Algan Ozer,OK,Radiation Oncology,I,102361.41,128237.68,1345,144,https://npiregistry.cms.hhs.gov/provider-view/1871552042
1275572604,Mohan Jagan,IL,Neurology,I,101951.75,129646.84,1093,251,https://npiregistry.cms.hhs.gov/provider-view/1275572604
1538106869,Connell Robert,GA,"Psychologist, Clinical",I,101818.53,129173.44,1424,126,https://npiregistry.cms.hhs.gov/provider-view/1538106869
1073616538,"Cvs Albany, Llc",NY,Mass Immunizer Roster Biller,O,101742.65,101742.65,3339,560,https://npiregistry.cms.hhs.gov/provider-view/1073616538
1689765992,Almiron Sylvester,NY,Internal Medicine,I,101433.14,131859.2,1283,87,https://npiregistry.cms.hhs.gov/provider-view/1689765992
1255443198,"Woodward Detroit Cvs, L.L.C.",MI,Mass Immunizer Roster Biller,O,101378.28,101378.28,2507,509,https://npiregistry.cms.hhs.gov/provider-view/1255443198
1235244674,Lind Robert,NJ,Endocrinology,I,101323.56,141559.8,1486,511,https://npiregistry.cms.hhs.gov/provider-view/1235244674
1457395899,Longs Drug Stores California Llc,CA,Mass Immunizer Roster Biller,O,101164.86,101164.86,1907,513,https://npiregistry.cms.hhs.gov/provider-view/1457395899
1346246659,Splendoria Arthur,FL,Family Practice,I,100931.65,148736.53,2010,669,https://npiregistry.cms.hhs.gov/provider-view/1346246659
1003850835,Longs Drug Stores California Llc,CA,Mass Immunizer Roster Biller,O,100872.41,100872.41,2169,556,https://npiregistry.cms.hhs.gov/provider-view/1003850835
1164975579,"Bioreference Health, Llc",TX,Clinical Laboratory,O,100796.03,100937.05,3935,3886,https://npiregistry.cms.hhs.gov/provider-view/1164975579
1922188184,Farnese Joseph,NJ,Internal Medicine,I,100758.75,142324.12,1373,206,https://npiregistry.cms.hhs.gov/provider-view/1922188184
1871023002,Njenga Joshua,MO,Nurse Practitioner,I,100473.39,127991.37,1094,170,https://npiregistry.cms.hhs.gov/provider-view/1871023002
1730196379,Rapkin Robert,PA,Geriatric Psychiatry,I,99910.71,130028.42,1166,95,https://npiregistry.cms.hhs.gov/provider-view/1730196379
1821149832,Cherne Russell,CO,Physician Assistant,I,99806.57,134130.53,1668,180,https://npiregistry.cms.hhs.gov/provider-view/1821149832
1639176530,Simchak Anthony,IN,Neurology,I,99053.2,136791.04,3719,404,https://npiregistry.cms.hhs.gov/provider-view/1639176530
1013977446,Dougherty Bert,NV,Pathology,I,98985.85,126961.67,3588,1344,https://npiregistry.cms.hhs.gov/provider-view/1013977446
1255339057,Zickafoose David,PA,Internal Medicine,I,98513.27,130676.65,1596,70,https://npiregistry.cms.hhs.gov/provider-view/1255339057
1801842240,Rimando Jose,GA,Internal Medicine,I,98236.97,135813.33,1540,351,https://npiregistry.cms.hhs.gov/provider-view/1801842240
1033165386,Barkin Douglas,NY,Orthopedic Surgery,I,97972.24,134593.3,1265,373,https://npiregistry.cms.hhs.gov/provider-view/1033165386
1326146911,Spivey Oscar,TN,Urology,I,97950.67,130912.58,1344,425,https://npiregistry.cms.hhs.gov/provider-view/1326146911
1982694170,Banker Nitesh,TX,Interventional Radiology,I,97843.42,126173.29,3616,2536,https://npiregistry.cms.hhs.gov/provider-view/1982694170
1952326530,Hedrick Lisa,IA,Physician Assistant,I,97794.76,145108.38,4460,1419,https://npiregistry.cms.hhs.gov/provider-view/1952326530
1003915471,Cvs Pharmacy Inc,MA,Mass Immunizer Roster Biller,O,97709.47,97709.47,2067,525,https://npiregistry.cms.hhs.gov/provider-view/1003915471
1942272109,Gregoire James,FL,Nephrology,I,97382.53,127182.79,724,255,https://npiregistry.cms.hhs.gov/provider-view/1942272109
1861512006,Mcmanus Jimmy,TX,Psychiatry,I,97260.71,126928.06,738,509,https://npiregistry.cms.hhs.gov/provider-view/1861512006
1497042386,Davis Cortlandt,GA,Podiatry,I,97166.5,123173.46,2033,752,https://npiregistry.cms.hhs.gov/provider-view/1497042386
1700864634,Schwarz Edward,OR,Internal Medicine,I,97074.43,121326.37,2871,389,https://npiregistry.cms.hhs.gov/provider-view/1700864634
1578549721,Stubbs Maria,TN,Internal Medicine,I,96766.9,125698.99,2353,328,https://npiregistry.cms.hhs.gov/provider-view/1578549721
1417026055,Shaffrey Mark,VA,Neurosurgery,I,96756.58,121231.01,264,107,https://npiregistry.cms.hhs.gov/provider-view/1417026055
1134262751,Grimes Craig,MN,Diagnostic Radiology,I,96580.58,135712.61,8294,1955,https://npiregistry.cms.hhs.gov/provider-view/1134262751
1316141997,Moulton Darrell,TX,Orthopedic Surgery,I,96530.48,124649.32,1389,208,https://npiregistry.cms.hhs.gov/provider-view/1316141997
1902900855,"Highland Park Cvs, L.L.C.",IL,Mass Immunizer Roster Biller,O,96276.12,96276.12,2559,568,https://npiregistry.cms.hhs.gov/provider-view/1902900855
1174932321,Snead Justin,KS,Physical Therapist in Private Practice,I,96029.22,125365.8,4391,62,https://npiregistry.cms.hhs.gov/provider-view/1174932321
1811048291,Repishti Maltin,CA,Internal Medicine,I,95933.54,120512.7,1031,416,https://npiregistry.cms.hhs.gov/provider-view/1811048291
1841267143,Lopez-Mendez Ada,FL,Rheumatology,I,95867.41,122995.93,10302,62,https://npiregistry.cms.hhs.gov/provider-view/1841267143
1285739854,Pacheco Nestor,TX,Podiatry,I,95856.18,130869.47,1419,498,https://npiregistry.cms.hhs.gov/provider-view/1285739854
1336148956,Clarke Jeffrey,WA,Diagnostic Radiology,I,95832.17,130355.18,5273,2157,https://npiregistry.cms.hhs.gov/provider-view/1336148956
1821097650,Knapic Michael,OH,Orthopedic Surgery,I,95633.45,124834.8,1941,262,https://npiregistry.cms.hhs.gov/provider-view/1821097650
1396831269,Hytros Michal,IL,Family Practice,I,95540.6,130652.78,3155,79,https://npiregistry.cms.hhs.gov/provider-view/1396831269
1366546285,Holiday Cvs Llc,FL,Mass Immunizer Roster Biller,O,95402.68,95402.68,2036,549,https://npiregistry.cms.hhs.gov/provider-view/1366546285
1346443579,Ziomek John,CA,Podiatry,I,95324.61,131879.62,2298,576,https://npiregistry.cms.hhs.gov/provider-view/1346443579
1437156197,Montgomery Charles,MS,Medical Oncology,I,95276.22,124927.81,949,487,https://npiregistry.cms.hhs.gov/provider-view/1437156197
1710966957,Bellin Harvey,PA,Pathology,I,95274.71,121789.5,1610,210,https://npiregistry.cms.hhs.gov/provider-view/1710966957
1164408647,Naai Valerie,NV,Nurse Practitioner,I,95247.42,95259.86,1186,456,https://npiregistry.cms.hhs.gov/provider-view/1164408647
1457361446,Kaye Howard,CA,Rheumatology,I,95148.6,131548.75,4174,278,https://npiregistry.cms.hhs.gov/provider-view/1457361446
1740203777,Yacoubian Vahe,CA,Cardiac Surgery,I,94877.89,119568.3,894,49,https://npiregistry.cms.hhs.gov/provider-view/1740203777
1396701157,Broderick William,IN,Chiropractic,I,94876.23,134514.22,3738,187,https://npiregistry.cms.hhs.gov/provider-view/1396701157
1629067400,Stark Mark,FL,Gastroenterology,I,94854.34,118123.02,472,270,https://npiregistry.cms.hhs.gov/provider-view/1629067400
1093728511,Milano Mary,IL,Pathology,I,94817.71,126164.25,3460,1184,https://npiregistry.cms.hhs.gov/provider-view/1093728511
1932197423,Oberdoerster Mark,MI,Internal Medicine,I,94767.49,142839.4,4417,599,https://npiregistry.cms.hhs.gov/provider-view/1932197423
1770789471,Osman Marvin,CA,Psychiatry,I,94751.45,118923.94,1028,15,https://npiregistry.cms.hhs.gov/provider-view/1770789471
1194782912,Baradi Hani,OK,Colorectal Surgery (Proctology),I,94361.47,122710.85,433,257,https://npiregistry.cms.hhs.gov/provider-view/1194782912
1073619268,Jones Richard,IN,Physician Assistant,I,94352.43,125377.69,3981,286,https://npiregistry.cms.hhs.gov/provider-view/1073619268
1568451086,Panton Robert,IL,Ophthalmology,I,94245.32,140314.44,1639,722,https://npiregistry.cms.hhs.gov/provider-view/1568451086
1073679593,"Woodward Detroit Cvs, L.L.C.",MI,Mass Immunizer Roster Biller,O,94219.68,94219.68,2149,459,https://npiregistry.cms.hhs.gov/provider-view/1073679593
1700933017,Weiss Terry,KY,Family Practice,I,94102.61,115789.08,1224,293,https://npiregistry.cms.hhs.gov/provider-view/1700933017
1437146008,Smeraldi Alessandro,PA,Cardiology,I,94051.82,124165.05,2330,1489,https://npiregistry.cms.hhs.gov/provider-view/1437146008
1700888997,Mendoza Douglas,LA,Interventional Cardiology,I,93863.99,127735.73,2320,1059,https://npiregistry.cms.hhs.gov/provider-view/1700888997
1164429346,Fichera Jeffrey,FL,Physician Assistant,I,93821.76,131188.07,1838,717,https://npiregistry.cms.hhs.gov/provider-view/1164429346
1518128941,Tangsuan Kanokporn,NY,Family Practice,I,93805.15,118786.71,907,179,https://npiregistry.cms.hhs.gov/provider-view/1518128941
1225086747,Holen Gordon,TN,Orthopedic Surgery,I,93763.51,119840.71,623,219,https://npiregistry.cms.hhs.gov/provider-view/1225086747
1548408669,Black Andrew,OR,Podiatry,I,93714.42,130908.97,2008,435,https://npiregistry.cms.hhs.gov/provider-view/1548408669
1770685299,Dietz James,CA,Podiatry,I,93599.85,130001.37,1491,436,https://npiregistry.cms.hhs.gov/provider-view/1770685299
1740223585,Longs Drug Stores California Llc,CA,Mass Immunizer Roster Biller,O,93532.9,93532.9,1720,493,https://npiregistry.cms.hhs.gov/provider-view/1740223585
1558336891,Farrar Michael,MO,Cardiology,I,93531.87,134177.23,2629,1438,https://npiregistry.cms.hhs.gov/provider-view/1558336891
1033146634,Clark Justin,CO,Diagnostic Radiology,I,93305.49,107878.25,3520,1859,https://npiregistry.cms.hhs.gov/provider-view/1033146634
1811084551,Shafer Jeffery,IL,Emergency Medicine,I,93158.33,116569.29,726,637,https://npiregistry.cms.hhs.gov/provider-view/1811084551
1659306595,Barnett Richard,NY,Nephrology,I,93148.88,116920.34,894,261,https://npiregistry.cms.hhs.gov/provider-view/1659306595
1174753404,Oklahoma Cvs Pharmacy Llc,OK,Mass Immunizer Roster Biller,O,93085.98,93085.98,1962,494,https://npiregistry.cms.hhs.gov/provider-view/1174753404
1013919976,Daddono Anthony,IL,Allergy/ Immunology,I,92973.62,131078.87,6547,303,https://npiregistry.cms.hhs.gov/provider-view/1013919976
1295780617,Mazur Holly,MA,Internal Medicine,I,92858.45,115110.29,3157,298,https://npiregistry.cms.hhs.gov/provider-view/1295780617
1639109101,Joseph Boban,CA,Ophthalmology,I,92852.51,138295.24,2034,304,https://npiregistry.cms.hhs.gov/provider-view/1639109101
1720625296,Southwell Ambulatory Inc,GA,Ambulatory Surgical Center,O,92576.37,111193.63,310,212,https://npiregistry.cms.hhs.gov/provider-view/1720625296
1013565597,District Of Columbia Cvs Pharmacy Llc,DC,Mass Immunizer Roster Biller,O,92552.77,92552.77,1420,448,https://npiregistry.cms.hhs.gov/provider-view/1013565597
1164472239,Goldberg Andrew,FL,Pain Management,I,92148.81,117783.53,1063,191,https://npiregistry.cms.hhs.gov/provider-view/1164472239
1265401822,St Clair Stephen,MA,Urology,I,92053.48,131173.41,1887,798,https://npiregistry.cms.hhs.gov/provider-view/1265401822
1972534709,Briar Tamberly,FL,Nurse Practitioner,I,91959.32,134295.06,2692,598,https://npiregistry.cms.hhs.gov/provider-view/1972534709
1679508881,Behniwal Mandeep,CA,Psychiatry,I,91922.07,124023.97,966,173,https://npiregistry.cms.hhs.gov/provider-view/1679508881
1174645436,Skeete Kshamata,NC,Orthopedic Surgery,I,91906.48,121619.77,1180,291,https://npiregistry.cms.hhs.gov/provider-view/1174645436
1922078278,Chadderdon Abie,IA,Optometry,I,91858.21,131539.23,2162,276,https://npiregistry.cms.hhs.gov/provider-view/1922078278
1912911165,Salley Lawton,SC,Otolaryngology,I,91772.22,124523.31,3435,450,https://npiregistry.cms.hhs.gov/provider-view/1912911165
1548257637,Gollar Kelly,IN,Nurse Practitioner,I,91752.86,119754.82,2797,1051,https://npiregistry.cms.hhs.gov/provider-view/1548257637
1447348495,Zier Bennett,CA,Geriatric Medicine,I,91580.61,116246.71,965,163,https://npiregistry.cms.hhs.gov/provider-view/1447348495
1477656205,Ohio Cvs Stores Llc,OH,Mass Immunizer Roster Biller,O,91571.09,91571.09,2285,533,https://npiregistry.cms.hhs.gov/provider-view/1477656205
1205933538,Harman Haeley,WV,Family Practice,I,91507.22,118628.56,1626,251,https://npiregistry.cms.hhs.gov/provider-view/1205933538
1750912226,Garfield Beach Cvs Llc,CA,Mass Immunizer Roster Biller,O,91340.16,91340.16,1874,533,https://npiregistry.cms.hhs.gov/provider-view/1750912226
1346240074,Switzer Sara,FL,Internal Medicine,I,91337.88,122941.95,1491,518,https://npiregistry.cms.hhs.gov/provider-view/1346240074
1447287230,Prater Davida,OH,Nurse Practitioner,I,91319.75,116500.54,4670,313,https://npiregistry.cms.hhs.gov/provider-view/1447287230
1952360406,Yunis Nidal,AL,Cardiology,I,91173.34,141120.92,1600,404,https://npiregistry.cms.hhs.gov/provider-view/1952360406
1801845268,Birnbaum Jack,WA,Endocrinology,I,91124.64,132557.83,5837,376,https://npiregistry.cms.hhs.gov/provider-view/1801845268
1316047749,Cvs Pharmacy Inc,MA,Mass Immunizer Roster Biller,O,90834.97,90834.97,2084,509,https://npiregistry.cms.hhs.gov/provider-view/1316047749
1093256505,Cvs Pharmacy Inc,TX,Mass Immunizer Roster Biller,O,90685.09,90685.09,2508,580,https://npiregistry.cms.hhs.gov/provider-view/1093256505
1164122453,Sharp Jessica,NC,Nurse Practitioner,I,90472.12,112606.37,1434,201,https://npiregistry.cms.hhs.gov/provider-view/1164122453
1750469318,Sghiatti Vincent,CA,Family Practice,I,90465.4,121337.41,2334,74,https://npiregistry.cms.hhs.gov/provider-view/1750469318
1548232440,Myers William,MO,Family Practice,I,90355.45,138328.96,3155,301,https://npiregistry.cms.hhs.gov/provider-view/1548232440
1780764746,Chu Alan,NY,Diagnostic Radiology,I,90322.53,118067.43,3583,1886,https://npiregistry.cms.hhs.gov/provider-view/1780764746
1043869340,Longs Drug Stores California Llc,HI,Mass Immunizer Roster Biller,O,90289.85,90289.85,3933,517,https://npiregistry.cms.hhs.gov/provider-view/1043869340
1487758371,"German Dobson Cvs, L.L.C.",AZ,Mass Immunizer Roster Biller,O,90253.02,90253.02,1672,521,https://npiregistry.cms.hhs.gov/provider-view/1487758371
1659363679,Fazekas Edward,FL,Podiatry,I,90252.33,125746.06,1518,244,https://npiregistry.cms.hhs.gov/provider-view/1659363679
1134199771,Turton William,IN,Hospitalist,I,90082.54,115714.3,1163,528,https://npiregistry.cms.hhs.gov/provider-view/1134199771
1073568952,Patri Ramesh,AZ,Vascular Surgery,I,89925.25,114495.72,997,261,https://npiregistry.cms.hhs.gov/provider-view/1073568952
1033161138,Karmpaliotis Dimitrios,NJ,Interventional Cardiology,I,89795.2,113308.13,686,179,https://npiregistry.cms.hhs.gov/provider-view/1033161138
1467482083,Scherer David,TX,Cardiology,I,89710.74,135299.85,2120,762,https://npiregistry.cms.hhs.gov/provider-view/1467482083
1205872579,Weinberg Robert,MD,Ophthalmology,I,89547.09,126843.91,1170,589,https://npiregistry.cms.hhs.gov/provider-view/1205872579
1659472629,Delgadillo David,CA,Physician Assistant,I,89222.44,129295.06,2489,784,https://npiregistry.cms.hhs.gov/provider-view/1659472629
1891734760,Publix Super Markets Inc,FL,Centralized Flu,O,89147.53,89147.53,2054,505,https://npiregistry.cms.hhs.gov/provider-view/1891734760
1104862325,Englander Brian,PA,Diagnostic Radiology,I,89109.82,100965.98,4197,2724,https://npiregistry.cms.hhs.gov/provider-view/1104862325
1841231339,Publix Super Markets Inc,FL,Centralized Flu,O,89098.67,89098.67,1661,552,https://npiregistry.cms.hhs.gov/provider-view/1841231339
1316928419,Schueler Jr Arthur,FL,Family Practice,I,89028.92,131027.48,1479,277,https://npiregistry.cms.hhs.gov/provider-view/1316928419
1205831492,Jumpa Teri,NC,Physician Assistant,I,89000.31,117539.69,1982,305,https://npiregistry.cms.hhs.gov/provider-view/1205831492
1992747711,Longs Drug Stores California Llc,CA,Mass Immunizer Roster Biller,O,88990.86,88990.86,2035,470,https://npiregistry.cms.hhs.gov/provider-view/1992747711
1770043960,Stone Roy,CA,Emergency Medicine,I,88733.35,120106.9,1082,711,https://npiregistry.cms.hhs.gov/provider-view/1770043960
1659383701,Anthes Tara,ID,Diagnostic Radiology,I,88696.03,96389.89,2778,1368,https://npiregistry.cms.hhs.gov/provider-view/1659383701
1255567251,Williams Jonathan,MS,Orthopedic Surgery,I,88569.26,112302.47,657,206,https://npiregistry.cms.hhs.gov/provider-view/1255567251
1912982679,Hayn Ernesto,FL,Plastic and Reconstructive Surgery,I,88540.89,112034.98,337,104,https://npiregistry.cms.hhs.gov/provider-view/1912982679
1881681765,Scannell Neil,MA,Internal Medicine,I,88506.64,111083.84,1035,177,https://npiregistry.cms.hhs.gov/provider-view/1881681765
1871605816,"Garfield Beach Cvs, L.L.C.",CA,Mass Immunizer Roster Biller,O,88431.88,88431.88,2025,496,https://npiregistry.cms.hhs.gov/provider-view/1871605816
1871568865,Shromoff Paul,SC,Podiatry,I,88131.5,118865.26,1775,525,https://npiregistry.cms.hhs.gov/provider-view/1871568865
1467493957,Nayar Romesh,NJ,Ophthalmology,I,88076.16,130592.8,1462,311,https://npiregistry.cms.hhs.gov/provider-view/1467493957
1144319625,Zwisohn Andrea,NJ,Physical Therapist in Private Practice,I,87882.36,112089.6,4228,99,https://npiregistry.cms.hhs.gov/provider-view/1144319625
1093792699,Morse James,NY,Optometry,I,87880.1,126718.7,2655,238,https://npiregistry.cms.hhs.gov/provider-view/1093792699
1356532907,Huffman William,AR,Physical Therapist in Private Practice,I,87726.65,116336.94,5088,161,https://npiregistry.cms.hhs.gov/provider-view/1356532907
1306931068,Graham David,MI,Cardiology,I,87698.94,120665.63,2475,415,https://npiregistry.cms.hhs.gov/provider-view/1306931068
1194743237,Frank Lawrence,CA,Nephrology,I,87461.0,114662.1,409,68,https://npiregistry.cms.hhs.gov/provider-view/1194743237
1831105394,Swanson Neil,MT,Dermatology,I,87401.54,116013.86,430,138,https://npiregistry.cms.hhs.gov/provider-view/1831105394
1245439033,Demello Dominic,MA,Rheumatology,I,87362.03,122005.12,3410,470,https://npiregistry.cms.hhs.gov/provider-view/1245439033
1760424402,Burns Douglas,WA,Physical Medicine and Rehabilitation,I,87341.59,114649.84,1105,353,https://npiregistry.cms.hhs.gov/provider-view/1760424402
1962401042,Goetowski Paul,SC,Radiation Oncology,I,87288.86,109961.84,1341,157,https://npiregistry.cms.hhs.gov/provider-view/1962401042
1780690826,Rao Sudhir,MI,Orthopedic Surgery,I,87259.56,114501.58,1777,220,https://npiregistry.cms.hhs.gov/provider-view/1780690826
1891893319,Gonzalez-Sepulveda Jose,FL,Internal Medicine,I,87036.54,107342.46,1534,305,https://npiregistry.cms.hhs.gov/provider-view/1891893319
1275893299,Adhikari Prajesh,AZ,Pathology,I,86926.84,112481.03,1922,1002,https://npiregistry.cms.hhs.gov/provider-view/1275893299
1063405702,Tuer William,FL,Allergy/ Immunology,I,86813.29,114245.83,3462,262,https://npiregistry.cms.hhs.gov/provider-view/1063405702
1891066775,"Garfield Beach Cvs, L.L.C.",CA,Mass Immunizer Roster Biller,O,86688.36,86688.36,1891,454,https://npiregistry.cms.hhs.gov/provider-view/1891066775
1821504069,Highland Park Cvs Llc,IL,Mass Immunizer Roster Biller,O,86686.42,86686.42,1851,442,https://npiregistry.cms.hhs.gov/provider-view/1821504069
1568722056,Hillesheim Angela,FL,Nurse Practitioner,I,86615.88,107505.29,1480,117,https://npiregistry.cms.hhs.gov/provider-view/1568722056
1508861402,Behringer Melissa,AL,Family Practice,I,86264.93,108307.93,2443,136,https://npiregistry.cms.hhs.gov/provider-view/1508861402
1245328681,Diri Erdal,ND,Rheumatology,I,86007.71,117270.79,1907,485,https://npiregistry.cms.hhs.gov/provider-view/1245328681
1336166875,Krauss Stuart,IL,Hematology-Oncology,I,86007.53,117172.44,1055,200,https://npiregistry.cms.hhs.gov/provider-view/1336166875
1649374505,Holiday Cvs Llc,FL,Mass Immunizer Roster Biller,O,85985.38,85985.38,2191,434,https://npiregistry.cms.hhs.gov/provider-view/1649374505
1255561593,Villa Anthony,IL,Nurse Practitioner,I,85871.86,108063.1,1483,285,https://npiregistry.cms.hhs.gov/provider-view/1255561593
1891707840,Botros Sherif,NC,Otolaryngology,I,85847.02,124918.66,1351,777,https://npiregistry.cms.hhs.gov/provider-view/1891707840
1396894903,Bui Tu,MD,Family Practice,I,85793.02,116246.67,1974,261,https://npiregistry.cms.hhs.gov/provider-view/1396894903
1952339764,Aydt Sarah,MO,Internal Medicine,I,85644.31,109135.5,5926,3539,https://npiregistry.cms.hhs.gov/provider-view/1952339764
1205298361,Kumar Sandeep,NJ,Internal Medicine,I,85496.76,106836.06,967,379,https://npiregistry.cms.hhs.gov/provider-view/1205298361
1790736601,Williams Kimberly,IL,Family Practice,I,85490.79,113803.34,942,228,https://npiregistry.cms.hhs.gov/provider-view/1790736601
1104906601,Greenberg Karen,TX,Nurse Practitioner,I,85436.17,116485.93,802,172,https://npiregistry.cms.hhs.gov/provider-view/1104906601
1730676461,"Cvs Pharmacy, Inc.",TX,Mass Immunizer Roster Biller,O,85311.24,85311.24,1781,455,https://npiregistry.cms.hhs.gov/provider-view/1730676461
1548252935,Greenberg Alan,NY,Podiatry,I,85287.14,116745.89,1444,281,https://npiregistry.cms.hhs.gov/provider-view/1548252935
1396747622,Khaski Albert,NY,Internal Medicine,I,84985.09,109445.96,962,148,https://npiregistry.cms.hhs.gov/provider-view/1396747622
1013908433,Wythe Evan,CA,Emergency Medicine,I,84967.89,110824.01,655,574,https://npiregistry.cms.hhs.gov/provider-view/1013908433
1013999234,Kupar George,PA,Podiatry,I,84813.38,112775.39,3916,687,https://npiregistry.cms.hhs.gov/provider-view/1013999234
1861474124,Guiney Timothy,MA,Cardiology,I,84689.45,115147.97,1128,387,https://npiregistry.cms.hhs.gov/provider-view/1861474124
1376526822,Andrews John,NV,Sleep Medicine,I,84625.22,109396.08,439,304,https://npiregistry.cms.hhs.gov/provider-view/1376526822
1518949718,Haines David,MI,Cardiology,I,84585.98,108872.44,871,359,https://npiregistry.cms.hhs.gov/provider-view/1518949718
1700839792,Radford Maurice,NC,Nephrology,I,84574.32,106547.18,2875,260,https://npiregistry.cms.hhs.gov/provider-view/1700839792
1093881054,Ware Donald,CA,Cardiology,I,84561.5,113845.05,859,64,https://npiregistry.cms.hhs.gov/provider-view/1093881054
1831202274,Sciortino William,MO,Ophthalmology,I,84334.02,125068.72,1101,535,https://npiregistry.cms.hhs.gov/provider-view/1831202274
1205965126,Weatherhogg Katie,CO,Physical Medicine and Rehabilitation,I,84149.0,107685.88,7776,162,https://npiregistry.cms.hhs.gov/provider-view/1205965126
1013950344,Longs Drug Stores California Llc,CA,Mass Immunizer Roster Biller,O,84069.62,84069.62,3070,555,https://npiregistry.cms.hhs.gov/provider-view/1013950344
1710091509,Haves Bradley,FL,Podiatry,I,84060.79,105719.67,1501,392,https://npiregistry.cms.hhs.gov/provider-view/1710091509
1487657383,Kornetsky Kenneth,VA,Nephrology,I,84008.86,107431.25,804,351,https://npiregistry.cms.hhs.gov/provider-view/1487657383
1831331347,Singer Justin,MI,Neurosurgery,I,83792.2,105727.48,333,118,https://npiregistry.cms.hhs.gov/provider-view/1831331347
1447358114,Warner Andrew,MA,Gastroenterology,I,83740.03,97982.38,805,445,https://npiregistry.cms.hhs.gov/provider-view/1447358114
1730101668,Sreenivas Nanjappa,TX,Psychiatry,I,83734.15,113584.03,1090,173,https://npiregistry.cms.hhs.gov/provider-view/1730101668
1053942789,Hester Marcia,IA,Nurse Practitioner,I,83713.05,111060.07,1675,173,https://npiregistry.cms.hhs.gov/provider-view/1053942789
1215935507,Kassam Mohamed,GA,Family Practice,I,83670.98,114486.33,2739,198,https://npiregistry.cms.hhs.gov/provider-view/1215935507
1629070412,Adams Laurence,CO,Neurology,I,83521.85,110607.59,3715,51,https://npiregistry.cms.hhs.gov/provider-view/1629070412
1689781445,Davis Joseph,CA,General Surgery,I,83405.73,106144.81,617,245,https://npiregistry.cms.hhs.gov/provider-view/1689781445
1568668812,Rice John,NC,Physician Assistant,I,83349.39,99484.72,1172,74,https://npiregistry.cms.hhs.gov/provider-view/1568668812
1225106933,Donham Michael,AL,Family Practice,I,83234.71,109681.89,2278,233,https://npiregistry.cms.hhs.gov/provider-view/1225106933
1710047709,Tabrizchi Ali,MD,Interventional Cardiology,I,83229.62,136833.91,1211,427,https://npiregistry.cms.hhs.gov/provider-view/1710047709
1205082922,Amin Sejal,NY,Diagnostic Radiology,I,83209.77,97620.81,1247,342,https://npiregistry.cms.hhs.gov/provider-view/1205082922
1841348455,Whelan Meg,NC,Allergy/ Immunology,I,82958.0,108575.52,5350,111,https://npiregistry.cms.hhs.gov/provider-view/1841348455
1962805754,Muto Hitomi,FL,Occupational Therapist in Private Practice,I,82910.67,106167.68,4473,47,https://npiregistry.cms.hhs.gov/provider-view/1962805754
1720045909,Marchand Arturo,GA,Diagnostic Radiology,I,82847.46,101707.23,4019,2519,https://npiregistry.cms.hhs.gov/provider-view/1720045909
1144287749,Newman P,NY,Orthopedic Surgery,I,82797.33,108353.3,1130,303,https://npiregistry.cms.hhs.gov/provider-view/1144287749
1457574717,Longs Drug Stores California Llc,CA,Mass Immunizer Roster Biller,O,82726.12,82726.12,1852,458,https://npiregistry.cms.hhs.gov/provider-view/1457574717
1326595042,Grant Amber,KS,Nurse Practitioner,I,82719.94,97333.34,1569,369,https://npiregistry.cms.hhs.gov/provider-view/1326595042
1801090568,Mcallister Susan,MS,Family Practice,I,82582.88,119267.21,3515,403,https://npiregistry.cms.hhs.gov/provider-view/1801090568
1457396111,Johansson Jonas,PA,Anesthesiology,I,82501.75,103350.41,338,228,https://npiregistry.cms.hhs.gov/provider-view/1457396111
1780849430,Sharp Christopher,TN,Anesthesiology,I,82424.11,105208.35,2422,507,https://npiregistry.cms.hhs.gov/provider-view/1780849430
1417095340,Martin William,GA,Internal Medicine,I,82389.99,110293.31,2437,195,https://npiregistry.cms.hhs.gov/provider-view/1417095340
1457325177,Heavner Paul,MD,Optometry,I,82269.77,135465.53,1280,946,https://npiregistry.cms.hhs.gov/provider-view/1457325177
1437724093,Garfield Beach Cvs Llc,CA,Mass Immunizer Roster Biller,O,82219.21,82219.21,2454,458,https://npiregistry.cms.hhs.gov/provider-view/1437724093
1104003573,Stingl Daniel,FL,Ophthalmology,I,82196.99,122793.57,1048,304,https://npiregistry.cms.hhs.gov/provider-view/1104003573
1922232412,Schiller James,PA,Physical Therapist in Private Practice,I,82032.89,103105.47,3893,44,https://npiregistry.cms.hhs.gov/provider-view/1922232412
1225125818,Infinity Mri & Diagnostics Center Pearland Ii Lp,TX,Independent Diagnostic Testing Facility (IDTF),O,81923.76,107939.6,11024,492,https://npiregistry.cms.hhs.gov/provider-view/1225125818
1700825759,Publix Super Markets Inc,FL,Centralized Flu,O,81902.06,81902.06,1898,437,https://npiregistry.cms.hhs.gov/provider-view/1700825759
1386689388,Garfield Beach Cvs Llc,CA,Mass Immunizer Roster Biller,O,81870.67,81870.67,2365,494,https://npiregistry.cms.hhs.gov/provider-view/1386689388
1730792185,Wright Charlotte,NV,Nurse Practitioner,I,81781.94,108886.65,9915,696,https://npiregistry.cms.hhs.gov/provider-view/1730792185
1922006535,Mansour Alfred,LA,Interventional Radiology,I,81742.7,111463.72,4342,2901,https://npiregistry.cms.hhs.gov/provider-view/1922006535
1356685135,Shaw Heather,NC,Physician Assistant,I,81741.26,97009.9,1340,498,https://npiregistry.cms.hhs.gov/provider-view/1356685135
1790715365,Paramo Juan,FL,Hematology-Oncology,I,81738.52,107206.78,544,265,https://npiregistry.cms.hhs.gov/provider-view/1790715365
1629358064,Nebraska Cvs Pharmacy Llc,NE,Mass Immunizer Roster Biller,O,81725.75,81725.75,2183,430,https://npiregistry.cms.hhs.gov/provider-view/1629358064
1942212279,Harris Michael,CA,Endocrinology,I,81542.87,112422.78,1515,336,https://npiregistry.cms.hhs.gov/provider-view/1942212279
1124087135,Starodub Alexander,OH,Hematology-Oncology,I,81515.07,106080.11,917,219,https://npiregistry.cms.hhs.gov/provider-view/1124087135
1487644001,Daday Joseph,PA,Family Practice,I,81466.2,108777.9,975,377,https://npiregistry.cms.hhs.gov/provider-view/1487644001
1639273485,Pennsylvania Cvs Pharmacy L.L.C.,PA,Mass Immunizer Roster Biller,O,81446.79,81446.79,1687,408,https://npiregistry.cms.hhs.gov/provider-view/1639273485
1407802283,Sutton George,AL,Family Practice,I,81385.39,103079.01,1107,257,https://npiregistry.cms.hhs.gov/provider-view/1407802283
1306365689,Payton Wiera,OH,Nurse Practitioner,I,81356.33,102108.06,1306,203,https://npiregistry.cms.hhs.gov/provider-view/1306365689
1639193055,Bergmann Julie,CA,Physical Therapist in Private Practice,I,81353.37,105268.55,3501,95,https://npiregistry.cms.hhs.gov/provider-view/1639193055
1497385967,Cvs Albany Llc,NY,Mass Immunizer Roster Biller,O,81321.48,81321.48,1412,380,https://npiregistry.cms.hhs.gov/provider-view/1497385967
1477551109,Mcleod Wayne,AZ,Nurse Practitioner,I,81279.01,102323.31,388,65,https://npiregistry.cms.hhs.gov/provider-view/1477551109
1285975557,Garfield Beach Cvs Llc,CA,Mass Immunizer Roster Biller,O,81137.38,81137.38,2385,512,https://npiregistry.cms.hhs.gov/provider-view/1285975557
1235298357,Podwal Mark,NY,Dermatology,I,81118.79,112350.43,1128,395,https://npiregistry.cms.hhs.gov/provider-view/1235298357
1639118912,Beckes John,CA,Internal Medicine,I,81041.88,101988.94,803,154,https://npiregistry.cms.hhs.gov/provider-view/1639118912
1669563920,Bryant Damita,TN,Physical Medicine and Rehabilitation,I,81014.26,105366.76,13328,97,https://npiregistry.cms.hhs.gov/provider-view/1669563920
1902886310,Lokitus Mark,FL,Psychiatry,I,80986.08,105805.6,956,94,https://npiregistry.cms.hhs.gov/provider-view/1902886310
1740390012,Sadiq Syed,MD,Internal Medicine,I,80662.43,111860.38,1483,169,https://npiregistry.cms.hhs.gov/provider-view/1740390012
1710968755,Tozzi Shirly,MA,Internal Medicine,I,80591.63,99782.98,817,307,https://npiregistry.cms.hhs.gov/provider-view/1710968755
1013943877,Kestenberg William,MI,General Surgery,I,80265.74,113704.73,806,470,https://npiregistry.cms.hhs.gov/provider-view/1013943877
1316099195,Meadors Marshall,SC,Family Practice,I,80227.09,113004.61,3444,451,https://npiregistry.cms.hhs.gov/provider-view/1316099195
1831259340,Cannon Anthony,NJ,Endocrinology,I,80200.62,110378.2,995,290,https://npiregistry.cms.hhs.gov/provider-view/1831259340
1417443284,Maute Tucker,FL,Emergency Medicine,I,80187.07,103588.1,945,562,https://npiregistry.cms.hhs.gov/provider-view/1417443284
1902909369,Maryland Cvs Pharmacy Llc,MD,Mass Immunizer Roster Biller,O,80154.1,80154.1,1264,385,https://npiregistry.cms.hhs.gov/provider-view/1902909369
1528331881,"Bioreference Health, Llc",MD,Clinical Laboratory,O,80043.61,83381.79,2709,2498,https://npiregistry.cms.hhs.gov/provider-view/1528331881
1013959824,Longs Drug Stores California Llc,CA,Mass Immunizer Roster Biller,O,79982.67,79982.67,2144,465,https://npiregistry.cms.hhs.gov/provider-view/1013959824
1487321246,Longs Drug Stores California Llc,HI,Mass Immunizer Roster Biller,O,79887.66,79887.66,2214,422,https://npiregistry.cms.hhs.gov/provider-view/1487321246
1457339251,Tummillo Doris,SC,Internal Medicine,I,79741.96,107368.35,1113,555,https://npiregistry.cms.hhs.gov/provider-view/1457339251
1679657449,Nguyen James,CA,Podiatry,I,79647.82,107112.29,1119,156,https://npiregistry.cms.hhs.gov/provider-view/1679657449
1063566529,Mackay Alexander,WA,Neurosurgery,I,79546.46,100996.0,333,81,https://npiregistry.cms.hhs.gov/provider-view/1063566529
1912006222,Cvs 2948 Henderson Llc,NV,Mass Immunizer Roster Biller,O,79473.32,79473.32,1698,457,https://npiregistry.cms.hhs.gov/provider-view/1912006222
1265536932,"Virginia Cvs Pharmacy, L.L.C.",VA,Mass Immunizer Roster Biller,O,79432.45,79432.45,1365,377,https://npiregistry.cms.hhs.gov/provider-view/1265536932
1184629396,Truskin Glenn,PA,Podiatry,I,79324.45,106760.74,1324,135,https://npiregistry.cms.hhs.gov/provider-view/1184629396
1356342281,Herrbold Francis,GA,Cardiology,I,79157.37,99839.88,219,112,https://npiregistry.cms.hhs.gov/provider-view/1356342281
1720169162,Schwartzberg Bernard,NY,"Psychologist, Clinical",I,79002.54,100190.82,625,18,https://npiregistry.cms.hhs.gov/provider-view/1720169162
1770800757,Saligram Uma,TX,Neurology,I,78744.88,105333.44,1816,240,https://npiregistry.cms.hhs.gov/provider-view/1770800757
1063618031,"Garfield Beach Cvs, L.L.C.",CA,Mass Immunizer Roster Biller,O,78730.99,78730.99,2048,432,https://npiregistry.cms.hhs.gov/provider-view/1063618031
1801885918,Gibney Mary,MA,Dermatology,I,78680.03,114024.75,1373,675,https://npiregistry.cms.hhs.gov/provider-view/1801885918
1205858776,Fry Luther,KS,Ophthalmology,I,78617.96,108531.59,587,320,https://npiregistry.cms.hhs.gov/provider-view/1205858776
1932425063,Togawa Cynthia,CT,Internal Medicine,I,78443.67,96138.13,1036,213,https://npiregistry.cms.hhs.gov/provider-view/1932425063
1457455313,Holiday Cvs Llc,FL,Mass Immunizer Roster Biller,O,78442.73,78442.73,1870,470,https://npiregistry.cms.hhs.gov/provider-view/1457455313
1902896640,Rooney George,KY,Optometry,I,78183.69,116413.1,1320,523,https://npiregistry.cms.hhs.gov/provider-view/1902896640
1730283698,Holiday Cvs Llc,FL,Mass Immunizer Roster Biller,O,78077.68,78077.68,2472,486,https://npiregistry.cms.hhs.gov/provider-view/1730283698
1386758282,Austin William,NC,Gastroenterology,I,77817.02,99065.49,2701,182,https://npiregistry.cms.hhs.gov/provider-view/1386758282
1053067199,Tawiah Pius,NJ,Physical Therapist in Private Practice,I,77794.68,99347.08,3152,46,https://npiregistry.cms.hhs.gov/provider-view/1053067199
1740251016,Tanner Charles,LA,Urology,I,77674.14,103850.76,10663,326,https://npiregistry.cms.hhs.gov/provider-view/1740251016
1205889938,Rauck Richard,NC,Anesthesiology,I,77569.71,97138.66,1036,155,https://npiregistry.cms.hhs.gov/provider-view/1205889938
1528072121,Katz Howard,NY,Orthopedic Surgery,I,77366.71,98358.94,521,161,https://npiregistry.cms.hhs.gov/provider-view/1528072121
1083141485,Highland Park Cvs Llc,IL,Mass Immunizer Roster Biller,O,77327.22,77327.22,2134,447,https://npiregistry.cms.hhs.gov/provider-view/1083141485
1538166236,Marmo Frank,IL,Diagnostic Radiology,I,77310.76,103761.92,3885,1223,https://npiregistry.cms.hhs.gov/provider-view/1538166236
1861455065,Mckee David,MN,Neurology,I,77212.39,99789.92,709,201,https://npiregistry.cms.hhs.gov/provider-view/1861455065
1679884704,Shorten Scott,MO,Sleep Medicine,I,77077.86,105128.43,2285,411,https://npiregistry.cms.hhs.gov/provider-view/1679884704
1154072932,Maryland Cvs Pharmacy Llc,MD,Mass Immunizer Roster Biller,O,77025.8,77025.8,1382,366,https://npiregistry.cms.hhs.gov/provider-view/1154072932
1578566840,Crutchfield Charles,MN,Dermatology,I,76980.13,105908.84,1332,220,https://npiregistry.cms.hhs.gov/provider-view/1578566840
1568405306,Longs Drug Stores California Llc,CA,Mass Immunizer Roster Biller,O,76966.57,76966.57,1866,429,https://npiregistry.cms.hhs.gov/provider-view/1568405306
1912287145,Midlothian Apothecary Watkins Centre Inc,VA,Mass Immunizer Roster Biller,O,76963.47,76963.47,1117,416,https://npiregistry.cms.hhs.gov/provider-view/1912287145
1386633485,Cox Carter,LA,General Practice,I,76962.0,123644.58,1864,474,https://npiregistry.cms.hhs.gov/provider-view/1386633485
1053356055,Simmons Terry,KS,Family Practice,I,76887.86,100113.48,1277,309,https://npiregistry.cms.hhs.gov/provider-view/1053356055
1013928258,Keleher Michael,OH,Diagnostic Radiology,I,76757.82,96600.1,2122,1611,https://npiregistry.cms.hhs.gov/provider-view/1013928258
1093769465,Hirata Kirk,HI,Pathology,I,76745.54,99544.73,2022,631,https://npiregistry.cms.hhs.gov/provider-view/1093769465
1952412157,Mitrevski Predrag,CA,Internal Medicine,I,76705.88,112975.58,1360,368,https://npiregistry.cms.hhs.gov/provider-view/1952412157
1619192515,Bernstein Michael,NJ,Emergency Medicine,I,76683.91,95913.07,721,621,https://npiregistry.cms.hhs.gov/provider-view/1619192515
1568470904,Bucci Michael,SC,Neurosurgery,I,76603.15,98745.0,434,252,https://npiregistry.cms.hhs.gov/provider-view/1568470904
1821071267,Boler Michael,MS,Internal Medicine,I,76557.62,145087.74,2978,726,https://npiregistry.cms.hhs.gov/provider-view/1821071267
1164401055,Bukberg Philip,NY,Endocrinology,I,76543.98,100720.15,858,295,https://npiregistry.cms.hhs.gov/provider-view/1164401055
1447227830,Lay Kristopher,AL,Otolaryngology,I,76304.0,106713.52,1283,409,https://npiregistry.cms.hhs.gov/provider-view/1447227830
1003868654,Lintner Scott,IN,Orthopedic Surgery,I,76293.32,102201.3,1101,206,https://npiregistry.cms.hhs.gov/provider-view/1003868654
1598703449,Bright David,MD,Internal Medicine,I,76130.64,98725.36,917,333,https://npiregistry.cms.hhs.gov/provider-view/1598703449
1477556009,Martens Willi,TX,Family Practice,I,75961.95,97866.21,1027,212,https://npiregistry.cms.hhs.gov/provider-view/1477556009
1245348655,Kassels Michael,CA,Internal Medicine,I,75924.12,110445.48,962,176,https://npiregistry.cms.hhs.gov/provider-view/1245348655
1063641884,Beeson Clinton,OK,Emergency Medicine,I,75885.71,98434.44,2404,487,https://npiregistry.cms.hhs.gov/provider-view/1063641884
1447210893,Skibinski Bernard,VA,Physical Therapist in Private Practice,I,75745.26,98832.75,3297,68,https://npiregistry.cms.hhs.gov/provider-view/1447210893
1497794259,Willis Edward,MS,Otolaryngology,I,75735.23,103835.53,746,327,https://npiregistry.cms.hhs.gov/provider-view/1497794259
1336177740,Chernofsky Bruce,NY,Diagnostic Radiology,I,75712.88,101328.65,1813,1182,https://npiregistry.cms.hhs.gov/provider-view/1336177740
1487658746,Bruno Joseph,MI,Family Practice,I,75670.95,104848.96,1216,178,https://npiregistry.cms.hhs.gov/provider-view/1487658746
1184818932,Wetterer Natalia,FL,General Practice,I,75654.96,104202.83,1391,184,https://npiregistry.cms.hhs.gov/provider-view/1184818932
1790911436,"Highland Park Cvs, L.L.C.",IL,Mass Immunizer Roster Biller,O,75527.89,75527.89,1880,395,https://npiregistry.cms.hhs.gov/provider-view/1790911436
1588608137,Rhoton Charles,IN,Psychiatry,I,75451.21,108355.08,934,187,https://npiregistry.cms.hhs.gov/provider-view/1588608137
1134101785,Cherpak Richard,FL,Gastroenterology,I,75445.31,96163.76,773,404,https://npiregistry.cms.hhs.gov/provider-view/1134101785
1033199336,Pundy Andrew,IL,Psychiatry,I,75303.63,99610.05,1330,162,https://npiregistry.cms.hhs.gov/provider-view/1033199336
1376283481,"Maryland Cvs Pharmacy, L.L.C.",MD,Mass Immunizer Roster Biller,O,75292.0,75292.0,1090,422,https://npiregistry.cms.hhs.gov/provider-view/1376283481
1093787509,Roberson William,GA,Orthopedic Surgery,I,75205.95,100765.61,1294,270,https://npiregistry.cms.hhs.gov/provider-view/1093787509
1245333764,Virginia Cvs Pharmacy Llc,VA,Mass Immunizer Roster Biller,O,75187.84,75187.84,1915,456,https://npiregistry.cms.hhs.gov/provider-view/1245333764
1588757116,Tobey David,TX,Otolaryngology,I,74911.4,103571.37,1198,411,https://npiregistry.cms.hhs.gov/provider-view/1588757116
1568439172,Gold Rammy,WV,Neurosurgery,I,74686.83,95880.19,557,100,https://npiregistry.cms.hhs.gov/provider-view/1568439172
1518216597,Leonard Margaret,NV,Nurse Practitioner,I,74670.11,94169.39,1405,373,https://npiregistry.cms.hhs.gov/provider-view/1518216597
1386674703,Hamilton Thomas,KY,Family Practice,I,74451.58,102478.03,1507,306,https://npiregistry.cms.hhs.gov/provider-view/1386674703
1053308403,Gossar Richard,PA,Certified Registered Nurse Anesthetist (CRNA),I,74412.14,88776.51,776,749,https://npiregistry.cms.hhs.gov/provider-view/1053308403
1558442822,Kottinger Karen,NV,Physical Therapist in Private Practice,I,74329.97,96745.82,3840,106,https://npiregistry.cms.hhs.gov/provider-view/1558442822
1487932653,Korody Robert,NY,Physical Therapist in Private Practice,I,74203.48,93586.58,3558,55,https://npiregistry.cms.hhs.gov/provider-view/1487932653
1487835237,Case Graham,OR,Diagnostic Radiology,I,73961.46,110347.26,4644,2234,https://npiregistry.cms.hhs.gov/provider-view/1487835237
1790889541,Cvs Albany Llc,NY,Mass Immunizer Roster Biller,O,73955.38,73955.38,1670,419,https://npiregistry.cms.hhs.gov/provider-view/1790889541
1881217560,Cvs Pharmacy Inc,TX,Mass Immunizer Roster Biller,O,73921.34,73921.34,1627,386,https://npiregistry.cms.hhs.gov/provider-view/1881217560
1922018753,Postoak Darren,FL,Interventional Radiology,I,73861.27,94271.52,960,348,https://npiregistry.cms.hhs.gov/provider-view/1922018753
1154363349,Highland Park Cvs Llc,IL,Mass Immunizer Roster Biller,O,73787.78,73787.78,1501,363,https://npiregistry.cms.hhs.gov/provider-view/1154363349
1629007158,Liebenthal John,OH,Podiatry,I,73512.01,104847.17,1695,407,https://npiregistry.cms.hhs.gov/provider-view/1629007158
1801873435,Alvarez Alejandro,IL,Family Practice,I,73418.14,98883.35,1264,363,https://npiregistry.cms.hhs.gov/provider-view/1801873435
1295788669,Baldeck Mark,OK,Diagnostic Radiology,I,73395.07,95204.61,1713,1134,https://npiregistry.cms.hhs.gov/provider-view/1295788669
1255340527,Buckner David,TN,Internal Medicine,I,73348.51,92730.09,839,216,https://npiregistry.cms.hhs.gov/provider-view/1255340527
1750672028,Highland Park Cvs Llc,IL,Mass Immunizer Roster Biller,O,73227.12,73227.12,1564,367,https://npiregistry.cms.hhs.gov/provider-view/1750672028
1316203169,Davalos Eric,FL,Diagnostic Radiology,I,73145.19,93278.76,1710,1233,https://npiregistry.cms.hhs.gov/provider-view/1316203169
1790174191,Sarker Moumita,VA,Infectious Disease,I,73024.63,93548.39,958,300,https://npiregistry.cms.hhs.gov/provider-view/1790174191
1972602399,Mccarthy John,MA,Internal Medicine,I,73008.14,104865.96,1142,934,https://npiregistry.cms.hhs.gov/provider-view/1972602399
1699781757,Barnett Christopher,MI,Physical Therapist in Private Practice,I,72852.13,93893.14,3868,78,https://npiregistry.cms.hhs.gov/provider-view/1699781757
1972591014,Chordia Prakash,NY,Psychiatry,I,72840.72,95022.81,1472,426,https://npiregistry.cms.hhs.gov/provider-view/1972591014
1609851849,English Darrell,TX,Family Practice,I,72836.85,79891.35,4838,802,https://npiregistry.cms.hhs.gov/provider-view/1609851849
1922093962,Pinder Thomas,DC,Cardiology,I,72768.74,105948.61,1438,387,https://npiregistry.cms.hhs.gov/provider-view/1922093962
1528060316,Holling Karl,WA,Ophthalmology,I,72761.1,114651.58,1007,550,https://npiregistry.cms.hhs.gov/provider-view/1528060316
1881607877,Rawot Bonnie,TX,Infectious Disease,I,72760.9,91507.36,1514,149,https://npiregistry.cms.hhs.gov/provider-view/1881607877
1629154240,Kelly Anthony,CA,Physician Assistant,I,72462.62,106249.73,1412,212,https://npiregistry.cms.hhs.gov/provider-view/1629154240
1821018706,Ansohn John,TX,Family Practice,I,72279.78,91189.26,3655,130,https://npiregistry.cms.hhs.gov/provider-view/1821018706
1669542023,Durham Hugh,GA,Infectious Disease,I,72170.14,92647.22,1151,109,https://npiregistry.cms.hhs.gov/provider-view/1669542023
1245233667,Call David,AL,Internal Medicine,I,72128.25,101468.9,1542,341,https://npiregistry.cms.hhs.gov/provider-view/1245233667
1467583500,Rifino Joseph,NY,Physical Therapist in Private Practice,I,72076.78,92455.59,3215,99,https://npiregistry.cms.hhs.gov/provider-view/1467583500
1649385303,Knight Febie,SC,Physical Therapist in Private Practice,I,72056.71,94129.18,3727,89,https://npiregistry.cms.hhs.gov/provider-view/1649385303
1194854091,Driscoll Ian,GA,General Surgery,I,72041.11,90735.03,1008,51,https://npiregistry.cms.hhs.gov/provider-view/1194854091
1124196548,Revankar Varsha,MI,Internal Medicine,I,72005.32,91683.08,1203,260,https://npiregistry.cms.hhs.gov/provider-view/1124196548
1891729430,Cook Albert,GA,Neurology,I,71941.99,95360.82,5943,257,https://npiregistry.cms.hhs.gov/provider-view/1891729430
1083718910,"Georgia Cvs Pharmacy, L.L.C.",GA,Mass Immunizer Roster Biller,O,71828.36,71828.36,1758,398,https://npiregistry.cms.hhs.gov/provider-view/1083718910
1093832974,Garcia Jose,FL,Family Practice,I,71809.16,95168.08,5051,285,https://npiregistry.cms.hhs.gov/provider-view/1093832974
1376934026,Longs Drug Stores California Llc,HI,Mass Immunizer Roster Biller,O,71732.01,71732.01,2555,347,https://npiregistry.cms.hhs.gov/provider-view/1376934026
1225216096,Harker Dustin,KS,Neurology,I,71726.85,100944.52,3333,465,https://npiregistry.cms.hhs.gov/provider-view/1225216096
1891081808,Belanger Gabriel,ME,Urology,I,71665.42,92400.4,702,267,https://npiregistry.cms.hhs.gov/provider-view/1891081808
1578667416,"Highland Park Cvs, L.L.C.",IL,Mass Immunizer Roster Biller,O,71627.26,71627.26,1767,352,https://npiregistry.cms.hhs.gov/provider-view/1578667416
1720002967,Gorman James,NJ,Ophthalmology,I,71538.74,99286.25,720,191,https://npiregistry.cms.hhs.gov/provider-view/1720002967
1144236332,Ebling David,NY,Radiation Oncology,I,71501.28,93009.81,884,193,https://npiregistry.cms.hhs.gov/provider-view/1144236332
1013426949,Racine Hometown Pharmacy Llc,WI,Mass Immunizer Roster Biller,O,71498.71,71498.71,1120,328,https://npiregistry.cms.hhs.gov/provider-view/1013426949
1356453914,Patel Bipin,GA,Neurology,I,71420.36,96827.39,857,337,https://npiregistry.cms.hhs.gov/provider-view/1356453914
1225077217,Dye Robert,MA,Cardiology,I,71322.86,91142.16,737,84,https://npiregistry.cms.hhs.gov/provider-view/1225077217
1275540726,Taylor Charles,GA,Family Practice,I,71302.52,92634.67,1638,256,https://npiregistry.cms.hhs.gov/provider-view/1275540726
1306841424,Strickland William,TN,Neurology,I,71149.95,95719.25,815,329,https://npiregistry.cms.hhs.gov/provider-view/1306841424
1346293214,Pieters Philip,VA,Internal Medicine,I,71115.51,89716.65,934,274,https://npiregistry.cms.hhs.gov/provider-view/1346293214
1831170083,Pathak Sanjay,MA,Diagnostic Radiology,I,71069.98,81756.2,2340,1417,https://npiregistry.cms.hhs.gov/provider-view/1831170083
1487627246,Valenzuela David,NM,Family Practice,I,71045.69,96776.4,1454,111,https://npiregistry.cms.hhs.gov/provider-view/1487627246
1568489854,Wal-Mart Stores East Lp,MD,Mass Immunizer Roster Biller,O,71034.31,71034.31,1681,428,https://npiregistry.cms.hhs.gov/provider-view/1568489854
1720009194,Ferrara Neil,NY,Gastroenterology,I,70973.3,91837.24,442,273,https://npiregistry.cms.hhs.gov/provider-view/1720009194
1811942907,Hood Stefan,TX,Emergency Medicine,I,70963.03,91321.31,896,531,https://npiregistry.cms.hhs.gov/provider-view/1811942907
1457357733,Aronow Michael,CT,Orthopedic Surgery,I,70719.59,92346.3,1262,205,https://npiregistry.cms.hhs.gov/provider-view/1457357733
1033213913,Holiday Cvs Llc,FL,Mass Immunizer Roster Biller,O,70607.33,70607.33,2492,437,https://npiregistry.cms.hhs.gov/provider-view/1033213913
1477597789,Hy-Vee Inc,NE,Mass Immunizer Roster Biller,O,70511.46,70511.46,1280,367,https://npiregistry.cms.hhs.gov/provider-view/1477597789
1023597374,"Garfield Beach Cvs, L.L.C.",CA,Mass Immunizer Roster Biller,O,70501.89,70501.89,1637,355,https://npiregistry.cms.hhs.gov/provider-view/1023597374
1588762181,Gonzales Joel,CO,Orthopedic Surgery,I,70377.78,92867.82,3621,215,https://npiregistry.cms.hhs.gov/provider-view/1588762181
1952344541,Califf James,NC,Orthopedic Surgery,I,70299.95,93078.66,928,247,https://npiregistry.cms.hhs.gov/provider-view/1952344541
1275637159,Holiday Cvs Llc,FL,Mass Immunizer Roster Biller,O,70247.97,70247.97,1548,380,https://npiregistry.cms.hhs.gov/provider-view/1275637159
1134233836,Simmons Jerry,TX,Family Practice,I,70159.77,100337.25,1924,427,https://npiregistry.cms.hhs.gov/provider-view/1134233836
1013011840,Oklahoma Cvs Pharmacy Llc,OK,Mass Immunizer Roster Biller,O,70028.31,70028.31,1457,388,https://npiregistry.cms.hhs.gov/provider-view/1013011840
1326142225,"Connecticut Cvs Pharmacy, L.L.C.",CT,Mass Immunizer Roster Biller,O,70014.8,70014.8,1317,382,https://npiregistry.cms.hhs.gov/provider-view/1326142225
1841266236,Earnest Russell,DE,Certified Registered Nurse Anesthetist (CRNA),I,69925.72,87268.45,309,308,https://npiregistry.cms.hhs.gov/provider-view/1841266236
1427092279,Ipm Surgery Centers Llc,CA,Ambulatory Surgical Center,O,69924.44,90570.61,241,106,https://npiregistry.cms.hhs.gov/provider-view/1427092279
1275568313,Kobrin Sidney,PA,Nephrology,I,69919.99,92434.74,346,113,https://npiregistry.cms.hhs.gov/provider-view/1275568313
1568401610,Cochran Daniel,VA,Family Practice,I,69772.63,96805.76,1523,417,https://npiregistry.cms.hhs.gov/provider-view/1568401610
1467556944,Haluka Lance,GA,Optometry,I,69767.19,101952.39,1182,618,https://npiregistry.cms.hhs.gov/provider-view/1467556944
1275190993,Gudis Polyxeni,MA,Hospitalist,I,69704.62,87721.79,1025,331,https://npiregistry.cms.hhs.gov/provider-view/1275190993
1760463376,Lamptey-Mills Ishmael,GA,Hospitalist,I,69672.24,88136.69,932,366,https://npiregistry.cms.hhs.gov/provider-view/1760463376
1457666315,Ugwu Chukwuma,WI,Internal Medicine,I,69659.51,88885.71,1008,339,https://npiregistry.cms.hhs.gov/provider-view/1457666315
1073595716,Angeletti Cesar,GA,Pathology,I,69438.94,88715.39,2485,873,https://npiregistry.cms.hhs.gov/provider-view/1073595716
1093060725,Grand St Paul Cvs Llc,MN,Mass Immunizer Roster Biller,O,69419.56,69419.56,1684,369,https://npiregistry.cms.hhs.gov/provider-view/1093060725
1598728446,Deal Chad,OH,Rheumatology,I,69407.17,97535.83,1707,1148,https://npiregistry.cms.hhs.gov/provider-view/1598728446
1821223447,Saunders William,OH,Emergency Medicine,I,69307.25,88374.24,652,519,https://npiregistry.cms.hhs.gov/provider-view/1821223447
1972580967,Trakhtenbroit Anatole,TX,Cardiology,I,69304.76,94151.96,1357,654,https://npiregistry.cms.hhs.gov/provider-view/1972580967
1073508693,Gopal Malavalli,MA,Cardiology,I,69153.16,87047.44,4027,2255,https://npiregistry.cms.hhs.gov/provider-view/1073508693
1942291257,Pelletier Tanisha,CA,Emergency Medicine,I,69013.26,87452.55,629,503,https://npiregistry.cms.hhs.gov/provider-view/1942291257
1467773853,Hagan Michael,MO,Gastroenterology,I,69008.96,88145.76,920,378,https://npiregistry.cms.hhs.gov/provider-view/1467773853
1154433092,"Woodward Detroit Cvs, L.L.C.",MI,Mass Immunizer Roster Biller,O,68947.68,68947.68,1331,363,https://npiregistry.cms.hhs.gov/provider-view/1154433092
1174545693,Dua Sohan,CA,Nephrology,I,68870.73,86883.84,246,29,https://npiregistry.cms.hhs.gov/provider-view/1174545693
1023055803,Kirkpatrick James,WA,Cardiology,I,68844.7,91310.12,2109,1035,https://npiregistry.cms.hhs.gov/provider-view/1023055803
1801885611,Visnaw Steven,FL,General Surgery,I,68745.76,86529.51,530,91,https://npiregistry.cms.hhs.gov/provider-view/1801885611
1932142700,Oyarzun Juan,OR,Cardiology,I,68693.39,86111.38,140,80,https://npiregistry.cms.hhs.gov/provider-view/1932142700
1649611674,Alexander Rohan,KY,Nurse Practitioner,I,68621.84,89668.31,2115,109,https://npiregistry.cms.hhs.gov/provider-view/1649611674
1053415885,Oklahoma Cvs Pharmacy Llc,OK,Mass Immunizer Roster Biller,O,68614.69,68614.69,1400,350,https://npiregistry.cms.hhs.gov/provider-view/1053415885
1275637126,Highland Park Cvs Llc,IL,Mass Immunizer Roster Biller,O,68537.25,68537.25,1981,354,https://npiregistry.cms.hhs.gov/provider-view/1275637126
1033160148,Woodburn James,CA,General Surgery,I,68535.72,90502.98,498,117,https://npiregistry.cms.hhs.gov/provider-view/1033160148
1336253939,Mauger Stephen,MI,Hospitalist,I,68510.57,87206.92,974,284,https://npiregistry.cms.hhs.gov/provider-view/1336253939
1457332009,Hammons Mark,KY,Physical Therapist in Private Practice,I,68394.16,92487.72,3499,219,https://npiregistry.cms.hhs.gov/provider-view/1457332009
1649295403,Williams Arthur,FL,Emergency Medicine,I,68272.36,86229.62,671,513,https://npiregistry.cms.hhs.gov/provider-view/1649295403
1861499881,Fajardo Jeffrey,KS,Endocrinology,I,68254.83,93203.44,1416,395,https://npiregistry.cms.hhs.gov/provider-view/1861499881
1245206945,"North Carolina Cvs Pharmacy, L.L.C",NC,Mass Immunizer Roster Biller,O,68169.98,68169.98,1284,394,https://npiregistry.cms.hhs.gov/provider-view/1245206945
1659475598,"Highland Park Cvs, L.L.C.",IL,Mass Immunizer Roster Biller,O,68161.18,68161.18,2151,400,https://npiregistry.cms.hhs.gov/provider-view/1659475598
1265533301,Janicki Todd,OH,Internal Medicine,I,68121.61,86192.0,909,356,https://npiregistry.cms.hhs.gov/provider-view/1265533301
1881654101,Hauber Frederick,FL,Ophthalmology,I,68032.59,99620.92,1152,464,https://npiregistry.cms.hhs.gov/provider-view/1881654101
1386662609,Buzogany Joseph,PA,Psychiatry,I,67957.36,95150.91,1258,327,https://npiregistry.cms.hhs.gov/provider-view/1386662609
1568461960,Pate Donald,AR,General Surgery,I,67869.32,85765.32,987,134,https://npiregistry.cms.hhs.gov/provider-view/1568461960
1427153261,German Dobson Cvs Llc,AZ,Mass Immunizer Roster Biller,O,67854.4,67854.4,1342,345,https://npiregistry.cms.hhs.gov/provider-view/1427153261
1497748792,Silveira Jeffrey,GA,Otolaryngology,I,67493.99,92991.71,1132,237,https://npiregistry.cms.hhs.gov/provider-view/1497748792
1720193147,Garchitorena Ricardo,IL,Emergency Medicine,I,67319.45,83984.39,505,464,https://npiregistry.cms.hhs.gov/provider-view/1720193147
1518985035,Kindelberger David,MA,Pathology,I,67233.98,82690.27,2429,1175,https://npiregistry.cms.hhs.gov/provider-view/1518985035
1720119027,Dixit Sameer,NY,Internal Medicine,I,67221.68,87403.71,764,248,https://npiregistry.cms.hhs.gov/provider-view/1720119027
1851352868,Hartnett Ronald,FL,Internal Medicine,I,67220.09,83072.23,478,459,https://npiregistry.cms.hhs.gov/provider-view/1851352868
1104329820,"Oz Med, Inc.",CA,Mass Immunizer Roster Biller,O,67206.34,67206.34,1035,361,https://npiregistry.cms.hhs.gov/provider-view/1104329820
1184738551,East Side Imaging Inc,TX,Independent Diagnostic Testing Facility (IDTF),O,67205.49,84855.64,7656,379,https://npiregistry.cms.hhs.gov/provider-view/1184738551
1902846900,Davis William,FL,Internal Medicine,I,67175.19,86396.72,1165,177,https://npiregistry.cms.hhs.gov/provider-view/1902846900
1568497261,Parrott Maxwell,GA,Internal Medicine,I,67174.39,91610.18,4527,315,https://npiregistry.cms.hhs.gov/provider-view/1568497261
1962841346,Malek Mark,CA,Preventive Medicine,I,67159.44,87776.03,1047,102,https://npiregistry.cms.hhs.gov/provider-view/1962841346
1598764425,Ng Edmond,VA,General Surgery,I,67131.57,84321.88,556,289,https://npiregistry.cms.hhs.gov/provider-view/1598764425
1235189648,Hirsch Jeffrey,CA,"Psychologist, Clinical",I,67040.69,87103.91,561,18,https://npiregistry.cms.hhs.gov/provider-view/1235189648
1386608453,Krautter Paul,OK,Family Practice,I,67023.98,82920.23,4311,170,https://npiregistry.cms.hhs.gov/provider-view/1386608453
1003812025,Silverman Gary,FL,Family Practice,I,67008.06,95947.04,1503,850,https://npiregistry.cms.hhs.gov/provider-view/1003812025
1184653388,Coram Healthcare Corporation Of Massachusetts,MA,Home Infusion Therapy Services,O,67007.79,84102.01,2739,17,https://npiregistry.cms.hhs.gov/provider-view/1184653388
1205405354,"Cvs Albany, Llc",NY,Mass Immunizer Roster Biller,O,67006.4,67006.4,1137,416,https://npiregistry.cms.hhs.gov/provider-view/1205405354
1457747073,Barsoum Emad,WV,Hospitalist,I,66776.59,84304.43,543,474,https://npiregistry.cms.hhs.gov/provider-view/1457747073
1306905237,Nocera Roger,AZ,Diagnostic Radiology,I,66708.46,90624.03,7710,462,https://npiregistry.cms.hhs.gov/provider-view/1306905237
1912001777,Cvs Albany Llc,NY,Mass Immunizer Roster Biller,O,66659.46,66659.46,3294,463,https://npiregistry.cms.hhs.gov/provider-view/1912001777
1285666958,Dandy Russell,GA,Ophthalmology,I,66554.63,92079.39,1069,217,https://npiregistry.cms.hhs.gov/provider-view/1285666958
1083686547,Loeffler Jay,MA,Radiation Oncology,I,66492.13,83454.24,335,139,https://npiregistry.cms.hhs.gov/provider-view/1083686547
1346342631,"Woodward Detroit Cvs, L.L.C.",MI,Mass Immunizer Roster Biller,O,66472.2,66472.2,1832,347,https://npiregistry.cms.hhs.gov/provider-view/1346342631
1295964468,Doyle John,KY,Internal Medicine,I,66410.5,113156.8,1509,256,https://npiregistry.cms.hhs.gov/provider-view/1295964468
1598914970,Oliver Elizabeth Tony,SD,Hospitalist,I,66201.96,85099.3,1005,316,https://npiregistry.cms.hhs.gov/provider-view/1598914970
1992809743,Cvs Albany Llc,NY,Mass Immunizer Roster Biller,O,66191.3,66191.3,2287,384,https://npiregistry.cms.hhs.gov/provider-view/1992809743
1336133040,Pugatch Robert,MD,Diagnostic Radiology,I,66158.6,87228.81,8947,2466,https://npiregistry.cms.hhs.gov/provider-view/1336133040
1497167043,Cochrane Kerry,IL,Licensed Clinical Social Worker,I,66158.56,85185.27,894,40,https://npiregistry.cms.hhs.gov/provider-view/1497167043
1285640953,Summerlin Nicole,AZ,Physical Therapist in Private Practice,I,66143.68,87125.04,3314,146,https://npiregistry.cms.hhs.gov/provider-view/1285640953
1841394798,Holiday Cvs Llc,FL,Mass Immunizer Roster Biller,O,66136.5,66136.5,1416,314,https://npiregistry.cms.hhs.gov/provider-view/1841394798
1285694364,Alexander Ronald,MN,Diagnostic Radiology,I,65862.36,82265.96,3313,2280,https://npiregistry.cms.hhs.gov/provider-view/1285694364
1477084796,Pappas Georgina,PA,Vascular Surgery,I,65855.95,83202.34,448,153,https://npiregistry.cms.hhs.gov/provider-view/1477084796
1780986513,Quinton Jonathan,MI,Physical Therapist in Private Practice,I,65777.2,85751.09,3944,89,https://npiregistry.cms.hhs.gov/provider-view/1780986513
1942449665,Mahyar Babak,PA,Anesthesiology,I,65689.73,82708.18,282,116,https://npiregistry.cms.hhs.gov/provider-view/1942449665
1366431306,Soter Nicholas,NY,Dermatology,I,65679.98,90969.32,845,342,https://npiregistry.cms.hhs.gov/provider-view/1366431306
1235233040,Cvs Pharmacy Inc,TX,Mass Immunizer Roster Biller,O,65648.89,65648.89,3360,485,https://npiregistry.cms.hhs.gov/provider-view/1235233040
1669477311,Tartack Ira,NY,Podiatry,I,65511.93,91432.67,1346,348,https://npiregistry.cms.hhs.gov/provider-view/1669477311
1881863264,Martinucci Patrick,OH,Nephrology,I,65500.58,96924.11,662,453,https://npiregistry.cms.hhs.gov/provider-view/1881863264
1700872777,Mulkey Mark,IA,Plastic and Reconstructive Surgery,I,65444.79,84676.97,445,180,https://npiregistry.cms.hhs.gov/provider-view/1700872777
1487047460,Rice Susan,OR,Occupational Therapist in Private Practice,I,65423.6,85385.46,3152,36,https://npiregistry.cms.hhs.gov/provider-view/1487047460
1275636987,Ohio Cvs Stores Llc,OH,Mass Immunizer Roster Biller,O,65406.24,65406.24,1428,348,https://npiregistry.cms.hhs.gov/provider-view/1275636987
1225422405,Beras Jovine Maximo,GA,Hospitalist,I,65322.62,83405.16,639,350,https://npiregistry.cms.hhs.gov/provider-view/1225422405
1477781805,Fotuchang Charles,GA,Internal Medicine,I,65303.47,83878.47,882,263,https://npiregistry.cms.hhs.gov/provider-view/1477781805
1457501355,Mujtaba Bilal,TX,Diagnostic Radiology,I,65027.87,85194.85,1521,1007,https://npiregistry.cms.hhs.gov/provider-view/1457501355
1194818419,Morgan Maxine,NY,Emergency Medicine,I,65015.04,80725.06,1113,456,https://npiregistry.cms.hhs.gov/provider-view/1194818419
1780754952,Pinciotti Dean,NJ,Physical Therapist in Private Practice,I,65011.29,84776.12,3069,165,https://npiregistry.cms.hhs.gov/provider-view/1780754952
1467495218,Longs Drug Stores California Llc,CA,Mass Immunizer Roster Biller,O,64887.35,64887.35,2618,411,https://npiregistry.cms.hhs.gov/provider-view/1467495218
1780677609,Garges Lawrence,WA,Internal Medicine,I,64886.11,87491.51,3967,130,https://npiregistry.cms.hhs.gov/provider-view/1780677609
1851316749,Henein Nassef,CA,Internal Medicine,I,64883.89,81606.33,887,103,https://npiregistry.cms.hhs.gov/provider-view/1851316749
1922012129,Watson Michael,TX,Family Practice,I,64772.31,94880.3,1136,166,https://npiregistry.cms.hhs.gov/provider-view/1922012129
1740370048,Miller Mandel,FL,General Practice,I,64671.53,91238.91,901,251,https://npiregistry.cms.hhs.gov/provider-view/1740370048
1710932827,Wooten Florence,TX,Ophthalmology,I,64623.97,93485.42,1095,233,https://npiregistry.cms.hhs.gov/provider-view/1710932827
1326098815,Togneri Francine,CA,Licensed Clinical Social Worker,I,64572.84,84621.39,756,36,https://npiregistry.cms.hhs.gov/provider-view/1326098815
1982625240,Ernoehazy William,FL,Emergency Medicine,I,64507.68,81736.0,1295,192,https://npiregistry.cms.hhs.gov/provider-view/1982625240
1063699957,Brooks Angela,PA,Pathology,I,64446.35,86969.7,2433,897,https://npiregistry.cms.hhs.gov/provider-view/1063699957
1902909617,Ohio Cvs Stores Llc,OH,Mass Immunizer Roster Biller,O,64437.6,64437.6,1699,391,https://npiregistry.cms.hhs.gov/provider-view/1902909617
1689748113,"Ohio Cvs Stores, L.L.C.",OH,Mass Immunizer Roster Biller,O,64431.61,64431.61,1323,317,https://npiregistry.cms.hhs.gov/provider-view/1689748113
1013320787,Zamir Areeb,TX,Pulmonary Disease,I,64279.24,82697.41,833,266,https://npiregistry.cms.hhs.gov/provider-view/1013320787
1659474369,Ohio Cvs Stores Llc,OH,Mass Immunizer Roster Biller,O,64203.25,64203.25,1736,369,https://npiregistry.cms.hhs.gov/provider-view/1659474369
1609053354,"Cvs Pharmacy, Inc.",TX,Mass Immunizer Roster Biller,O,64166.51,64166.51,1707,406,https://npiregistry.cms.hhs.gov/provider-view/1609053354
1306161575,Pfister Gregory,KY,Internal Medicine,I,64122.88,84587.02,854,255,https://npiregistry.cms.hhs.gov/provider-view/1306161575
1932106093,Green Thomas,TN,Internal Medicine,I,64073.19,86531.26,1025,160,https://npiregistry.cms.hhs.gov/provider-view/1932106093
1114021003,"German Dobson Cvs, L.L.C.",AZ,Mass Immunizer Roster Biller,O,64073.15,64073.15,1459,323,https://npiregistry.cms.hhs.gov/provider-view/1114021003
1346766169,Rice Paul,TN,Nurse Practitioner,I,64013.88,82326.9,4111,419,https://npiregistry.cms.hhs.gov/provider-view/1346766169
1063562007,Robinson Damon,MD,Anesthesiology,I,63952.37,85466.06,950,217,https://npiregistry.cms.hhs.gov/provider-view/1063562007
1851494587,"Alabama Cvs Pharmacy, L.L.C.",AL,Mass Immunizer Roster Biller,O,63841.24,63841.24,1240,336,https://npiregistry.cms.hhs.gov/provider-view/1851494587
1073590444,Mcmullen Paul,PA,Emergency Medicine,I,63814.82,80827.01,504,441,https://npiregistry.cms.hhs.gov/provider-view/1073590444
1801987854,Peters Michael,IN,Emergency Medicine,I,63730.89,82608.31,1005,892,https://npiregistry.cms.hhs.gov/provider-view/1801987854
1730251687,Sofat Suresh,NY,Internal Medicine,I,63705.32,88195.86,1417,207,https://npiregistry.cms.hhs.gov/provider-view/1730251687
1023077054,Sluder Todd,NC,Certified Registered Nurse Anesthetist (CRNA),I,63596.89,79738.57,700,612,https://npiregistry.cms.hhs.gov/provider-view/1023077054
1003834805,Michas George,FL,Psychiatry,I,63559.09,85374.01,877,65,https://npiregistry.cms.hhs.gov/provider-view/1003834805
1124090030,Kupka Barbara,GA,Family Practice,I,63527.44,83453.68,1448,163,https://npiregistry.cms.hhs.gov/provider-view/1124090030
1538167721,Comeau Wayne,MA,Chiropractic,I,63525.98,87127.36,2141,119,https://npiregistry.cms.hhs.gov/provider-view/1538167721
1306848643,Geary Christopher,MA,Orthopedic Surgery,I,63478.02,83220.24,834,208,https://npiregistry.cms.hhs.gov/provider-view/1306848643
1457469678,Tobin Wayne,FL,Neurology,I,63443.53,79602.39,1789,431,https://npiregistry.cms.hhs.gov/provider-view/1457469678
1609827369,Herman Brian,CA,Diagnostic Radiology,I,63438.96,82365.5,2410,224,https://npiregistry.cms.hhs.gov/provider-view/1609827369
1003943440,Tourje Elton,CA,Diagnostic Radiology,I,63276.68,83630.85,6526,3759,https://npiregistry.cms.hhs.gov/provider-view/1003943440
1255373445,Wisconsin Cvs Pharmacy Llc,WI,Mass Immunizer Roster Biller,O,63268.99,63268.99,1526,316,https://npiregistry.cms.hhs.gov/provider-view/1255373445
1851371918,Davis Willard,IL,Emergency Medicine,I,63184.3,82463.22,772,476,https://npiregistry.cms.hhs.gov/provider-view/1851371918
1255435012,Cvs Albany Llc,NY,Mass Immunizer Roster Biller,O,63097.27,63097.27,1512,364,https://npiregistry.cms.hhs.gov/provider-view/1255435012
1730147646,Shmase Frederic,MA,Internal Medicine,I,63049.47,76892.69,3503,213,https://npiregistry.cms.hhs.gov/provider-view/1730147646
1255426763,Gutcher Linda,CA,Physical Therapist in Private Practice,I,63027.49,80933.84,3202,56,https://npiregistry.cms.hhs.gov/provider-view/1255426763
1316935992,Ratnow Steven,NY,"Psychologist, Clinical",I,62964.63,80091.35,727,17,https://npiregistry.cms.hhs.gov/provider-view/1316935992
1083697486,Markovitz Dennis,MA,Family Practice,I,62958.71,77697.45,741,250,https://npiregistry.cms.hhs.gov/provider-view/1083697486
1083762421,Webb Burt,AZ,Obstetrics & Gynecology,I,62899.7,86995.46,986,375,https://npiregistry.cms.hhs.gov/provider-view/1083762421
1326433707,Patel Sanjay,CT,Internal Medicine,I,62876.78,80737.47,842,193,https://npiregistry.cms.hhs.gov/provider-view/1326433707
1194310763,North Carolina Cvs Pharmacy Llc,NC,Mass Immunizer Roster Biller,O,62803.87,62803.87,833,232,https://npiregistry.cms.hhs.gov/provider-view/1194310763
1942241864,Hook-Superx Llc,IN,Mass Immunizer Roster Biller,O,62683.91,62683.91,2303,452,https://npiregistry.cms.hhs.gov/provider-view/1942241864
1063498855,Helmsworth Thomas,IA,Vascular Surgery,I,62588.79,80006.25,486,198,https://npiregistry.cms.hhs.gov/provider-view/1063498855
1477539823,Rodes Alfredo,NY,Internal Medicine,I,62584.85,83082.5,918,173,https://npiregistry.cms.hhs.gov/provider-view/1477539823
1487630323,Kovacevic Olga,OH,Family Practice,I,62521.84,84425.9,928,305,https://npiregistry.cms.hhs.gov/provider-view/1487630323
1477576643,Ciccone Patrick,NJ,Urology,I,62463.08,88171.84,1669,183,https://npiregistry.cms.hhs.gov/provider-view/1477576643
1437711561,Wasielewski Sean,NJ,"Psychologist, Clinical",I,62452.75,78682.32,620,402,https://npiregistry.cms.hhs.gov/provider-view/1437711561
1194724369,Marcheschi Edward,OH,Internal Medicine,I,62428.71,84807.65,2396,236,https://npiregistry.cms.hhs.gov/provider-view/1194724369
1598743734,Reeves John,LA,Neurosurgery,I,62328.62,78801.04,278,124,https://npiregistry.cms.hhs.gov/provider-view/1598743734
1598722944,Chang Brian,IL,Pathology,I,62261.24,80692.28,2221,867,https://npiregistry.cms.hhs.gov/provider-view/1598722944
1225074099,Smith Roger,LA,Neurosurgery,I,62213.7,78916.56,187,106,https://npiregistry.cms.hhs.gov/provider-view/1225074099
1659315927,Garfield Beach Cvs Llc,CA,Mass Immunizer Roster Biller,O,62199.43,62199.43,1580,369,https://npiregistry.cms.hhs.gov/provider-view/1659315927
1871528356,Kucway Eun Jung,OH,Physical Medicine and Rehabilitation,I,62051.79,78289.53,838,327,https://npiregistry.cms.hhs.gov/provider-view/1871528356
1073583613,Ballard Richard,LA,Orthopedic Surgery,I,61951.15,82744.66,1965,213,https://npiregistry.cms.hhs.gov/provider-view/1073583613
1891719357,Kapu Gopichand,TX,Family Practice,I,61831.77,86030.85,840,145,https://npiregistry.cms.hhs.gov/provider-view/1891719357
1063558427,Martinez Miguel,MA,Emergency Medicine,I,61760.6,86491.5,1706,1195,https://npiregistry.cms.hhs.gov/provider-view/1063558427
1437198371,Publix Super Markets Inc,FL,Centralized Flu,O,61759.06,61759.06,1818,391,https://npiregistry.cms.hhs.gov/provider-view/1437198371
1740353507,Miller Robert,GA,Internal Medicine,I,61707.35,86912.31,1958,967,https://npiregistry.cms.hhs.gov/provider-view/1740353507
1881726248,Cooley Michele,IA,Pathology,I,61692.85,82154.0,2422,502,https://npiregistry.cms.hhs.gov/provider-view/1881726248
1063428480,Neveldine Thomas,VA,Diagnostic Radiology,I,61603.83,82077.31,1757,1199,https://npiregistry.cms.hhs.gov/provider-view/1063428480
1730273061,Fullerton David,CO,Thoracic Surgery,I,61588.15,77291.29,208,94,https://npiregistry.cms.hhs.gov/provider-view/1730273061
1780889386,Zaklin Ryan,MA,Internal Medicine,I,61460.98,82827.92,452,165,https://npiregistry.cms.hhs.gov/provider-view/1780889386
1740212695,Stop And Shop Supermarket Co Llc,NJ,Centralized Flu,O,61410.75,61410.75,1109,350,https://npiregistry.cms.hhs.gov/provider-view/1740212695
1669407763,Morrow Kiernan,NM,Diagnostic Radiology,I,61410.13,78119.66,2303,1606,https://npiregistry.cms.hhs.gov/provider-view/1669407763
1295763381,Portnoy Edward,CA,Internal Medicine,I,61384.79,77455.52,42027,140,https://npiregistry.cms.hhs.gov/provider-view/1295763381
1760489017,Lilly Ronald,MI,Thoracic Surgery,I,61379.4,76977.75,89,53,https://npiregistry.cms.hhs.gov/provider-view/1760489017
1699774117,Baradhi Nabil,TX,Cardiology,I,61369.4,88758.48,833,313,https://npiregistry.cms.hhs.gov/provider-view/1699774117
1518408863,Cordova Joseph,LA,Family Practice,I,61209.82,79011.38,660,412,https://npiregistry.cms.hhs.gov/provider-view/1518408863
1073706297,Gualtieri Deno,PA,Emergency Medicine,I,61183.0,75263.0,469,424,https://npiregistry.cms.hhs.gov/provider-view/1073706297
1033141379,Potash David,PA,Podiatry,I,61067.77,78733.29,1048,242,https://npiregistry.cms.hhs.gov/provider-view/1033141379
1891788998,King David,OK,Orthopedic Surgery,I,61042.74,85906.11,668,197,https://npiregistry.cms.hhs.gov/provider-view/1891788998
1497227078,Oliver Stephanie,OK,Nurse Practitioner,I,61013.02,85460.87,1408,339,https://npiregistry.cms.hhs.gov/provider-view/1497227078
1639169592,Kaufman David,CA,Pathology,I,61010.75,78767.92,1729,644,https://npiregistry.cms.hhs.gov/provider-view/1639169592
1689646358,Kiehl Frederick,MO,General Practice,I,60996.49,80104.49,794,314,https://npiregistry.cms.hhs.gov/provider-view/1689646358
1215092903,Shapiro Richard,NY,Ophthalmology,I,60931.71,85466.5,938,236,https://npiregistry.cms.hhs.gov/provider-view/1215092903
1255938023,Pollock Melanie,NJ,Nurse Practitioner,I,60900.73,77024.05,821,202,https://npiregistry.cms.hhs.gov/provider-view/1255938023
1528402575,Giunta Michael,TX,"Psychologist, Clinical",I,60885.51,77301.56,955,160,https://npiregistry.cms.hhs.gov/provider-view/1528402575
1992723738,Charytan Chaim,NY,Nephrology,I,60826.87,79791.81,1517,134,https://npiregistry.cms.hhs.gov/provider-view/1992723738
1306803838,Cockrell James,AL,Orthopedic Surgery,I,60818.98,83762.7,4384,234,https://npiregistry.cms.hhs.gov/provider-view/1306803838
1073508016,Koder Brett,LA,Otolaryngology,I,60789.07,83501.44,1610,331,https://npiregistry.cms.hhs.gov/provider-view/1073508016
1326142290,Holiday Cvs Llc,FL,Mass Immunizer Roster Biller,O,60784.46,60784.46,1651,330,https://npiregistry.cms.hhs.gov/provider-view/1326142290
1194766774,Tudor Maria,MN,Internal Medicine,I,60775.84,81064.9,1797,312,https://npiregistry.cms.hhs.gov/provider-view/1194766774
1295838951,Maryland Cvs Pharmacy Llc,MD,Mass Immunizer Roster Biller,O,60765.96,60765.96,967,294,https://npiregistry.cms.hhs.gov/provider-view/1295838951
1205184231,Pokhrel Ashna,NC,Endocrinology,I,60699.89,79373.41,3472,272,https://npiregistry.cms.hhs.gov/provider-view/1205184231
1548363377,Ohio Cvs Stores Llc,OH,Mass Immunizer Roster Biller,O,60648.68,60648.68,1523,329,https://npiregistry.cms.hhs.gov/provider-view/1548363377
1245295138,Price Suzanne,KY,Nurse Practitioner,I,60568.07,79187.17,1072,202,https://npiregistry.cms.hhs.gov/provider-view/1245295138
1265408694,Salik Syed,IL,Infectious Disease,I,60385.83,84330.68,817,166,https://npiregistry.cms.hhs.gov/provider-view/1265408694
1184642431,Conklin Terry,ME,Emergency Medicine,I,60378.3,77683.43,517,361,https://npiregistry.cms.hhs.gov/provider-view/1184642431
1275639262,Tomioka Mercedes,CA,Internal Medicine,I,60364.7,83481.65,867,224,https://npiregistry.cms.hhs.gov/provider-view/1275639262
1013120500,Hart Trenay,MT,Physician Assistant,I,60216.82,79850.44,6987,182,https://npiregistry.cms.hhs.gov/provider-view/1013120500
1609470343,Ejbrx Llc,AZ,Pharmacy,O,60200.91,60200.91,1004,289,https://npiregistry.cms.hhs.gov/provider-view/1609470343
1093759342,Nevada Cvs Pharmacy Llc,NV,Mass Immunizer Roster Biller,O,60006.34,60006.34,1270,333,https://npiregistry.cms.hhs.gov/provider-view/1093759342
1861095069,"Aditxt, Inc.",VA,Clinical Laboratory,O,59995.0,59995.0,1245,305,https://npiregistry.cms.hhs.gov/provider-view/1861095069
1457357741,Deratzou Benjamin,PA,Anesthesiology,I,59980.39,75282.43,600,506,https://npiregistry.cms.hhs.gov/provider-view/1457357741
1780788513,Oklahoma Cvs Pharmacy Llc,OK,Mass Immunizer Roster Biller,O,59818.84,59818.84,1240,317,https://npiregistry.cms.hhs.gov/provider-view/1780788513
1356444111,Georgia Cvs Pharmacy Llc,GA,Mass Immunizer Roster Biller,O,59692.84,59692.84,1461,310,https://npiregistry.cms.hhs.gov/provider-view/1356444111
1033721782,Elanbari Ghizlane,TX,Physician Assistant,I,59641.72,77407.69,1223,97,https://npiregistry.cms.hhs.gov/provider-view/1033721782
1114967551,Publix Super Markets Inc,SC,Centralized Flu,O,59612.06,59612.06,955,346,https://npiregistry.cms.hhs.gov/provider-view/1114967551
1033391438,Rohatgi Rosemarie,CA,Oral Surgery (Dentist only),I,59606.07,79760.96,1026,66,https://npiregistry.cms.hhs.gov/provider-view/1033391438
1588707384,Warnock Iden,CA,Physical Therapist in Private Practice,I,59605.31,77673.79,2744,86,https://npiregistry.cms.hhs.gov/provider-view/1588707384
1164418737,Eilers John,WV,Family Practice,I,59419.74,88912.72,1566,261,https://npiregistry.cms.hhs.gov/provider-view/1164418737
1073554366,Nze Raymond,MD,Internal Medicine,I,59366.26,89721.82,760,151,https://npiregistry.cms.hhs.gov/provider-view/1073554366
1316040751,Hook-Superx Llc,IN,Mass Immunizer Roster Biller,O,59287.11,59287.11,1219,326,https://npiregistry.cms.hhs.gov/provider-view/1316040751
1821404807,Ly Lan,KS,Family Practice,I,59276.9,90423.09,1023,305,https://npiregistry.cms.hhs.gov/provider-view/1821404807
1972769305,Cvs Pharmacy Inc,MA,Mass Immunizer Roster Biller,O,59201.62,59201.62,1394,316,https://npiregistry.cms.hhs.gov/provider-view/1972769305
1053416008,Eisner Joel,PA,Internal Medicine,I,59199.76,80982.49,1237,513,https://npiregistry.cms.hhs.gov/provider-view/1053416008
1528507548,Hultman Elizabeth,IL,Nurse Practitioner,I,59178.72,83433.19,974,338,https://npiregistry.cms.hhs.gov/provider-view/1528507548
1053406512,Brothers Anthony,FL,Orthopedic Surgery,I,58923.7,81644.81,9458,242,https://npiregistry.cms.hhs.gov/provider-view/1053406512
1336243138,Cvs Pharmacy Inc,TX,Mass Immunizer Roster Biller,O,58874.52,58874.52,1727,337,https://npiregistry.cms.hhs.gov/provider-view/1336243138
1821025958,Sanders Sammy,GA,Physician Assistant,I,58755.63,82651.49,2168,382,https://npiregistry.cms.hhs.gov/provider-view/1821025958
1821072901,Ingles Shawn,MI,Internal Medicine,I,58651.79,75574.38,1377,331,https://npiregistry.cms.hhs.gov/provider-view/1821072901
1861689531,Smith Natalie,OK,Nurse Practitioner,I,58637.4,71529.38,2233,247,https://npiregistry.cms.hhs.gov/provider-view/1861689531
1245200062,Kluger Daniel,VA,Infectious Disease,I,58637.07,76027.35,1519,315,https://npiregistry.cms.hhs.gov/provider-view/1245200062
1508572314,Harson Alison,LA,Physical Therapist in Private Practice,I,58447.47,73618.83,2537,138,https://npiregistry.cms.hhs.gov/provider-view/1508572314
1700861481,Abdeen Ziad,TX,Internal Medicine,I,58444.14,74217.82,514,405,https://npiregistry.cms.hhs.gov/provider-view/1700861481
1487680419,Eichenlaub Timothy,FL,Family Practice,I,58346.55,75291.35,1526,417,https://npiregistry.cms.hhs.gov/provider-view/1487680419
1225074388,Garfield Beach Cvs Llc,CA,Mass Immunizer Roster Biller,O,58313.78,58313.78,1879,345,https://npiregistry.cms.hhs.gov/provider-view/1225074388
1336243161,Cvs Pharmacy Inc,TX,Mass Immunizer Roster Biller,O,58308.74,58308.74,1191,327,https://npiregistry.cms.hhs.gov/provider-view/1336243161
1558568642,Cox Jim,TX,"Psychologist, Clinical",I,58216.58,76009.03,797,66,https://npiregistry.cms.hhs.gov/provider-view/1558568642
1437257995,"Virginia Cvs Pharmacy, L.L.C.",VA,Mass Immunizer Roster Biller,O,58115.38,58115.38,1120,308,https://npiregistry.cms.hhs.gov/provider-view/1437257995
1023009602,Torio Rulour,MA,Internal Medicine,I,58086.54,75180.68,726,258,https://npiregistry.cms.hhs.gov/provider-view/1023009602
1598706475,Garfield Beach Cvs Llc,CA,Mass Immunizer Roster Biller,O,58079.52,58079.52,1169,283,https://npiregistry.cms.hhs.gov/provider-view/1598706475
1194792747,Underhill Floyd,OK,Family Practice,I,58035.94,91148.32,18308,398,https://npiregistry.cms.hhs.gov/provider-view/1194792747
1477643708,Getz Mark,IL,Rheumatology,I,57997.13,83208.88,908,430,https://npiregistry.cms.hhs.gov/provider-view/1477643708
1639591423,Hodge Marla,AL,Nurse Practitioner,I,57931.5,84190.03,918,589,https://npiregistry.cms.hhs.gov/provider-view/1639591423
1124069034,Iowa Cvs Pharmacy Llc,IA,Mass Immunizer Roster Biller,O,57927.83,57927.83,946,294,https://npiregistry.cms.hhs.gov/provider-view/1124069034
1174600027,Shoor Stanford,CA,Rheumatology,I,57919.1,73475.88,548,235,https://npiregistry.cms.hhs.gov/provider-view/1174600027
1457709156,"Cvs Albany, L.L.C.",NY,Mass Immunizer Roster Biller,O,57916.01,57916.01,1336,295,https://npiregistry.cms.hhs.gov/provider-view/1457709156
1265469480,Brescia Donald,NJ,Family Practice,I,57883.92,80499.23,687,155,https://npiregistry.cms.hhs.gov/provider-view/1265469480
1194732487,Costantino Stephen,RI,Physical Therapist in Private Practice,I,57877.15,74590.11,2491,61,https://npiregistry.cms.hhs.gov/provider-view/1194732487
1083691984,Laghi Franco,IL,Pulmonary Disease,I,57842.83,72561.96,825,81,https://npiregistry.cms.hhs.gov/provider-view/1083691984
1821035130,Hardin Mark,TX,Otolaryngology,I,57776.19,75170.33,693,208,https://npiregistry.cms.hhs.gov/provider-view/1821035130
1649582677,Garfield Beach Cvs Llc,CA,Mass Immunizer Roster Biller,O,57728.89,57728.89,1398,328,https://npiregistry.cms.hhs.gov/provider-view/1649582677
1710341615,Rawlins Rebecca,AZ,Emergency Medicine,I,57701.37,72741.9,516,408,https://npiregistry.cms.hhs.gov/provider-view/1710341615
1457392037,Saviano Daniel,IL,Emergency Medicine,I,57670.38,72600.9,768,211,https://npiregistry.cms.hhs.gov/provider-view/1457392037
1316121262,"South Carolina Cvs Pharmacy, L.L.C.",SC,Mass Immunizer Roster Biller,O,57656.37,57656.37,1114,311,https://npiregistry.cms.hhs.gov/provider-view/1316121262
1528677424,Cvs Pharmacy Inc.,TX,Mass Immunizer Roster Biller,O,57577.49,57577.49,1145,280,https://npiregistry.cms.hhs.gov/provider-view/1528677424
1932712122,Grenier Vicki,AZ,Nurse Practitioner,I,57543.19,68412.35,1463,215,https://npiregistry.cms.hhs.gov/provider-view/1932712122
1689760050,Signorino Paul,IL,General Surgery,I,57471.85,72892.9,231,130,https://npiregistry.cms.hhs.gov/provider-view/1689760050
1306831268,Mordujovich Jorge,FL,Internal Medicine,I,57445.3,76652.57,228,72,https://npiregistry.cms.hhs.gov/provider-view/1306831268
1386689271,Garfield Beach Cvs Llc,CA,Mass Immunizer Roster Biller,O,57313.36,57313.36,2441,351,https://npiregistry.cms.hhs.gov/provider-view/1386689271
1104960509,Lijtmaer Ruth,NJ,"Psychologist, Clinical",I,57267.16,72700.56,682,26,https://npiregistry.cms.hhs.gov/provider-view/1104960509
1760595243,Calima Milton,KY,Physical Medicine and Rehabilitation,I,57255.59,72213.71,878,160,https://npiregistry.cms.hhs.gov/provider-view/1760595243
1730167289,Bucci Angela,OH,Endocrinology,I,57225.51,70688.15,2038,200,https://npiregistry.cms.hhs.gov/provider-view/1730167289
1447243555,Weaver Joseph,AL,Radiation Oncology,I,57164.71,72913.13,750,73,https://npiregistry.cms.hhs.gov/provider-view/1447243555
1649555319,Lazo Maria,PA,Nurse Practitioner,I,57019.69,72008.02,7460,67,https://npiregistry.cms.hhs.gov/provider-view/1649555319
1336593102,Studyvin Erick,MO,Podiatry,I,56884.65,82492.1,798,142,https://npiregistry.cms.hhs.gov/provider-view/1336593102
1376515155,Jafri Syed,NY,Internal Medicine,I,56882.61,83191.0,1173,135,https://npiregistry.cms.hhs.gov/provider-view/1376515155
1992913875,Martinez Eve,CA,Physical Therapist in Private Practice,I,56841.66,76124.4,2864,89,https://npiregistry.cms.hhs.gov/provider-view/1992913875
1083664890,Springer Dan,AR,Family Practice,I,56835.4,80607.78,4212,368,https://npiregistry.cms.hhs.gov/provider-view/1083664890
1114994613,Heitritter Shannon,WA,Endocrinology,I,56816.49,72102.29,2430,243,https://npiregistry.cms.hhs.gov/provider-view/1114994613
1396849055,Cvs Albany Llc,NY,Mass Immunizer Roster Biller,O,56806.59,56806.59,2278,478,https://npiregistry.cms.hhs.gov/provider-view/1396849055
1730406752,Baker Annalee,FL,Emergency Medicine,I,56748.66,67096.26,391,345,https://npiregistry.cms.hhs.gov/provider-view/1730406752
1366567372,Webster Brian,OH,Internal Medicine,I,56731.91,72058.92,554,259,https://npiregistry.cms.hhs.gov/provider-view/1366567372
1154510014,Grand St Paul Cvs Llc,MN,Mass Immunizer Roster Biller,O,56708.77,56708.77,1855,320,https://npiregistry.cms.hhs.gov/provider-view/1154510014
1497012967,Nebraska Cvs Pharmacy Llc,NE,Mass Immunizer Roster Biller,O,56691.42,56691.42,1269,307,https://npiregistry.cms.hhs.gov/provider-view/1497012967
1730170143,Massullo Vincent,CA,Radiation Oncology,I,56683.85,72725.64,646,112,https://npiregistry.cms.hhs.gov/provider-view/1730170143
1710980735,Bilgrami Syed,CT,Hematology-Oncology,I,56554.55,78667.72,479,186,https://npiregistry.cms.hhs.gov/provider-view/1710980735
1154471944,Mitchell Thomas,KS,Family Practice,I,56522.2,70390.46,589,413,https://npiregistry.cms.hhs.gov/provider-view/1154471944
1154364487,Longs Drug Stores California Llc,CA,Mass Immunizer Roster Biller,O,56497.14,56497.14,1228,308,https://npiregistry.cms.hhs.gov/provider-view/1154364487
1992808448,Demetrius Charmaine,NY,Internal Medicine,I,56374.45,67080.86,687,174,https://npiregistry.cms.hhs.gov/provider-view/1992808448
1336224393,Garcia Roberto,AZ,Family Practice,I,56312.17,79821.49,740,171,https://npiregistry.cms.hhs.gov/provider-view/1336224393
1689767014,R & M Pharmacies Llc,AZ,Mass Immunizer Roster Biller,O,56121.06,56121.06,1175,280,https://npiregistry.cms.hhs.gov/provider-view/1689767014
1558392266,Maier Karen,MI,"Psychologist, Clinical",I,56075.52,73649.15,568,31,https://npiregistry.cms.hhs.gov/provider-view/1558392266
1588046437,Hofkamp Luke,MO,Emergency Medicine,I,56040.9,69963.91,437,344,https://npiregistry.cms.hhs.gov/provider-view/1588046437
1861442030,Bowell Duncan,TX,Family Practice,I,56028.93,86600.73,1149,192,https://npiregistry.cms.hhs.gov/provider-view/1861442030
1659371854,German Dobson Cvs Llc,AZ,Mass Immunizer Roster Biller,O,56007.83,56007.83,1606,307,https://npiregistry.cms.hhs.gov/provider-view/1659371854
1326439365,Maryland Cvs Pharmacy Llc,MD,Mass Immunizer Roster Biller,O,55911.32,55911.32,926,284,https://npiregistry.cms.hhs.gov/provider-view/1326439365
1972547347,Montana Cvs Pharmacy Llc,MT,Mass Immunizer Roster Biller,O,55905.95,55905.95,1069,290,https://npiregistry.cms.hhs.gov/provider-view/1972547347
1902852387,Clemons Linda,AL,Family Practice,I,55901.47,80014.08,801,137,https://npiregistry.cms.hhs.gov/provider-view/1902852387
1063511368,Grand St Paul Cvs Llc,MN,Mass Immunizer Roster Biller,O,55839.04,55839.04,2227,347,https://npiregistry.cms.hhs.gov/provider-view/1063511368
1942304779,Oklahoma Cvs Pharmacy Llc,OK,Mass Immunizer Roster Biller,O,55774.36,55774.36,1119,323,https://npiregistry.cms.hhs.gov/provider-view/1942304779
1528068442,Gromis Michael,CA,Internal Medicine,I,55749.72,83871.0,953,237,https://npiregistry.cms.hhs.gov/provider-view/1528068442
1295796936,Brennan Francis,PA,Family Practice,I,55701.75,87423.04,1979,355,https://npiregistry.cms.hhs.gov/provider-view/1295796936
1417534181,Wilkinson Camille,SC,Nurse Practitioner,I,55695.32,83205.94,959,137,https://npiregistry.cms.hhs.gov/provider-view/1417534181
1770561995,Goen Tracy,TN,Family Practice,I,55677.93,70800.45,525,328,https://npiregistry.cms.hhs.gov/provider-view/1770561995
1386675320,Hakes Donald,TN,Physician Assistant,I,55662.35,70232.27,1087,110,https://npiregistry.cms.hhs.gov/provider-view/1386675320
1073533394,Berger Adam,NJ,Surgical Oncology,I,55660.92,72397.87,434,152,https://npiregistry.cms.hhs.gov/provider-view/1073533394
1184727935,"Georgia Cvs Pharmacy, L.L.C.",GA,Mass Immunizer Roster Biller,O,55527.88,55527.88,1043,236,https://npiregistry.cms.hhs.gov/provider-view/1184727935
1235559378,"Skin Cancer Specialists Surgery Center, Llc",GA,Ambulatory Surgical Center,O,55500.04,70105.43,224,165,https://npiregistry.cms.hhs.gov/provider-view/1235559378
1790792299,Emmer Michael,MD,Internal Medicine,I,55415.03,77231.63,1102,245,https://npiregistry.cms.hhs.gov/provider-view/1790792299
1346343068,Tennessee Cvs Pharmacy Llc,TN,Mass Immunizer Roster Biller,O,55367.81,55367.81,1087,260,https://npiregistry.cms.hhs.gov/provider-view/1346343068
1881624773,Bourland Walter,TX,General Surgery,I,55365.04,78037.59,587,414,https://npiregistry.cms.hhs.gov/provider-view/1881624773
1376657460,Adams Kathleen,MA,Licensed Clinical Social Worker,I,55332.44,73720.38,921,50,https://npiregistry.cms.hhs.gov/provider-view/1376657460
1073558599,Doraswamy Srinivas,IN,Anesthesiology,I,55323.27,68525.89,1878,74,https://npiregistry.cms.hhs.gov/provider-view/1073558599
1336349521,Lovitch Scott,MA,Pathology,I,55316.74,72245.18,1577,908,https://npiregistry.cms.hhs.gov/provider-view/1336349521
1861624785,"Highland Park Cvs, L.L.C.",IL,Mass Immunizer Roster Biller,O,55302.05,55302.05,1912,336,https://npiregistry.cms.hhs.gov/provider-view/1861624785
1750414348,Christakos Robert,NY,Physical Therapist in Private Practice,I,55269.41,70780.43,3022,86,https://npiregistry.cms.hhs.gov/provider-view/1750414348
1083611651,Jamison Dale,TN,Anesthesiology,I,55219.31,70066.51,267,133,https://npiregistry.cms.hhs.gov/provider-view/1083611651
1346406634,Snyder Brian,NY,Neurosurgery,I,55122.25,69453.46,363,111,https://npiregistry.cms.hhs.gov/provider-view/1346406634
1417168006,Unwala Darius,AZ,Urology,I,55044.73,74964.98,638,303,https://npiregistry.cms.hhs.gov/provider-view/1417168006
1912972969,Lakshminarasimhan Venu,FL,Gastroenterology,I,55023.78,72896.61,497,270,https://npiregistry.cms.hhs.gov/provider-view/1912972969
1699904961,Osman Sherif,VA,Diagnostic Radiology,I,55016.18,72070.79,2222,1336,https://npiregistry.cms.hhs.gov/provider-view/1699904961
1952549321,Froude John,NY,Infectious Disease,I,54830.65,71011.45,8183,183,https://npiregistry.cms.hhs.gov/provider-view/1952549321
1023404654,Safarpour Damoun,IL,Hematology-Oncology,I,54823.9,70437.7,5184,216,https://npiregistry.cms.hhs.gov/provider-view/1023404654
1023112976,Holiday Cvs Llc,FL,Mass Immunizer Roster Biller,O,54798.87,54798.87,1566,319,https://npiregistry.cms.hhs.gov/provider-view/1023112976
1225560162,Wren Peggy,AR,Nurse Practitioner,I,54771.28,63878.45,707,128,https://npiregistry.cms.hhs.gov/provider-view/1225560162
1578667234,"Virginia Cvs Pharmacy, L.L.C.",VA,Mass Immunizer Roster Biller,O,54767.89,54767.89,1044,295,https://npiregistry.cms.hhs.gov/provider-view/1578667234
1922066208,Ruchala Joanna,WI,Internal Medicine,I,54753.07,76112.46,1304,328,https://npiregistry.cms.hhs.gov/provider-view/1922066208
1407938491,Lamsback E.,PA,Internal Medicine,I,54696.54,77184.5,1410,335,https://npiregistry.cms.hhs.gov/provider-view/1407938491
1427068782,Fanos Kathleen,NY,Internal Medicine,I,54599.03,69489.11,655,193,https://npiregistry.cms.hhs.gov/provider-view/1427068782
1881716934,Eriksen Roy,NY,Internal Medicine,I,54561.81,73845.3,908,221,https://npiregistry.cms.hhs.gov/provider-view/1881716934
1184706756,Clanton Waverly,IL,Internal Medicine,I,54426.81,71388.52,920,169,https://npiregistry.cms.hhs.gov/provider-view/1184706756
1366545071,Ohio Cvs Stores Llc,OH,Mass Immunizer Roster Biller,O,54399.86,54399.86,1126,336,https://npiregistry.cms.hhs.gov/provider-view/1366545071
1205847720,Walmart Inc.,CA,Mass Immunizer Roster Biller,O,54282.8,54282.8,2005,354,https://npiregistry.cms.hhs.gov/provider-view/1205847720
1659616969,Missouri Cvs Pharmacy Llc,MO,Mass Immunizer Roster Biller,O,54261.25,54261.25,990,343,https://npiregistry.cms.hhs.gov/provider-view/1659616969
1538166657,Herman James,TN,Urology,I,54191.69,70375.79,892,237,https://npiregistry.cms.hhs.gov/provider-view/1538166657
1225420334,Ellenberg Evan,FL,Physician Assistant,I,54112.68,81344.08,1163,191,https://npiregistry.cms.hhs.gov/provider-view/1225420334
1346293222,Geldart Donald,FL,Emergency Medicine,I,54110.67,69516.41,1106,349,https://npiregistry.cms.hhs.gov/provider-view/1346293222
1699882316,"Kph Healthcare Services, Inc.",NY,Mass Immunizer Roster Biller,O,54099.88,54099.88,1334,319,https://npiregistry.cms.hhs.gov/provider-view/1699882316
1306949755,Ohio Cvs Stores Llc,OH,Mass Immunizer Roster Biller,O,54007.49,54007.49,1035,298,https://npiregistry.cms.hhs.gov/provider-view/1306949755
1962444836,Avalos Stephen,CA,Pathology,I,54000.83,70092.66,1931,548,https://npiregistry.cms.hhs.gov/provider-view/1962444836
1285726349,Riddick Meredith,GA,Gastroenterology,I,53985.08,71723.19,619,293,https://npiregistry.cms.hhs.gov/provider-view/1285726349
1871825554,"Cvs Pharmacy, Inc",TX,Mass Immunizer Roster Biller,O,53898.78,53898.78,1541,320,https://npiregistry.cms.hhs.gov/provider-view/1871825554
1164465332,Longs Drug Stores California Llc,CA,Mass Immunizer Roster Biller,O,53864.35,53864.35,995,306,https://npiregistry.cms.hhs.gov/provider-view/1164465332
1013913268,Wampler James,VA,Physical Therapist in Private Practice,I,53861.72,70303.99,2551,151,https://npiregistry.cms.hhs.gov/provider-view/1013913268
1033243779,Williams Gregory,PA,Psychiatry,I,53702.02,72059.46,691,153,https://npiregistry.cms.hhs.gov/provider-view/1033243779
1821052820,Price Gregory,PA,Diagnostic Radiology,I,53620.0,68709.72,1912,1370,https://npiregistry.cms.hhs.gov/provider-view/1821052820
1073557328,Arizona Cvs Stores Llc,AZ,Mass Immunizer Roster Biller,O,53612.38,53612.38,1308,314,https://npiregistry.cms.hhs.gov/provider-view/1073557328
1578608204,Gawchik Sandra,PA,Allergy/ Immunology,I,53599.33,70595.09,2455,222,https://npiregistry.cms.hhs.gov/provider-view/1578608204
1225027550,Grill Howard,NY,Internal Medicine,I,53573.55,80782.37,1463,151,https://npiregistry.cms.hhs.gov/provider-view/1225027550
1346532512,Lopez-Mena Gerardo,TX,Internal Medicine,I,53481.29,69076.94,504,116,https://npiregistry.cms.hhs.gov/provider-view/1346532512
1619919511,Crossen Karl,MS,Clinical Cardiac Electrophysiology,I,53464.49,84725.07,822,340,https://npiregistry.cms.hhs.gov/provider-view/1619919511
1700957016,Graham Jimmy,GA,Internal Medicine,I,53447.05,67145.19,417,376,https://npiregistry.cms.hhs.gov/provider-view/1700957016
1982715223,Morlin Gregory,WA,Infectious Disease,I,53370.17,67826.7,573,209,https://npiregistry.cms.hhs.gov/provider-view/1982715223
1497704928,Guergues Youssef,FL,Interventional Pain Management,I,53324.67,66968.69,739,328,https://npiregistry.cms.hhs.gov/provider-view/1497704928
1982697959,Sparks Nigel,PA,Orthopedic Surgery,I,53241.33,70326.01,5648,240,https://npiregistry.cms.hhs.gov/provider-view/1982697959
1851375679,Wiethop Brian,AL,Endocrinology,I,53174.33,84592.15,1804,510,https://npiregistry.cms.hhs.gov/provider-view/1851375679
1346343167,Georgia Cvs Pharmacy Llc,GA,Mass Immunizer Roster Biller,O,53148.36,53148.36,1357,314,https://npiregistry.cms.hhs.gov/provider-view/1346343167
1760805626,Gill Rahul,TX,Internal Medicine,I,53138.22,67140.93,652,147,https://npiregistry.cms.hhs.gov/provider-view/1760805626
1265451702,Yeoman John,GA,Diagnostic Radiology,I,53130.52,71814.41,2245,1256,https://npiregistry.cms.hhs.gov/provider-view/1265451702
1003916651,Nowack William,KS,Neurology,I,53060.32,66597.24,1298,369,https://npiregistry.cms.hhs.gov/provider-view/1003916651
1013010552,South Carolina Cvs Pharmacy Llc,SC,Mass Immunizer Roster Biller,O,52980.36,52980.36,935,276,https://npiregistry.cms.hhs.gov/provider-view/1013010552
1447350640,Clair Alvin,GA,Dermatology,I,52948.98,77963.27,880,273,https://npiregistry.cms.hhs.gov/provider-view/1447350640
1417943598,Smith Mark,FL,Optometry,I,52934.42,77717.44,833,453,https://npiregistry.cms.hhs.gov/provider-view/1417943598
1417982778,Blaylock Wilmer,VA,Dermatology,I,52875.01,73157.72,1383,313,https://npiregistry.cms.hhs.gov/provider-view/1417982778
1013397793,Bovda Olha,TX,Nurse Practitioner,I,52836.77,66792.69,987,107,https://npiregistry.cms.hhs.gov/provider-view/1013397793
1487753794,"Warm Springs Road Cvs, L.L.C.",NV,Mass Immunizer Roster Biller,O,52824.32,52824.32,1429,282,https://npiregistry.cms.hhs.gov/provider-view/1487753794
1356604318,Lanis Aleksandr,MO,Internal Medicine,I,52808.91,65530.66,2017,239,https://npiregistry.cms.hhs.gov/provider-view/1356604318
1265536049,Cvs Pharmacy Inc,TX,Mass Immunizer Roster Biller,O,52761.53,52761.53,969,258,https://npiregistry.cms.hhs.gov/provider-view/1265536049
1225131931,"Tennessee Cvs Pharmacy, L.L.C.",TN,Mass Immunizer Roster Biller,O,52755.41,52755.41,1466,294,https://npiregistry.cms.hhs.gov/provider-view/1225131931
1790835213,Michota Sharon,FL,Nurse Practitioner,I,52732.75,67748.71,763,114,https://npiregistry.cms.hhs.gov/provider-view/1790835213
1932171717,Gazak Stephen,PA,Emergency Medicine,I,52574.65,65202.68,400,376,https://npiregistry.cms.hhs.gov/provider-view/1932171717
1992880751,Miller Gordon,WV,Podiatry,I,52566.98,71409.01,1069,253,https://npiregistry.cms.hhs.gov/provider-view/1992880751
1689152308,Gunter Cassie,WV,Nurse Practitioner,I,52548.7,73901.32,1030,366,https://npiregistry.cms.hhs.gov/provider-view/1689152308
1346296548,Moore Robert,MA,General Surgery,I,52527.13,68515.09,294,166,https://npiregistry.cms.hhs.gov/provider-view/1346296548
1528091030,Bannasch Gerald,WI,Psychiatry,I,52527.12,72684.61,912,81,https://npiregistry.cms.hhs.gov/provider-view/1528091030
1104950955,Steinberg Paul,DC,Psychiatry,I,52525.74,66724.82,450,14,https://npiregistry.cms.hhs.gov/provider-view/1104950955
1740376706,Heinemann Murk-Hein,NY,Ophthalmology,I,52477.7,66841.22,920,491,https://npiregistry.cms.hhs.gov/provider-view/1740376706
1174189724,Freeman Chanel,NY,Nurse Practitioner,I,52473.25,66688.41,917,215,https://npiregistry.cms.hhs.gov/provider-view/1174189724
1932156213,Leonard Bradley,TX,Cardiology,I,52457.59,78935.83,766,383,https://npiregistry.cms.hhs.gov/provider-view/1932156213
1104920040,"Highland Park Cvs, L.L.C.",IL,Mass Immunizer Roster Biller,O,52396.56,52396.56,1048,255,https://npiregistry.cms.hhs.gov/provider-view/1104920040
1831163096,Protell Robert,CA,Gastroenterology,I,52387.1,66687.98,533,254,https://npiregistry.cms.hhs.gov/provider-view/1831163096
1396332771,Cvs Albany Llc,NY,Mass Immunizer Roster Biller,O,52384.28,52384.28,1206,247,https://npiregistry.cms.hhs.gov/provider-view/1396332771
1982640223,Wilkoff Bruce,OH,Clinical Cardiac Electrophysiology,I,52362.9,70125.59,1013,518,https://npiregistry.cms.hhs.gov/provider-view/1982640223
1245794254,District Of Columbia Cvs Pharmacy Llc,DC,Mass Immunizer Roster Biller,O,52326.91,52326.91,835,270,https://npiregistry.cms.hhs.gov/provider-view/1245794254
1548363302,Georgia Cvs Pharmacy Llc,GA,Mass Immunizer Roster Biller,O,52299.36,52299.36,944,250,https://npiregistry.cms.hhs.gov/provider-view/1548363302
1316005135,Kintanar Esperanza,MI,Pathology,I,52294.63,66596.19,1927,775,https://npiregistry.cms.hhs.gov/provider-view/1316005135
1245383413,Reyes Renato,UT,Internal Medicine,I,52258.63,66945.33,646,197,https://npiregistry.cms.hhs.gov/provider-view/1245383413
1164404745,Wenzke Frank,OH,Cardiology,I,52244.97,68208.27,1057,349,https://npiregistry.cms.hhs.gov/provider-view/1164404745
1932386703,Patel Dhaval,VA,Cardiology,I,52149.01,70266.96,563,405,https://npiregistry.cms.hhs.gov/provider-view/1932386703
1437111648,Holliday Ruth,NY,Diagnostic Radiology,I,52133.71,67320.88,1749,1123,https://npiregistry.cms.hhs.gov/provider-view/1437111648
1528069093,Kleinbaum Herman,NY,Gastroenterology,I,52115.69,72854.68,435,278,https://npiregistry.cms.hhs.gov/provider-view/1528069093
1659474484,Ohio Cvs Stores Llc,OH,Mass Immunizer Roster Biller,O,52099.6,52099.6,1306,317,https://npiregistry.cms.hhs.gov/provider-view/1659474484
1992026660,Quinn Ann,MA,Internal Medicine,I,52070.08,67967.14,1653,218,https://npiregistry.cms.hhs.gov/provider-view/1992026660
1295799427,Chettur Vinod,PA,Emergency Medicine,I,52057.59,65427.68,476,409,https://npiregistry.cms.hhs.gov/provider-view/1295799427
1669779617,Seldeen Donald,CA,"Psychologist, Clinical",I,52036.46,66254.22,455,16,https://npiregistry.cms.hhs.gov/provider-view/1669779617
1447332614,Gargiulo Nicholas,NY,Vascular Surgery,I,52033.49,67122.7,590,271,https://npiregistry.cms.hhs.gov/provider-view/1447332614
1922057819,Penner Dennis,CA,Internal Medicine,I,52009.44,61886.75,3344,221,https://npiregistry.cms.hhs.gov/provider-view/1922057819
1245332535,"Woodward Detroit Cvs, L.L.C.",MI,Mass Immunizer Roster Biller,O,51953.46,51953.46,1357,297,https://npiregistry.cms.hhs.gov/provider-view/1245332535
1417016346,Shah Nalinchandra,TN,Allergy/ Immunology,I,51945.53,71026.22,5344,49,https://npiregistry.cms.hhs.gov/provider-view/1417016346
1922054816,Stien John,WI,Diagnostic Radiology,I,51892.34,73156.74,3339,1439,https://npiregistry.cms.hhs.gov/provider-view/1922054816
1780622480,Kolluri Glenn,FL,Neurology,I,51798.82,66949.89,881,602,https://npiregistry.cms.hhs.gov/provider-view/1780622480
1881923597,Wilkes Ouida,TN,Nurse Practitioner,I,51723.05,63094.14,664,103,https://npiregistry.cms.hhs.gov/provider-view/1881923597
1588859011,Greenberg Edwin,CA,"Psychologist, Clinical",I,51684.97,66753.24,431,25,https://npiregistry.cms.hhs.gov/provider-view/1588859011
1659550341,Publix Super Markets Inc,SC,Centralized Flu,O,51665.05,51665.05,1262,312,https://npiregistry.cms.hhs.gov/provider-view/1659550341
1386276400,Garfield Beach Cvs Llc,CA,Mass Immunizer Roster Biller,O,51632.86,51632.86,1165,231,https://npiregistry.cms.hhs.gov/provider-view/1386276400
1508843269,Delfiner Joel,NY,Neurology,I,51539.08,67435.76,437,178,https://npiregistry.cms.hhs.gov/provider-view/1508843269
1285258731,Gardner Jeff,WY,Physician Assistant,I,51420.72,67724.05,1222,495,https://npiregistry.cms.hhs.gov/provider-view/1285258731
1912253287,Wilkins Monica,PA,Family Practice,I,51396.25,71294.99,763,255,https://npiregistry.cms.hhs.gov/provider-view/1912253287
1992809727,Cvs Pharmacy Inc,TX,Mass Immunizer Roster Biller,O,51375.04,51375.04,1082,281,https://npiregistry.cms.hhs.gov/provider-view/1992809727
1003842535,"Big Sky Imaging Consultants, Llc",MT,Independent Diagnostic Testing Facility (IDTF),O,51282.79,70944.42,15940,386,https://npiregistry.cms.hhs.gov/provider-view/1003842535
1912001801,German Dobson Cvs Llc,AZ,Mass Immunizer Roster Biller,O,51279.64,51279.64,1072,293,https://npiregistry.cms.hhs.gov/provider-view/1912001801
1922403187,Smith Megan,CA,Physician Assistant,I,51252.0,69532.39,946,278,https://npiregistry.cms.hhs.gov/provider-view/1922403187
1003884818,Styka Phillip,NM,Anesthesiology,I,51211.52,66980.83,644,579,https://npiregistry.cms.hhs.gov/provider-view/1003884818
1316970148,Dixon Jerry,AR,General Surgery,I,51177.39,62923.24,686,202,https://npiregistry.cms.hhs.gov/provider-view/1316970148
1215967534,Rudnitzky Elliot,NJ,Cardiology,I,51173.9,68715.77,925,221,https://npiregistry.cms.hhs.gov/provider-view/1215967534
1982707485,Ohio Cvs Stores Llc,OH,Mass Immunizer Roster Biller,O,51161.62,51161.62,1052,289,https://npiregistry.cms.hhs.gov/provider-view/1982707485
1306819792,Guth Robert,TN,Family Practice,I,51106.96,72271.78,894,169,https://npiregistry.cms.hhs.gov/provider-view/1306819792
1518073014,Parikh Smita,MO,Diagnostic Radiology,I,51053.37,55056.41,1862,949,https://npiregistry.cms.hhs.gov/provider-view/1518073014
1487758462,Holiday Cvs Llc,FL,Mass Immunizer Roster Biller,O,51022.6,51022.6,1644,333,https://npiregistry.cms.hhs.gov/provider-view/1487758462
1437412699,Wilkes Alexander,WI,General Surgery,I,50913.88,64748.26,287,169,https://npiregistry.cms.hhs.gov/provider-view/1437412699
1316965502,Peters Michele,AZ,Nurse Practitioner,I,50894.0,75028.95,701,184,https://npiregistry.cms.hhs.gov/provider-view/1316965502
1851494538,Hook-Superx Llc,IN,Mass Immunizer Roster Biller,O,50881.06,50881.06,925,270,https://npiregistry.cms.hhs.gov/provider-view/1851494538
1174684690,Gilbert Thomas,GA,General Surgery,I,50815.7,64397.9,479,212,https://npiregistry.cms.hhs.gov/provider-view/1174684690
1083175806,Kassa Marta,TN,Internal Medicine,I,50780.71,64524.45,683,236,https://npiregistry.cms.hhs.gov/provider-view/1083175806
1689675811,Fendon Timothy,IL,Emergency Medicine,I,50758.57,62041.26,371,343,https://npiregistry.cms.hhs.gov/provider-view/1689675811
1528160819,"Woodward Detroit Cvs, L.L.C.",MI,Mass Immunizer Roster Biller,O,50755.08,50755.08,1321,304,https://npiregistry.cms.hhs.gov/provider-view/1528160819
1184693046,Makkar Hitesh,OH,Pulmonary Disease,I,50748.49,69285.03,839,390,https://npiregistry.cms.hhs.gov/provider-view/1184693046
1104986918,Leaf David,MA,Chiropractic,I,50733.31,74647.52,2022,416,https://npiregistry.cms.hhs.gov/provider-view/1104986918
1992828388,"Cvs Pharmacy, Inc.",TX,Mass Immunizer Roster Biller,O,50729.29,50729.29,932,250,https://npiregistry.cms.hhs.gov/provider-view/1992828388
1649706805,Garfield Beach Cvs Llc,CA,Mass Immunizer Roster Biller,O,50692.16,50692.16,976,275,https://npiregistry.cms.hhs.gov/provider-view/1649706805
1407843923,Draper Victoria,FL,Emergency Medicine,I,50662.95,67888.87,2439,265,https://npiregistry.cms.hhs.gov/provider-view/1407843923
1851687024,Taylor Trent,CA,Physician Assistant,I,50632.41,69314.5,469,142,https://npiregistry.cms.hhs.gov/provider-view/1851687024
1912238833,"Pennsylvania Cvs Pharmacy, L.L.C.",PA,Mass Immunizer Roster Biller,O,50621.84,50621.84,1284,276,https://npiregistry.cms.hhs.gov/provider-view/1912238833
1831240902,Jaffe Alan,FL,"Psychologist, Clinical",I,50580.97,65928.55,506,27,https://npiregistry.cms.hhs.gov/provider-view/1831240902
1154702702,Liu Yongbao,CT,Nurse Practitioner,I,50562.61,63753.74,759,193,https://npiregistry.cms.hhs.gov/provider-view/1154702702
1730297193,"Woodward Detroit Cvs, L.L.C.",MI,Mass Immunizer Roster Biller,O,50560.98,50560.98,1815,287,https://npiregistry.cms.hhs.gov/provider-view/1730297193
1659452308,Rowe Clay,AL,Family Practice,I,50521.76,69895.4,1137,176,https://npiregistry.cms.hhs.gov/provider-view/1659452308
1497756944,Mccullen Jennifer,FL,Obstetrics & Gynecology,I,50499.43,56275.01,688,264,https://npiregistry.cms.hhs.gov/provider-view/1497756944
1972839363,Horne Michele,CA,Family Practice,I,50496.56,69534.34,522,124,https://npiregistry.cms.hhs.gov/provider-view/1972839363
1265452494,Salvia Peter,MI,Family Practice,I,50472.87,73856.62,1103,203,https://npiregistry.cms.hhs.gov/provider-view/1265452494
1720172554,Versales Gilda,CA,Psychiatry,I,50472.52,73470.23,621,86,https://npiregistry.cms.hhs.gov/provider-view/1720172554
1902275001,Cvs Pharmacy Inc,TX,Mass Immunizer Roster Biller,O,50468.71,50468.71,1255,301,https://npiregistry.cms.hhs.gov/provider-view/1902275001
1952459638,Caterine Anthony,VA,Psychiatry,I,50413.51,64962.01,556,289,https://npiregistry.cms.hhs.gov/provider-view/1952459638
1902991177,Anderson Stanley,TN,Diagnostic Radiology,I,50399.79,55311.12,2155,1195,https://npiregistry.cms.hhs.gov/provider-view/1902991177
1750971008,Cvs Pharmacy Inc,TX,Mass Immunizer Roster Biller,O,50396.21,50396.21,1318,268,https://npiregistry.cms.hhs.gov/provider-view/1750971008
1588768303,Cvs Pharmacy Inc,TX,Mass Immunizer Roster Biller,O,50391.05,50391.05,1272,271,https://npiregistry.cms.hhs.gov/provider-view/1588768303
1962506477,Piermattei Dennis,NJ,Licensed Clinical Social Worker,I,50390.78,64237.34,573,22,https://npiregistry.cms.hhs.gov/provider-view/1962506477
1730199605,Reese Morris,GA,Family Practice,I,50386.42,69901.99,616,68,https://npiregistry.cms.hhs.gov/provider-view/1730199605
1508285891,Teasley Rodney,WA,Otolaryngology,I,50352.1,69292.56,536,241,https://npiregistry.cms.hhs.gov/provider-view/1508285891
1467407916,Hometown Pharmacy Inc.,MI,Mass Immunizer Roster Biller,O,50285.77,50285.77,751,275,https://npiregistry.cms.hhs.gov/provider-view/1467407916
1558339226,Schiettino David,NJ,Podiatry,I,50275.36,63602.11,623,82,https://npiregistry.cms.hhs.gov/provider-view/1558339226
1821209685,Williamson Joy,MD,Licensed Clinical Social Worker,I,50253.05,66816.02,588,43,https://npiregistry.cms.hhs.gov/provider-view/1821209685
1336595164,Scucci-Hamilton Sherry,NJ,Licensed Clinical Social Worker,I,50221.5,64928.04,1062,47,https://npiregistry.cms.hhs.gov/provider-view/1336595164
1619135621,Paxton Debra,NY,Family Practice,I,50214.58,62939.95,716,189,https://npiregistry.cms.hhs.gov/provider-view/1619135621
1982841482,Clark Daniel,FL,Physical Therapist in Private Practice,I,50194.88,64090.64,2687,24,https://npiregistry.cms.hhs.gov/provider-view/1982841482
1790096832,Hammel Rikki,WI,Nurse Practitioner,I,50183.23,85142.3,1324,439,https://npiregistry.cms.hhs.gov/provider-view/1790096832
1194059212,Ryan Beth,MD,Physician Assistant,I,50163.09,62519.06,884,224,https://npiregistry.cms.hhs.gov/provider-view/1194059212
1972579944,Angott Allison,NC,Family Practice,I,50148.76,77075.94,1112,370,https://npiregistry.cms.hhs.gov/provider-view/1972579944
1801823992,Cole Scott,MD,Anesthesiology,I,50061.66,58991.46,450,446,https://npiregistry.cms.hhs.gov/provider-view/1801823992
1366490351,Sadovnik Miguel,MD,Internal Medicine,I,49981.57,85537.22,753,218,https://npiregistry.cms.hhs.gov/provider-view/1366490351
1114593332,Brasher Amelie,VA,Physical Therapist in Private Practice,I,49950.03,66080.75,2505,50,https://npiregistry.cms.hhs.gov/provider-view/1114593332
1114958972,Bowman Michael,NC,Neurology,I,49912.09,72332.64,4074,174,https://npiregistry.cms.hhs.gov/provider-view/1114958972
1396940763,Tameo Michael,MA,General Surgery,I,49906.41,76142.36,430,221,https://npiregistry.cms.hhs.gov/provider-view/1396940763
1518224724,Sims Gary,OK,Internal Medicine,I,49903.5,62499.71,439,129,https://npiregistry.cms.hhs.gov/provider-view/1518224724
1427154319,Palliser Michael,IL,Podiatry,I,49898.84,71699.63,809,234,https://npiregistry.cms.hhs.gov/provider-view/1427154319
1992702583,Johnson Charlie,CA,Internal Medicine,I,49783.32,65184.31,428,400,https://npiregistry.cms.hhs.gov/provider-view/1992702583
1659566222,New Jersey Cvs Pharmacy Llc,NJ,Mass Immunizer Roster Biller,O,49759.9,49759.9,1092,280,https://npiregistry.cms.hhs.gov/provider-view/1659566222
1730240839,Brauer Lee,CT,Psychiatry,I,49687.13,63118.65,770,17,https://npiregistry.cms.hhs.gov/provider-view/1730240839
1366074676,Garfield Beach Cvs Llc,CA,Mass Immunizer Roster Biller,O,49631.3,49631.3,982,213,https://npiregistry.cms.hhs.gov/provider-view/1366074676
1265510135,Balle Mark,MI,Dermatology,I,49597.05,65462.16,323,115,https://npiregistry.cms.hhs.gov/provider-view/1265510135
1053381244,Giudice James,NJ,Pulmonary Disease,I,49579.38,68354.11,678,305,https://npiregistry.cms.hhs.gov/provider-view/1053381244
1689626681,Maximo Clifford,OH,Urology,I,49539.82,70580.92,625,265,https://npiregistry.cms.hhs.gov/provider-view/1689626681
1609827815,Rogozinski Thaddeus,IL,Anesthesiology,I,49490.12,61999.0,517,490,https://npiregistry.cms.hhs.gov/provider-view/1609827815
1780866970,Vogel Lanette,CO,Physical Therapist in Private Practice,I,49478.03,65998.51,2320,152,https://npiregistry.cms.hhs.gov/provider-view/1780866970
1578705224,Brooks Danny,FL,Nurse Practitioner,I,49366.6,62832.68,890,551,https://npiregistry.cms.hhs.gov/provider-view/1578705224
1205824554,Decker Thomas,NH,Internal Medicine,I,49340.79,77334.33,832,419,https://npiregistry.cms.hhs.gov/provider-view/1205824554
1598723785,Osevala Mark,PA,Cardiac Surgery,I,49328.94,61958.41,117,41,https://npiregistry.cms.hhs.gov/provider-view/1598723785
1962651661,Dy Benzon,MN,General Surgery,I,49279.25,62074.14,169,101,https://npiregistry.cms.hhs.gov/provider-view/1962651661
1396293049,Kentucky Cvs Pharmacy Llc,KY,Mass Immunizer Roster Biller,O,49176.86,49176.86,806,251,https://npiregistry.cms.hhs.gov/provider-view/1396293049
1679504369,Ramusack Raymond,WA,Anesthesiology,I,49132.21,62252.09,308,267,https://npiregistry.cms.hhs.gov/provider-view/1679504369
1881919785,Luskin Jordan,FL,Urology,I,49057.19,67798.8,1096,183,https://npiregistry.cms.hhs.gov/provider-view/1881919785
1427152313,"German Dobson Cvs, L.L.C.",AZ,Mass Immunizer Roster Biller,O,49037.82,49037.82,879,248,https://npiregistry.cms.hhs.gov/provider-view/1427152313
1730143736,Sebastianelli Wayne,PA,Orthopedic Surgery,I,49018.43,63144.78,453,132,https://npiregistry.cms.hhs.gov/provider-view/1730143736
1205822285,Huang Wilbur,CA,Anesthesiology,I,48984.25,62135.87,325,228,https://npiregistry.cms.hhs.gov/provider-view/1205822285
1922153048,Puro David,NY,"Psychologist, Clinical",I,48910.91,63157.65,490,12,https://npiregistry.cms.hhs.gov/provider-view/1922153048
1114965597,Wesa Kathleen,NY,Hospitalist,I,48892.98,62481.42,382,336,https://npiregistry.cms.hhs.gov/provider-view/1114965597
1346792769,Bennett Katherine,FL,Family Practice,I,48861.68,65554.88,662,218,https://npiregistry.cms.hhs.gov/provider-view/1346792769
1780678102,Gerig Kevin,IN,General Surgery,I,48840.86,62220.19,509,233,https://npiregistry.cms.hhs.gov/provider-view/1780678102
1235233198,Holiday Cvs Llc,FL,Mass Immunizer Roster Biller,O,48755.19,48755.19,1793,312,https://npiregistry.cms.hhs.gov/provider-view/1235233198
1811989536,Reinker Frances,VA,"Psychologist, Clinical",I,48734.76,63044.91,443,31,https://npiregistry.cms.hhs.gov/provider-view/1811989536
1992796551,Gasner Kurt,FL,Hand Surgery,I,48689.44,63860.51,843,164,https://npiregistry.cms.hhs.gov/provider-view/1992796551
1871524496,Patterson Robert,PA,Pathology,I,48677.74,67686.11,2012,1055,https://npiregistry.cms.hhs.gov/provider-view/1871524496
1598722670,Cummings Justin,MS,Internal Medicine,I,48581.29,61230.06,572,196,https://npiregistry.cms.hhs.gov/provider-view/1598722670
1346385879,"Pennsylvania Cvs Pharmacy, L.L.C.",PA,Mass Immunizer Roster Biller,O,48578.54,48578.54,1276,248,https://npiregistry.cms.hhs.gov/provider-view/1346385879
1801066014,Seymour Marilyn,TX,Physician Assistant,I,48542.36,61452.74,592,241,https://npiregistry.cms.hhs.gov/provider-view/1801066014
1427028224,Picker-Johnson Linda,OR,Nurse Practitioner,I,48494.84,71560.9,792,114,https://npiregistry.cms.hhs.gov/provider-view/1427028224
1548494115,Pilewski Victor,PA,General Surgery,I,48480.18,63106.45,429,173,https://npiregistry.cms.hhs.gov/provider-view/1548494115
1326341546,Nebraska Cvs Pharmacy Llc,NE,Mass Immunizer Roster Biller,O,48316.64,48316.64,1267,271,https://npiregistry.cms.hhs.gov/provider-view/1326341546
1992897623,New Jersey Cvs Pharmacy Llc,NJ,Mass Immunizer Roster Biller,O,48298.41,48298.41,1159,281,https://npiregistry.cms.hhs.gov/provider-view/1992897623
1013018068,Mattes Leonard,NY,Internal Medicine,I,48288.48,61227.34,862,175,https://npiregistry.cms.hhs.gov/provider-view/1013018068
1710176110,"Highland Park Cvs, L.L.C.",IL,Mass Immunizer Roster Biller,O,48241.86,48241.86,1160,250,https://npiregistry.cms.hhs.gov/provider-view/1710176110
1316986698,Vogt Mark,MD,Anesthesiology,I,48213.0,60549.07,277,245,https://npiregistry.cms.hhs.gov/provider-view/1316986698
1801977129,Shell Stephanie,FL,Family Practice,I,48200.99,62120.03,655,137,https://npiregistry.cms.hhs.gov/provider-view/1801977129
1114984820,Loconte Manlio,MA,Pathology,I,48188.77,53165.49,582,20,https://npiregistry.cms.hhs.gov/provider-view/1114984820
1285296657,Gonzales Michael,CA,Physical Therapist in Private Practice,I,48155.47,63090.7,2043,91,https://npiregistry.cms.hhs.gov/provider-view/1285296657
1891894192,"Woodward Detroit Cvs, L.L.C.",MI,Mass Immunizer Roster Biller,O,48151.68,48151.68,1561,334,https://npiregistry.cms.hhs.gov/provider-view/1891894192
1417956574,Green Jeffrey,TX,Physician Assistant,I,48035.43,66666.72,3125,191,https://npiregistry.cms.hhs.gov/provider-view/1417956574
1215240551,Singh Sudhir,MO,Endocrinology,I,48016.21,65596.64,1747,139,https://npiregistry.cms.hhs.gov/provider-view/1215240551
1821191651,Ohio Cvs Stores Llc,OH,Mass Immunizer Roster Biller,O,47966.2,47966.2,1128,289,https://npiregistry.cms.hhs.gov/provider-view/1821191651
1134223084,Maryland Cvs Pharmacy Llc,MD,Mass Immunizer Roster Biller,O,47962.4,47962.4,829,241,https://npiregistry.cms.hhs.gov/provider-view/1134223084
1316999055,Moon Chul So,MN,Internal Medicine,I,47914.22,63511.49,639,152,https://npiregistry.cms.hhs.gov/provider-view/1316999055
1801187489,Delones Debra,TN,Nurse Practitioner,I,47769.79,69041.43,3604,327,https://npiregistry.cms.hhs.gov/provider-view/1801187489
1376988139,Kansas Cvs Pharmacy Llc,KS,Mass Immunizer Roster Biller,O,47756.19,47756.19,1467,273,https://npiregistry.cms.hhs.gov/provider-view/1376988139
1568454833,Abrams Albert,PA,Rheumatology,I,47736.68,68095.98,773,263,https://npiregistry.cms.hhs.gov/provider-view/1568454833
1316394273,Bahoora Justin,MI,Internal Medicine,I,47733.73,60437.57,650,210,https://npiregistry.cms.hhs.gov/provider-view/1316394273
1194879775,Floyd Leslie,AZ,Physician Assistant,I,47668.34,63203.12,2045,108,https://npiregistry.cms.hhs.gov/provider-view/1194879775
1063703478,Cvs Pharmacy Inc,TX,Mass Immunizer Roster Biller,O,47655.28,47655.28,1255,295,https://npiregistry.cms.hhs.gov/provider-view/1063703478
1417160086,Albanese Joseph,FL,Internal Medicine,I,47645.17,63094.81,1571,73,https://npiregistry.cms.hhs.gov/provider-view/1417160086
1538200274,Wilmeth Jo,CA,General Surgery,I,47606.94,60131.95,536,37,https://npiregistry.cms.hhs.gov/provider-view/1538200274
1972156842,Norman Regional Hospital Authority,OK,Ambulatory Surgical Center,O,47525.83,57389.81,149,85,https://npiregistry.cms.hhs.gov/provider-view/1972156842
1396889671,Kellen David,FL,Family Practice,I,47512.57,75211.41,832,322,https://npiregistry.cms.hhs.gov/provider-view/1396889671
1154324523,Kestlinger Steven,NJ,Physician Assistant,I,47504.56,64236.5,2167,404,https://npiregistry.cms.hhs.gov/provider-view/1154324523
1629528872,Jermine Jaclyn,CT,Nurse Practitioner,I,47480.97,60988.05,705,227,https://npiregistry.cms.hhs.gov/provider-view/1629528872
1427154558,Scacewater Ricky,MO,Critical Care (Intensivists),I,47473.9,65173.79,957,299,https://npiregistry.cms.hhs.gov/provider-view/1427154558
1306833843,Robinson Robert,IL,Internal Medicine,I,47460.62,60678.41,545,194,https://npiregistry.cms.hhs.gov/provider-view/1306833843
1043207764,Petruska Myron,NC,Family Practice,I,47458.7,67899.49,3958,210,https://npiregistry.cms.hhs.gov/provider-view/1043207764
1699711754,"German Dobson Cvs, L.L.C.",AZ,Mass Immunizer Roster Biller,O,47384.83,47384.83,872,250,https://npiregistry.cms.hhs.gov/provider-view/1699711754
1841296423,Pinson Thomas,MO,Emergency Medicine,I,47370.74,59596.02,509,373,https://npiregistry.cms.hhs.gov/provider-view/1841296423
1538186176,Stone Theresa,DC,Internal Medicine,I,47296.86,63807.5,915,197,https://npiregistry.cms.hhs.gov/provider-view/1538186176
1336160704,Winn Dixie Stores Inc,FL,Centralized Flu,O,47294.63,47294.63,2914,345,https://npiregistry.cms.hhs.gov/provider-view/1336160704
1366404790,Dorce Jean,NY,Emergency Medicine,I,47204.46,59384.81,359,323,https://npiregistry.cms.hhs.gov/provider-view/1366404790
1366486193,Longs Drug Stores California Llc,CA,Mass Immunizer Roster Biller,O,47154.61,47154.61,2608,364,https://npiregistry.cms.hhs.gov/provider-view/1366486193
1083718860,Cvs Pharmacy Inc,TX,Mass Immunizer Roster Biller,O,47131.56,47131.56,862,263,https://npiregistry.cms.hhs.gov/provider-view/1083718860
1669578373,Decamps Daniel,SC,Family Practice,I,47123.06,66637.94,1698,256,https://npiregistry.cms.hhs.gov/provider-view/1669578373
1023208444,Schmidt Brian,FL,General Surgery,I,47113.97,59712.97,310,84,https://npiregistry.cms.hhs.gov/provider-view/1023208444
1225185630,Schmidt Robert,IL,Diagnostic Radiology,I,47050.94,51599.83,1642,916,https://npiregistry.cms.hhs.gov/provider-view/1225185630
1316147556,Mahoney Heather,NY,Emergency Medicine,I,47007.44,59309.86,536,325,https://npiregistry.cms.hhs.gov/provider-view/1316147556
1396844056,Dales Danny,VA,Chiropractic,I,46923.36,69108.34,1824,149,https://npiregistry.cms.hhs.gov/provider-view/1396844056
1710979182,Benson Joseph,TX,Internal Medicine,I,46920.25,74850.84,1533,256,https://npiregistry.cms.hhs.gov/provider-view/1710979182
1083060669,O'dell Benjamin,AZ,Physical Therapist in Private Practice,I,46910.15,61723.43,2193,134,https://npiregistry.cms.hhs.gov/provider-view/1083060669
1023633435,Viaje Mabrigida,NJ,Nurse Practitioner,I,46910.08,62790.81,620,149,https://npiregistry.cms.hhs.gov/provider-view/1023633435
1366023673,King Whitney,TX,Nurse Practitioner,I,46851.17,61185.42,661,407,https://npiregistry.cms.hhs.gov/provider-view/1366023673
1285665463,Roberts Marjorie,MA,"Psychologist, Clinical",I,46821.11,61278.03,452,18,https://npiregistry.cms.hhs.gov/provider-view/1285665463
1336225150,Pfeiff James,NY,Obstetrics & Gynecology,I,46705.75,58696.22,1151,89,https://npiregistry.cms.hhs.gov/provider-view/1336225150
1538267018,"Virginia Cvs Pharmacy, L.L.C.",VA,Mass Immunizer Roster Biller,O,46700.78,46700.78,893,262,https://npiregistry.cms.hhs.gov/provider-view/1538267018
1851484430,Graves Leland,KS,Endocrinology,I,46687.6,60019.64,976,629,https://npiregistry.cms.hhs.gov/provider-view/1851484430
1700980596,Cvs Pharmacy Inc,TX,Mass Immunizer Roster Biller,O,46652.91,46652.91,972,246,https://npiregistry.cms.hhs.gov/provider-view/1700980596
1336183789,Longs Drug Stores California Llc,CA,Mass Immunizer Roster Biller,O,46532.0,46532.0,1412,257,https://npiregistry.cms.hhs.gov/provider-view/1336183789
1700841418,Murray Christopher,FL,Diagnostic Radiology,I,46457.11,58661.49,3516,2829,https://npiregistry.cms.hhs.gov/provider-view/1700841418
1457434797,New Jersey Cvs Pharmacy Llc,NJ,Mass Immunizer Roster Biller,O,46442.47,46442.47,1059,232,https://npiregistry.cms.hhs.gov/provider-view/1457434797
1891749602,Woody Mark,LA,Diagnostic Radiology,I,46374.89,62593.47,2005,1422,https://npiregistry.cms.hhs.gov/provider-view/1891749602
1184722670,Garfield Beach Cvs Llc,CA,Mass Immunizer Roster Biller,O,46332.98,46332.98,1307,247,https://npiregistry.cms.hhs.gov/provider-view/1184722670
1376581538,Ryan Frank,AZ,Internal Medicine,I,46325.41,60527.08,366,340,https://npiregistry.cms.hhs.gov/provider-view/1376581538
1780184622,Petrossian Andre,CA,"Psychologist, Clinical",I,46309.45,58431.93,708,34,https://npiregistry.cms.hhs.gov/provider-view/1780184622
1407945793,Matheson Jerid,NV,Occupational Therapist in Private Practice,I,46272.2,59230.43,2289,53,https://npiregistry.cms.hhs.gov/provider-view/1407945793
1497985568,"Montana Cvs Pharmacy, L.L.C.",MT,Mass Immunizer Roster Biller,O,46246.64,46246.64,781,226,https://npiregistry.cms.hhs.gov/provider-view/1497985568
1124122049,Holiday Cvs Llc,FL,Mass Immunizer Roster Biller,O,46147.99,46147.99,1189,258,https://npiregistry.cms.hhs.gov/provider-view/1124122049
1568407450,Garfield Beach Cvs Llc,CA,Mass Immunizer Roster Biller,O,46105.46,46105.46,1584,268,https://npiregistry.cms.hhs.gov/provider-view/1568407450
1225118490,Beverly Edith,FL,Nurse Practitioner,I,46104.52,59536.85,552,450,https://npiregistry.cms.hhs.gov/provider-view/1225118490
1437438710,Kucharewicz Jacek,FL,Internal Medicine,I,46096.61,58058.72,584,158,https://npiregistry.cms.hhs.gov/provider-view/1437438710
1063416766,Kiser Galen,AL,Emergency Medicine,I,46059.68,52578.0,3138,87,https://npiregistry.cms.hhs.gov/provider-view/1063416766
1871882126,Eastman Brad,SC,Anesthesiology,I,46044.48,58150.25,401,271,https://npiregistry.cms.hhs.gov/provider-view/1871882126
1801999677,"Highland Park Cvs, L.L.C.",IL,Mass Immunizer Roster Biller,O,46032.67,46032.67,1135,234,https://npiregistry.cms.hhs.gov/provider-view/1801999677
1679571210,Bajayo David,MN,Diagnostic Radiology,I,45969.18,68772.18,2638,1171,https://npiregistry.cms.hhs.gov/provider-view/1679571210
1033176201,Enright Michael,SC,Diagnostic Radiology,I,45930.66,59586.98,2234,1676,https://npiregistry.cms.hhs.gov/provider-view/1033176201
1790780625,Dayton Mark,IN,Hematology-Oncology,I,45892.45,58384.1,570,256,https://npiregistry.cms.hhs.gov/provider-view/1790780625
1598751232,Kendall Marvin,NH,Family Practice,I,45840.66,70163.93,823,147,https://npiregistry.cms.hhs.gov/provider-view/1598751232
1245761485,Paczkowski Gregory,MN,Family Practice,I,45799.63,57339.49,1391,156,https://npiregistry.cms.hhs.gov/provider-view/1245761485
1578522298,Linder Jeffrey,TX,Gastroenterology,I,45796.81,57160.39,462,265,https://npiregistry.cms.hhs.gov/provider-view/1578522298
1851529432,Nunez Benjason,PA,Internal Medicine,I,45727.29,57252.3,596,195,https://npiregistry.cms.hhs.gov/provider-view/1851529432
1942488101,Chen Abraham,CA,Family Practice,I,45688.96,61656.09,637,175,https://npiregistry.cms.hhs.gov/provider-view/1942488101
1407853229,Fulbright Bennie,KY,Orthopedic Surgery,I,45685.57,61664.27,1930,112,https://npiregistry.cms.hhs.gov/provider-view/1407853229
1891707063,Chamales Michael,TX,Emergency Medicine,I,45670.01,58141.34,391,373,https://npiregistry.cms.hhs.gov/provider-view/1891707063
1114989571,Deye Donald,MN,Internal Medicine,I,45664.98,55831.82,2286,121,https://npiregistry.cms.hhs.gov/provider-view/1114989571
1538233887,Kalibat Francis,VT,Psychiatry,I,45641.3,62922.77,619,53,https://npiregistry.cms.hhs.gov/provider-view/1538233887
1205046372,Wieder June,CA,Chiropractic,I,45613.6,63781.65,1626,85,https://npiregistry.cms.hhs.gov/provider-view/1205046372
1649373465,Ohio Cvs Stores Llc,OH,Mass Immunizer Roster Biller,O,45608.74,45608.74,1517,254,https://npiregistry.cms.hhs.gov/provider-view/1649373465
1265644710,Pruitt Channon,MS,Certified Registered Nurse Anesthetist (CRNA),I,45541.56,57747.54,300,294,https://npiregistry.cms.hhs.gov/provider-view/1265644710
1831538602,Kesler Matthew,MN,Physician Assistant,I,45478.25,66465.94,703,179,https://npiregistry.cms.hhs.gov/provider-view/1831538602
1588671218,Martin Donna,PA,"Psychologist, Clinical",I,45466.72,58644.57,391,26,https://npiregistry.cms.hhs.gov/provider-view/1588671218
1588615579,Madara Glenn,DE,Anesthesiology,I,45459.49,56970.32,424,326,https://npiregistry.cms.hhs.gov/provider-view/1588615579
1497701890,Habenicht Ann,OH,Osteopathic Manipulative Medicine,I,45458.22,62784.52,850,99,https://npiregistry.cms.hhs.gov/provider-view/1497701890
1972798213,Lewis Elizabeth,AL,Nurse Practitioner,I,45452.3,61204.84,4695,280,https://npiregistry.cms.hhs.gov/provider-view/1972798213
1841885779,Schavone Jessica,NC,Physician Assistant,I,45440.67,61348.33,1030,341,https://npiregistry.cms.hhs.gov/provider-view/1841885779
1801853536,Vinick Barry,MS,"Psychologist, Clinical",I,45400.88,60581.04,640,97,https://npiregistry.cms.hhs.gov/provider-view/1801853536
1538103361,Longs Drug Stores California Llc,CA,Mass Immunizer Roster Biller,O,45314.47,45314.47,1101,251,https://npiregistry.cms.hhs.gov/provider-view/1538103361
1942245170,Hoy Jeffrey,FL,Medical Oncology,I,45270.76,56666.11,6422,146,https://npiregistry.cms.hhs.gov/provider-view/1942245170
1114021052,"Highland Park Cvs, L.L.C.",IL,Mass Immunizer Roster Biller,O,45237.32,45237.32,1168,248,https://npiregistry.cms.hhs.gov/provider-view/1114021052
1629066139,Nguyen Anh,CA,General Practice,I,45149.6,69083.5,799,191,https://npiregistry.cms.hhs.gov/provider-view/1629066139
1659303501,Stop And Shop Supermarket Co Llc,NJ,Centralized Flu,O,45146.35,45146.35,882,231,https://npiregistry.cms.hhs.gov/provider-view/1659303501
1861585952,Laflamme Donna,FL,"Psychologist, Clinical",I,45051.66,56966.6,560,45,https://npiregistry.cms.hhs.gov/provider-view/1861585952
1164445029,Thanki Ashokkumar,PA,Neurosurgery,I,44950.39,58158.6,385,63,https://npiregistry.cms.hhs.gov/provider-view/1164445029
1285694984,Allen Gwendolyn,TX,Family Practice,I,44936.25,63237.34,1927,163,https://npiregistry.cms.hhs.gov/provider-view/1285694984
1124121892,"Highland Park Cvs, L.L.C.",IL,Mass Immunizer Roster Biller,O,44930.56,44930.56,1269,240,https://npiregistry.cms.hhs.gov/provider-view/1124121892
1154721074,Bradbury Anderson,NC,Nurse Practitioner,I,44898.84,61807.58,1080,540,https://npiregistry.cms.hhs.gov/provider-view/1154721074
1316957475,Walsh Coleen,FL,Certified Registered Nurse Anesthetist (CRNA),I,44891.56,55237.29,483,387,https://npiregistry.cms.hhs.gov/provider-view/1316957475
1013004027,Gray Peter,GA,Physician Assistant,I,44848.83,105931.92,1668,431,https://npiregistry.cms.hhs.gov/provider-view/1013004027
1306866389,Cooper William,MA,Podiatry,I,44753.4,61297.66,1026,322,https://npiregistry.cms.hhs.gov/provider-view/1306866389
1407848021,Hoffman Eric,CA,Diagnostic Radiology,I,44737.89,62246.17,2688,1908,https://npiregistry.cms.hhs.gov/provider-view/1407848021
1730120122,Kinsey Stephanie,FL,Physician Assistant,I,44686.26,60888.81,1118,524,https://npiregistry.cms.hhs.gov/provider-view/1730120122
1053388066,Howe Steven,OH,Family Practice,I,44685.22,61479.68,726,210,https://npiregistry.cms.hhs.gov/provider-view/1053388066
1255430559,"Woodward Detroit Cvs, L.L.C.",MI,Mass Immunizer Roster Biller,O,44622.8,44622.8,1113,259,https://npiregistry.cms.hhs.gov/provider-view/1255430559
1114901436,Steinman Sharon,NJ,Internal Medicine,I,44603.55,62203.89,487,287,https://npiregistry.cms.hhs.gov/provider-view/1114901436
1013088418,Moellman Joseph,OH,Emergency Medicine,I,44574.2,56797.17,557,322,https://npiregistry.cms.hhs.gov/provider-view/1013088418
1417992207,Akhtar Rasheed,IL,Internal Medicine,I,44558.12,56271.89,631,159,https://npiregistry.cms.hhs.gov/provider-view/1417992207
1265438659,Rich John,PA,Interventional Cardiology,I,44547.0,61726.15,1028,634,https://npiregistry.cms.hhs.gov/provider-view/1265438659
1619235801,Donovan Sean,NY,Emergency Medicine,I,44537.07,56003.49,416,356,https://npiregistry.cms.hhs.gov/provider-view/1619235801
1083786479,Passmore James,TX,Ophthalmology,I,44515.11,64029.98,635,350,https://npiregistry.cms.hhs.gov/provider-view/1083786479
1053354829,Longs Drug Stores California Llc,CA,Mass Immunizer Roster Biller,O,44511.1,44511.1,1317,256,https://npiregistry.cms.hhs.gov/provider-view/1053354829
1275203440,Sullins Cory,CA,"Psychologist, Clinical",I,44478.64,58688.63,459,19,https://npiregistry.cms.hhs.gov/provider-view/1275203440
1417288093,Gibson Edward,GA,Certified Registered Nurse Anesthetist (CRNA),I,44462.27,55795.62,249,248,https://npiregistry.cms.hhs.gov/provider-view/1417288093
1295113496,Luryi Alexander,NJ,Otolaryngology,I,44449.85,61678.33,483,231,https://npiregistry.cms.hhs.gov/provider-view/1295113496
1942304837,"Holiday Cvs, L.L.C.",FL,Mass Immunizer Roster Biller,O,44436.32,44436.32,1280,257,https://npiregistry.cms.hhs.gov/provider-view/1942304837
1902807878,Pitman Thomas,MS,Obstetrics & Gynecology,I,44413.77,58905.57,319,134,https://npiregistry.cms.hhs.gov/provider-view/1902807878
1861569162,Rosenzweig Sanford,MA,"Psychologist, Clinical",I,44412.4,56995.24,366,13,https://npiregistry.cms.hhs.gov/provider-view/1861569162
1093756967,Highland Park Cvs Llc,IL,Mass Immunizer Roster Biller,O,44376.74,44376.74,1558,283,https://npiregistry.cms.hhs.gov/provider-view/1093756967
1033127410,Redfern Craig,OR,Internal Medicine,I,44321.65,57479.27,598,30,https://npiregistry.cms.hhs.gov/provider-view/1033127410
1023074499,Rolando Mathew,MN,Family Practice,I,44286.86,55797.13,534,209,https://npiregistry.cms.hhs.gov/provider-view/1023074499
1639699226,Furniss Christiane,CA,Licensed Clinical Social Worker,I,44258.66,55574.84,580,24,https://npiregistry.cms.hhs.gov/provider-view/1639699226
1750322673,Arizona Cvs Stores Llc,AZ,Mass Immunizer Roster Biller,O,44237.1,44237.1,1327,269,https://npiregistry.cms.hhs.gov/provider-view/1750322673
1194770776,Durden David,FL,Diagnostic Radiology,I,44230.34,56773.16,1217,903,https://npiregistry.cms.hhs.gov/provider-view/1194770776
1992808729,Ohio Cvs Stores Llc,OH,Mass Immunizer Roster Biller,O,44223.18,44223.18,1068,274,https://npiregistry.cms.hhs.gov/provider-view/1992808729
1700828266,Mena Ashraf,WV,Endocrinology,I,44202.55,68392.87,784,289,https://npiregistry.cms.hhs.gov/provider-view/1700828266
1093091381,Kawulok Melanie,WY,Nurse Practitioner,I,44195.97,65505.82,1387,607,https://npiregistry.cms.hhs.gov/provider-view/1093091381
1700193000,Kozhinskiy Vladimir,NY,Internal Medicine,I,44183.11,63172.63,706,157,https://npiregistry.cms.hhs.gov/provider-view/1700193000
1790421444,Conley Elaine,MA,Occupational Therapist in Private Practice,I,44180.59,56356.85,1982,18,https://npiregistry.cms.hhs.gov/provider-view/1790421444
1508865742,Dodgen Carol,TX,Licensed Clinical Social Worker,I,44139.97,56734.06,572,22,https://npiregistry.cms.hhs.gov/provider-view/1508865742
1558335125,Griffin Therese,MD,Physical Therapist in Private Practice,I,44062.69,56628.35,1898,308,https://npiregistry.cms.hhs.gov/provider-view/1558335125
1932171311,Coss Lawrence,AZ,Family Practice,I,44024.89,63669.97,950,203,https://npiregistry.cms.hhs.gov/provider-view/1932171311
1083660302,Vang David,LA,Podiatry,I,44015.12,60036.84,680,132,https://npiregistry.cms.hhs.gov/provider-view/1083660302
1558469049,Garfield Beach Cvs Llc,CA,Mass Immunizer Roster Biller,O,44007.84,44007.84,1399,244,https://npiregistry.cms.hhs.gov/provider-view/1558469049
1740222553,Longs Drug Stores California Llc,CA,Mass Immunizer Roster Biller,O,43957.37,43957.37,1154,235,https://npiregistry.cms.hhs.gov/provider-view/1740222553
1952567422,"Cvs Pharmacy, Inc.",TX,Mass Immunizer Roster Biller,O,43953.25,43953.25,941,247,https://npiregistry.cms.hhs.gov/provider-view/1952567422
1972755403,Publix Super Markets Inc,FL,Centralized Flu,O,43885.38,43885.38,956,252,https://npiregistry.cms.hhs.gov/provider-view/1972755403
1548317373,Smith Nancy,TX,Nurse Practitioner,I,43841.39,58770.07,1570,350,https://npiregistry.cms.hhs.gov/provider-view/1548317373
1699209866,Syed Hira,IL,Internal Medicine,I,43806.54,55251.73,551,243,https://npiregistry.cms.hhs.gov/provider-view/1699209866
1174567879,Madden James,PA,Hospitalist,I,43803.5,56248.21,612,233,https://npiregistry.cms.hhs.gov/provider-view/1174567879
1346286218,Damewood Joseph,TN,Nurse Practitioner,I,43736.7,58942.45,1366,455,https://npiregistry.cms.hhs.gov/provider-view/1346286218
1184728164,Holiday Cvs Llc,FL,Mass Immunizer Roster Biller,O,43684.75,43684.75,1109,266,https://npiregistry.cms.hhs.gov/provider-view/1184728164
1447227087,Harrison Willie,KY,Physical Therapist in Private Practice,I,43661.04,60021.58,2455,149,https://npiregistry.cms.hhs.gov/provider-view/1447227087
1932379211,Anderson David,OH,Anesthesiology,I,43622.84,54671.02,270,204,https://npiregistry.cms.hhs.gov/provider-view/1932379211
1548300502,Rhee Bongshin,NJ,Psychiatry,I,43617.07,55674.65,592,18,https://npiregistry.cms.hhs.gov/provider-view/1548300502
1851737852,Walmart Inc.,CA,Mass Immunizer Roster Biller,O,43586.02,43586.02,1057,246,https://npiregistry.cms.hhs.gov/provider-view/1851737852
1962521773,"Garfield Beach Cvs, L.L.C.",CA,Mass Immunizer Roster Biller,O,43542.07,43542.07,1613,257,https://npiregistry.cms.hhs.gov/provider-view/1962521773
1437176963,Brasington Richard,MO,Rheumatology,I,43535.15,56851.71,6676,46,https://npiregistry.cms.hhs.gov/provider-view/1437176963
1851346282,Capper Dwayne,IA,Otolaryngology,I,43521.9,73157.2,932,300,https://npiregistry.cms.hhs.gov/provider-view/1851346282
1447241906,Murray Carl,NJ,Internal Medicine,I,43503.46,57539.47,584,207,https://npiregistry.cms.hhs.gov/provider-view/1447241906
1538828553,Ouimet Caroline,MA,Nurse Practitioner,I,43469.61,56400.46,626,421,https://npiregistry.cms.hhs.gov/provider-view/1538828553
1245334119,Holiday Cvs Llc,FL,Mass Immunizer Roster Biller,O,43408.4,43408.4,1250,274,https://npiregistry.cms.hhs.gov/provider-view/1245334119
1336116938,Chappell Robert,TX,Dermatology,I,43329.29,74313.18,1119,429,https://npiregistry.cms.hhs.gov/provider-view/1336116938
1689151623,"The Giant Company, Llc",PA,Centralized Flu,O,43314.96,43314.96,806,251,https://npiregistry.cms.hhs.gov/provider-view/1689151623
1093717886,Mohuchy Mykola,CA,Diagnostic Radiology,I,43241.66,58597.75,1051,719,https://npiregistry.cms.hhs.gov/provider-view/1093717886
1245551498,Miller Eric,OH,Osteopathic Manipulative Medicine,I,43235.53,59100.01,926,87,https://npiregistry.cms.hhs.gov/provider-view/1245551498
1275636912,Ohio Cvs Stores Llc,OH,Mass Immunizer Roster Biller,O,43203.46,43203.46,821,212,https://npiregistry.cms.hhs.gov/provider-view/1275636912
1164405957,Hundemer Karen,MD,Family Practice,I,43165.9,59928.25,618,294,https://npiregistry.cms.hhs.gov/provider-view/1164405957
1336142777,Sager Dennis,VA,Internal Medicine,I,43157.44,55358.44,511,132,https://npiregistry.cms.hhs.gov/provider-view/1336142777
1376507707,Hood Royce,FL,Orthopedic Surgery,I,43139.84,65276.09,1251,290,https://npiregistry.cms.hhs.gov/provider-view/1376507707
1518917889,Holmes Brian,TX,Diagnostic Radiology,I,43118.38,57435.76,1830,1297,https://npiregistry.cms.hhs.gov/provider-view/1518917889
1912934076,Hamilton Laura,TX,"Psychologist, Clinical",I,43076.11,58157.82,681,86,https://npiregistry.cms.hhs.gov/provider-view/1912934076
1841297942,Casanova Luis,FL,Internal Medicine,I,43071.74,60662.36,1119,224,https://npiregistry.cms.hhs.gov/provider-view/1841297942
1275792293,Emami Ali,MN,Neurology,I,43068.94,54309.84,603,217,https://npiregistry.cms.hhs.gov/provider-view/1275792293
1427196435,Hathy Samuel,FL,Optometry,I,43051.3,61133.91,760,374,https://npiregistry.cms.hhs.gov/provider-view/1427196435
1275636938,Ohio Cvs Stores Llc,OH,Mass Immunizer Roster Biller,O,43048.44,43048.44,1005,256,https://npiregistry.cms.hhs.gov/provider-view/1275636938
1124055744,Rendon Hilary,MS,Physical Therapist in Private Practice,I,43034.58,60303.84,2872,61,https://npiregistry.cms.hhs.gov/provider-view/1124055744
1508925520,Dodd-Henley Elizabeth,IL,Physical Therapist in Private Practice,I,43011.13,55131.11,2198,23,https://npiregistry.cms.hhs.gov/provider-view/1508925520
1841490117,Cohen Israel,NY,Licensed Clinical Social Worker,I,42936.42,53890.18,446,12,https://npiregistry.cms.hhs.gov/provider-view/1841490117
1922155050,Greczyn Amy,CA,Physical Therapist in Private Practice,I,42920.83,58636.7,1693,72,https://npiregistry.cms.hhs.gov/provider-view/1922155050
1013954205,Benigno Mary Ann,NJ,General Surgery,I,42881.3,54175.13,874,376,https://npiregistry.cms.hhs.gov/provider-view/1013954205
1003995499,Hayes Dawn,CA,Preventive Medicine,I,42715.77,61760.36,1095,353,https://npiregistry.cms.hhs.gov/provider-view/1003995499
1104037126,Orey Stephen,GA,"Psychologist, Clinical",I,42700.02,53819.53,930,77,https://npiregistry.cms.hhs.gov/provider-view/1104037126
1407824824,Canto Roberto,PR,Urology,I,42691.18,58040.14,477,161,https://npiregistry.cms.hhs.gov/provider-view/1407824824
1154367225,Tangco Evacueto,NJ,Family Practice,I,42689.75,57162.97,856,109,https://npiregistry.cms.hhs.gov/provider-view/1154367225
1518988815,Winn Dixie Stores Inc,FL,Centralized Flu,O,42603.56,42603.56,3169,349,https://npiregistry.cms.hhs.gov/provider-view/1518988815
1528179553,Pedicino Alexander,PA,Family Practice,I,42593.5,59940.84,906,320,https://npiregistry.cms.hhs.gov/provider-view/1528179553
1841232659,Longs Drug Stores California Llc,CA,Mass Immunizer Roster Biller,O,42578.57,42578.57,1558,262,https://npiregistry.cms.hhs.gov/provider-view/1841232659
1164581682,Reinertson Randal,TX,Internal Medicine,I,42552.03,57111.33,644,255,https://npiregistry.cms.hhs.gov/provider-view/1164581682
1881684421,Henderson Galen,MA,Neurology,I,42472.51,53542.48,369,114,https://npiregistry.cms.hhs.gov/provider-view/1881684421
1528009586,Eichhammer Robert,GA,Optometry,I,42437.28,61554.57,893,297,https://npiregistry.cms.hhs.gov/provider-view/1528009586
1548227127,Dichiara Peter,AL,Internal Medicine,I,42308.11,53945.51,929,236,https://npiregistry.cms.hhs.gov/provider-view/1548227127
1447307103,Heliotis Arthur,CT,Internal Medicine,I,42270.56,59764.74,2152,292,https://npiregistry.cms.hhs.gov/provider-view/1447307103
1437137916,Leone Edward,HI,Anesthesiology,I,42249.2,53745.4,187,162,https://npiregistry.cms.hhs.gov/provider-view/1437137916
1669871497,Johnson Carlson,NC,Nurse Practitioner,I,42192.57,61612.13,1301,507,https://npiregistry.cms.hhs.gov/provider-view/1669871497
1710921465,Payton Glenn,IL,Chiropractic,I,42147.5,62871.86,1611,187,https://npiregistry.cms.hhs.gov/provider-view/1710921465
1649237058,Liu Paul,RI,Plastic and Reconstructive Surgery,I,42144.67,53476.34,403,91,https://npiregistry.cms.hhs.gov/provider-view/1649237058
1588114979,Garfield Beach Cvs Llc,CA,Mass Immunizer Roster Biller,O,42115.45,42115.45,827,198,https://npiregistry.cms.hhs.gov/provider-view/1588114979
1407948425,Lindsey John,NE,Anesthesiology,I,42115.43,54648.31,429,385,https://npiregistry.cms.hhs.gov/provider-view/1407948425
1447205174,Lykins Joseph,AZ,Internal Medicine,I,42114.46,54079.97,482,178,https://npiregistry.cms.hhs.gov/provider-view/1447205174
1780111351,Truong Xuyen,MT,Hospitalist,I,42097.38,53467.47,349,326,https://npiregistry.cms.hhs.gov/provider-view/1780111351
1922063882,Marchetti Floriano,FL,General Surgery,I,42044.42,55522.98,257,139,https://npiregistry.cms.hhs.gov/provider-view/1922063882
1477688414,Stewart Virginia,MD,Physician Assistant,I,41987.85,54212.45,611,380,https://npiregistry.cms.hhs.gov/provider-view/1477688414
1669575494,"Cvs Albany, L.L.C.",NY,Mass Immunizer Roster Biller,O,41786.83,41786.83,1104,233,https://npiregistry.cms.hhs.gov/provider-view/1669575494
1972695567,New Jersey Cvs Pharmacy Llc,NJ,Mass Immunizer Roster Biller,O,41745.79,41745.79,1791,269,https://npiregistry.cms.hhs.gov/provider-view/1972695567
1427350495,Publix Super Markets Inc,FL,Centralized Flu,O,41720.89,41720.89,1611,248,https://npiregistry.cms.hhs.gov/provider-view/1427350495
1962566018,Kolb Karen,IN,Certified Registered Nurse Anesthetist (CRNA),I,41718.16,53543.84,387,302,https://npiregistry.cms.hhs.gov/provider-view/1962566018
1952405631,Garfield Beach Cvs Llc,CA,Mass Immunizer Roster Biller,O,41702.27,41702.27,2477,320,https://npiregistry.cms.hhs.gov/provider-view/1952405631
1609047877,Janov Daniel,CA,Physical Therapist in Private Practice,I,41693.12,53987.79,1804,28,https://npiregistry.cms.hhs.gov/provider-view/1609047877
1477830255,Remersu Baba Sushant,NY,General Surgery,I,41644.12,52267.57,309,160,https://npiregistry.cms.hhs.gov/provider-view/1477830255
1356445019,Cvs Albany Llc,NY,Mass Immunizer Roster Biller,O,41609.14,41609.14,1682,290,https://npiregistry.cms.hhs.gov/provider-view/1356445019
1689777385,Tennessee Cvs Pharmacy Llc,TN,Mass Immunizer Roster Biller,O,41593.57,41593.57,855,215,https://npiregistry.cms.hhs.gov/provider-view/1689777385
1598052797,Franks Pharmacy Llc,MT,Mass Immunizer Roster Biller,O,41544.82,41544.82,677,227,https://npiregistry.cms.hhs.gov/provider-view/1598052797
1730282468,Ohio Cvs Stores Llc,OH,Mass Immunizer Roster Biller,O,41460.54,41460.54,776,225,https://npiregistry.cms.hhs.gov/provider-view/1730282468
1700980471,"North Carolina Cvs Pharmacy, L.L.C.",NC,Mass Immunizer Roster Biller,O,41425.52,41425.52,1019,232,https://npiregistry.cms.hhs.gov/provider-view/1700980471
1942207220,Whitaker Charles,CT,Neurology,I,41410.05,53978.46,514,244,https://npiregistry.cms.hhs.gov/provider-view/1942207220
1316489669,Tucker Brandon,CA,Nurse Practitioner,I,41377.21,52072.51,539,449,https://npiregistry.cms.hhs.gov/provider-view/1316489669
1871034603,Ljp Lab Llc,NC,Clinical Laboratory,O,41357.35,41357.35,302,85,https://npiregistry.cms.hhs.gov/provider-view/1871034603
1487758298,Cvs Pharmacy Inc,TX,Mass Immunizer Roster Biller,O,41337.32,41337.32,977,269,https://npiregistry.cms.hhs.gov/provider-view/1487758298
1992852925,Shulman Robert,IL,Psychiatry,I,41336.58,54137.32,489,109,https://npiregistry.cms.hhs.gov/provider-view/1992852925
1245524610,Wilkes Margarita,SC,Psychiatry,I,41247.81,57830.77,489,136,https://npiregistry.cms.hhs.gov/provider-view/1245524610
1821359274,Overholt David,FL,Optometry,I,41130.78,63585.58,580,346,https://npiregistry.cms.hhs.gov/provider-view/1821359274
1114996519,Kolodychuk Leonard,WA,Orthopedic Surgery,I,41119.45,55343.5,404,230,https://npiregistry.cms.hhs.gov/provider-view/1114996519
1477017481,Garfield Beach Cvs Llc,CA,Mass Immunizer Roster Biller,O,41119.17,41119.17,568,231,https://npiregistry.cms.hhs.gov/provider-view/1477017481
1225149065,Lasky Sandra,VT,Licensed Clinical Social Worker,I,41083.75,53716.85,533,21,https://npiregistry.cms.hhs.gov/provider-view/1225149065
1669085569,Spivey Courtney,IL,Nurse Practitioner,I,41025.92,53803.26,451,191,https://npiregistry.cms.hhs.gov/provider-view/1669085569
1215029376,Lieffrig Alfred,NY,General Surgery,I,41012.22,51671.08,694,99,https://npiregistry.cms.hhs.gov/provider-view/1215029376
1376647214,"Highland Park Cvs, L.L.C.",IL,Mass Immunizer Roster Biller,O,40923.88,40923.88,1210,229,https://npiregistry.cms.hhs.gov/provider-view/1376647214
1386606630,Carbone Joseph,NY,Podiatry,I,40878.95,53899.28,567,166,https://npiregistry.cms.hhs.gov/provider-view/1386606630
1730108101,Franklin Tuere,MO,Emergency Medicine,I,40854.65,52773.72,374,339,https://npiregistry.cms.hhs.gov/provider-view/1730108101
1427109305,Ohio Cvs Stores Llc,OH,Mass Immunizer Roster Biller,O,40798.21,40798.21,812,221,https://npiregistry.cms.hhs.gov/provider-view/1427109305
1902998628,New Jersey Cvs Pharmacy Llc,NJ,Mass Immunizer Roster Biller,O,40797.68,40797.68,1070,224,https://npiregistry.cms.hhs.gov/provider-view/1902998628
1265499008,Penepent Philip,NY,Internal Medicine,I,40735.14,49449.59,537,161,https://npiregistry.cms.hhs.gov/provider-view/1265499008
1861969594,Prioleau-Lee Kathleen,NM,Nurse Practitioner,I,40705.91,54574.95,838,334,https://npiregistry.cms.hhs.gov/provider-view/1861969594
1952484214,Blanco E Iglesias Marta,CT,Nephrology,I,40701.23,54176.08,273,98,https://npiregistry.cms.hhs.gov/provider-view/1952484214
1952404667,Tennessee Cvs Pharmacy Llc,TN,Mass Immunizer Roster Biller,O,40646.86,40646.86,1468,252,https://npiregistry.cms.hhs.gov/provider-view/1952404667
1144488750,Highland Park Cvs Llc,IL,Mass Immunizer Roster Biller,O,40640.4,40640.4,1174,252,https://npiregistry.cms.hhs.gov/provider-view/1144488750
1790298933,Hysell Chad,KY,Certified Registered Nurse Anesthetist (CRNA),I,40597.7,50975.82,402,385,https://npiregistry.cms.hhs.gov/provider-view/1790298933
1851338081,Bliman Howard,CA,Internal Medicine,I,40580.48,56147.18,475,83,https://npiregistry.cms.hhs.gov/provider-view/1851338081
1144324120,Holiday Cvs Llc,FL,Mass Immunizer Roster Biller,O,40541.92,40541.92,1836,303,https://npiregistry.cms.hhs.gov/provider-view/1144324120
1194773143,Kamin Paul,CA,Interventional Radiology,I,40506.19,52815.66,2090,1345,https://npiregistry.cms.hhs.gov/provider-view/1194773143
1962541243,Ebesugawa Ian,HI,Obstetrics & Gynecology,I,40431.44,58712.86,794,350,https://npiregistry.cms.hhs.gov/provider-view/1962541243
1720217524,"Mississippi Cvs Pharmacy, L.L.C.",MS,Mass Immunizer Roster Biller,O,40408.23,40408.23,931,212,https://npiregistry.cms.hhs.gov/provider-view/1720217524
1700989423,Tennessee Cvs Pharmacy Llc,TN,Mass Immunizer Roster Biller,O,40378.91,40378.91,1552,233,https://npiregistry.cms.hhs.gov/provider-view/1700989423
1811504178,Slater David,TX,Physical Therapist in Private Practice,I,40308.22,54227.85,2066,110,https://npiregistry.cms.hhs.gov/provider-view/1811504178
1780061739,Cvs Pharmacy Inc,TX,Mass Immunizer Roster Biller,O,40226.77,40226.77,952,210,https://npiregistry.cms.hhs.gov/provider-view/1780061739
1467011726,Connecticut Cvs Pharmacy Llc,CT,Mass Immunizer Roster Biller,O,40197.47,40197.47,888,204,https://npiregistry.cms.hhs.gov/provider-view/1467011726
1881795367,Lance Roberta,WV,Nurse Practitioner,I,40165.4,52481.78,671,110,https://npiregistry.cms.hhs.gov/provider-view/1881795367
1558363374,Corwin James,OH,Internal Medicine,I,40155.79,55132.9,982,333,https://npiregistry.cms.hhs.gov/provider-view/1558363374
1992024392,Vap Alexander,VA,Orthopedic Surgery,I,40145.41,53053.14,427,171,https://npiregistry.cms.hhs.gov/provider-view/1992024392
1720731094,Cvs Pharmacy Inc,WY,Mass Immunizer Roster Biller,O,40108.7,40108.7,899,211,https://npiregistry.cms.hhs.gov/provider-view/1720731094
1679061048,Easterling Bobby,AR,Certified Registered Nurse Anesthetist (CRNA),I,39987.06,50160.98,286,208,https://npiregistry.cms.hhs.gov/provider-view/1679061048
1114999752,Kelly Robert,NC,Family Practice,I,39977.5,51976.32,613,269,https://npiregistry.cms.hhs.gov/provider-view/1114999752
1689674632,Orme Nicholas,CA,General Practice,I,39891.79,55033.53,506,63,https://npiregistry.cms.hhs.gov/provider-view/1689674632
1710514468,Dietzel Christine,PA,Physical Therapist in Private Practice,I,39887.09,52063.05,1764,35,https://npiregistry.cms.hhs.gov/provider-view/1710514468
1104187699,Anderson Heather,NC,Family Practice,I,39829.72,60603.23,566,210,https://npiregistry.cms.hhs.gov/provider-view/1104187699
1194953240,Flores Frank,NJ,Emergency Medicine,I,39816.18,49440.09,265,125,https://npiregistry.cms.hhs.gov/provider-view/1194953240
1053430165,Dillon Cecile,CA,"Psychologist, Clinical",I,39813.74,49972.04,323,22,https://npiregistry.cms.hhs.gov/provider-view/1053430165
1033125554,Zonis Elissa,MA,Licensed Clinical Social Worker,I,39782.51,54995.58,654,50,https://npiregistry.cms.hhs.gov/provider-view/1033125554
1134269020,Cotten Aaron,NC,Emergency Medicine,I,39761.0,49790.52,395,290,https://npiregistry.cms.hhs.gov/provider-view/1134269020
1669660445,Scheihing Jeffrey,WA,Anesthesiology,I,39754.97,49806.84,312,286,https://npiregistry.cms.hhs.gov/provider-view/1669660445
1841297231,Chang Fen-Lei,IN,Neurology,I,39732.48,51611.72,4448,77,https://npiregistry.cms.hhs.gov/provider-view/1841297231
1891736799,Nevada Cvs Pharmacy Llc,NV,Mass Immunizer Roster Biller,O,39698.28,39698.28,948,225,https://npiregistry.cms.hhs.gov/provider-view/1891736799
1063413094,Benatar Jose-Daniel,IL,Internal Medicine,I,39646.64,53561.21,589,335,https://npiregistry.cms.hhs.gov/provider-view/1063413094
1306987466,Cammilleri Anthony,NY,Cardiology,I,39639.73,65520.87,943,183,https://npiregistry.cms.hhs.gov/provider-view/1306987466
1386719045,Loftus William,NY,Obstetrics & Gynecology,I,39630.17,45505.56,1360,208,https://npiregistry.cms.hhs.gov/provider-view/1386719045
1356411672,Wenger Ronald,MN,Physical Therapist in Private Practice,I,39621.21,51882.37,1875,65,https://npiregistry.cms.hhs.gov/provider-view/1356411672
1073542890,Dolan Neil,NC,Psychiatry,I,39612.57,51189.65,588,51,https://npiregistry.cms.hhs.gov/provider-view/1073542890
1346352283,"Woodward Detroit Cvs, L.L.C.",MI,Mass Immunizer Roster Biller,O,39610.6,39610.6,1190,236,https://npiregistry.cms.hhs.gov/provider-view/1346352283
1295839017,Cvs Pharmacy Inc,TX,Mass Immunizer Roster Biller,O,39590.54,39590.54,822,207,https://npiregistry.cms.hhs.gov/provider-view/1295839017
1447219589,Foelsch James,AK,Neurology,I,39580.36,55569.19,443,189,https://npiregistry.cms.hhs.gov/provider-view/1447219589
1376589119,Nagel Kerry,GA,Family Practice,I,39571.18,49508.66,2080,229,https://npiregistry.cms.hhs.gov/provider-view/1376589119
1720060197,Brown David,FL,Obstetrics & Gynecology,I,39556.3,47358.62,639,206,https://npiregistry.cms.hhs.gov/provider-view/1720060197
1427152248,Cvs Pharmacy Inc,TX,Mass Immunizer Roster Biller,O,39537.05,39537.05,1030,210,https://npiregistry.cms.hhs.gov/provider-view/1427152248
1972646099,Rubin Leonard,NY,Psychiatry,I,39491.05,52298.45,694,65,https://npiregistry.cms.hhs.gov/provider-view/1972646099
1588998991,Kuhn-Wilken Oliver,OR,Optometry,I,39483.51,59440.26,561,345,https://npiregistry.cms.hhs.gov/provider-view/1588998991
1528065331,Loehr Anthony,OK,Otolaryngology,I,39477.18,57879.23,818,263,https://npiregistry.cms.hhs.gov/provider-view/1528065331
1356396923,Fairbairn James,IL,Cardiology,I,39454.27,62641.02,731,239,https://npiregistry.cms.hhs.gov/provider-view/1356396923
1912008251,Thurman Cheryl,KY,Nurse Practitioner,I,39413.17,54205.04,1414,287,https://npiregistry.cms.hhs.gov/provider-view/1912008251
1427021948,Khan Farouk,IL,Neurology,I,39408.54,53481.26,302,85,https://npiregistry.cms.hhs.gov/provider-view/1427021948
1588658108,Towe James,VA,Family Practice,I,39391.49,53623.66,696,270,https://npiregistry.cms.hhs.gov/provider-view/1588658108
1306287669,Iowa Cvs Pharmacy Llc,IA,Mass Immunizer Roster Biller,O,39379.25,39379.25,974,199,https://npiregistry.cms.hhs.gov/provider-view/1306287669
1851383327,Presutti Michael,NY,Physician Assistant,I,39370.12,49354.46,1295,181,https://npiregistry.cms.hhs.gov/provider-view/1851383327
1639163819,Desanto Gregory,AZ,Obstetrics & Gynecology,I,39329.63,45289.41,864,193,https://npiregistry.cms.hhs.gov/provider-view/1639163819
1861462145,Mann Surinder,CA,Gastroenterology,I,39319.56,49584.31,415,225,https://npiregistry.cms.hhs.gov/provider-view/1861462145
1952359978,Still Margaret,PA,Internal Medicine,I,39309.38,54178.54,1219,298,https://npiregistry.cms.hhs.gov/provider-view/1952359978
1821513813,"Pennsylvania Cvs Pharmacy, L.L.C.",PA,Mass Immunizer Roster Biller,O,39282.8,39282.8,731,214,https://npiregistry.cms.hhs.gov/provider-view/1821513813
1124006770,Kim Wook,IA,Psychiatry,I,39253.12,60132.22,876,226,https://npiregistry.cms.hhs.gov/provider-view/1124006770
1972735256,Laguna John,FL,"Psychologist, Clinical",I,39242.63,50861.83,490,36,https://npiregistry.cms.hhs.gov/provider-view/1972735256
1205904976,Shea Robert,NJ,Physical Therapist in Private Practice,I,39233.97,50451.23,1758,65,https://npiregistry.cms.hhs.gov/provider-view/1205904976
1184692352,Mandell Charles,FL,Diagnostic Radiology,I,39231.18,58250.71,698,595,https://npiregistry.cms.hhs.gov/provider-view/1184692352
1639276132,Cvs Pharmacy Inc,TX,Mass Immunizer Roster Biller,O,39200.68,39200.68,984,246,https://npiregistry.cms.hhs.gov/provider-view/1639276132
1770780215,Babaie Ashkan,OR,Clinical Cardiac Electrophysiology,I,39187.46,53302.4,664,295,https://npiregistry.cms.hhs.gov/provider-view/1770780215
1285894808,Little Robert,LA,Family Practice,I,39179.17,50019.34,577,100,https://npiregistry.cms.hhs.gov/provider-view/1285894808
1649334715,Womack Seth,TX,Emergency Medicine,I,39173.79,48758.92,389,274,https://npiregistry.cms.hhs.gov/provider-view/1649334715
1003180704,Cvs Pharmacy Inc,TX,Mass Immunizer Roster Biller,O,39150.8,39150.8,1682,235,https://npiregistry.cms.hhs.gov/provider-view/1003180704
1902991706,Terry Kenny,TN,Psychiatry,I,39142.01,58208.1,907,225,https://npiregistry.cms.hhs.gov/provider-view/1902991706
1821062878,Hooper Bonnie,CA,Nurse Practitioner,I,39113.42,56762.51,987,197,https://npiregistry.cms.hhs.gov/provider-view/1821062878
1013301944,Nugent Kenneth,TX,Emergency Medicine,I,39085.67,49130.71,376,317,https://npiregistry.cms.hhs.gov/provider-view/1013301944
1922135888,Bisco Lynn,NJ,"Psychologist, Clinical",I,39036.38,50480.45,361,12,https://npiregistry.cms.hhs.gov/provider-view/1922135888
1154389179,Marvin Stephen,CA,Neurosurgery,I,39010.08,48842.52,443,80,https://npiregistry.cms.hhs.gov/provider-view/1154389179
1770173122,Utah Cvs Pharmacy Llc,UT,Mass Immunizer Roster Biller,O,38992.02,38992.02,544,212,https://npiregistry.cms.hhs.gov/provider-view/1770173122
1750710802,Tyner Maureen,AZ,Nurse Practitioner,I,38966.7,54828.34,595,410,https://npiregistry.cms.hhs.gov/provider-view/1750710802
1760411425,Pirkle James,NC,Nephrology,I,38964.8,49867.36,340,133,https://npiregistry.cms.hhs.gov/provider-view/1760411425
1811931496,Sung John,CA,Emergency Medicine,I,38952.24,50191.18,467,258,https://npiregistry.cms.hhs.gov/provider-view/1811931496
1548201460,Garfield Beach Cvs Llc,CA,Mass Immunizer Roster Biller,O,38941.31,38941.31,799,185,https://npiregistry.cms.hhs.gov/provider-view/1548201460
1376990234,German Dobson Cvs Llc,AZ,Mass Immunizer Roster Biller,O,38903.78,38903.78,677,166,https://npiregistry.cms.hhs.gov/provider-view/1376990234
1104925742,Mendez Gaston,FL,Diagnostic Radiology,I,38830.84,53085.61,1475,878,https://npiregistry.cms.hhs.gov/provider-view/1104925742
1801817432,Wolf Francis,WI,Cardiology,I,38787.75,56270.32,879,477,https://npiregistry.cms.hhs.gov/provider-view/1801817432
1891856027,Wignarajan Kanagarayer,NJ,Internal Medicine,I,38784.44,56521.37,697,84,https://npiregistry.cms.hhs.gov/provider-view/1891856027
1639273469,Cvs Pharmacy Inc,TX,Mass Immunizer Roster Biller,O,38675.29,38675.29,885,215,https://npiregistry.cms.hhs.gov/provider-view/1639273469
1437128295,Chantiles Fred,PA,Podiatry,I,38632.65,66687.34,1427,344,https://npiregistry.cms.hhs.gov/provider-view/1437128295
1578561809,Potter Harry,MA,Internal Medicine,I,38631.96,47984.04,393,150,https://npiregistry.cms.hhs.gov/provider-view/1578561809
1609837129,Lim Roger,NC,Emergency Medicine,I,38630.72,48639.05,414,266,https://npiregistry.cms.hhs.gov/provider-view/1609837129
1548231939,Coffman Clifton,LA,Diagnostic Radiology,I,38589.39,48587.89,2633,1904,https://npiregistry.cms.hhs.gov/provider-view/1548231939
1326141078,Virginia Cvs Pharmacy Llc,VA,Mass Immunizer Roster Biller,O,38568.77,38568.77,1035,223,https://npiregistry.cms.hhs.gov/provider-view/1326141078
1538104518,Ammari Razan,CA,Emergency Medicine,I,38552.78,56171.21,1295,318,https://npiregistry.cms.hhs.gov/provider-view/1538104518
1205930054,Cvs Albany Llc,NY,Mass Immunizer Roster Biller,O,38538.49,38538.49,1709,267,https://npiregistry.cms.hhs.gov/provider-view/1205930054
1760460315,Madigan Ann,MA,Psychiatry,I,38537.82,48525.1,507,23,https://npiregistry.cms.hhs.gov/provider-view/1760460315
1194381186,Freese Jonathan,TN,Nurse Practitioner,I,38523.41,49822.9,4797,132,https://npiregistry.cms.hhs.gov/provider-view/1194381186
1104073832,Fana Melissa,NY,General Surgery,I,38440.22,48340.82,218,107,https://npiregistry.cms.hhs.gov/provider-view/1104073832
1922330083,Dammert Coronado Pedro,CA,Internal Medicine,I,38421.71,48479.54,310,113,https://npiregistry.cms.hhs.gov/provider-view/1922330083
1104876044,Klein Jeffrey,MD,"Psychologist, Clinical",I,38387.46,50141.39,350,18,https://npiregistry.cms.hhs.gov/provider-view/1104876044
1497747307,Bai Kristy,TX,Family Practice,I,38355.68,48994.33,436,128,https://npiregistry.cms.hhs.gov/provider-view/1497747307
1255787818,Smith Tonya,AL,Nurse Practitioner,I,38326.5,50150.24,649,243,https://npiregistry.cms.hhs.gov/provider-view/1255787818
1255374088,Longs Drug Stores California Llc,CA,Mass Immunizer Roster Biller,O,38250.73,38250.73,833,202,https://npiregistry.cms.hhs.gov/provider-view/1255374088
1174841365,Skowronek Joseph,NY,Anesthesiology,I,38232.84,48780.28,364,256,https://npiregistry.cms.hhs.gov/provider-view/1174841365
1396767935,Winn Dixie Stores Inc,FL,Centralized Flu,O,38222.45,38222.45,2690,316,https://npiregistry.cms.hhs.gov/provider-view/1396767935
1750963229,"My Pharmacy 1, Llc",NC,Pharmacy,O,38220.45,38220.45,3223,194,https://npiregistry.cms.hhs.gov/provider-view/1750963229
1598710535,"Lifestar Ambulance Service,inc",IL,Ambulance Service Provider,O,38196.09,48882.03,802,87,https://npiregistry.cms.hhs.gov/provider-view/1598710535
1114350238,Igandan Oladapo,WI,Hospitalist,I,38157.79,49243.76,484,184,https://npiregistry.cms.hhs.gov/provider-view/1114350238
1962506873,Holiday Cvs Llc,FL,Mass Immunizer Roster Biller,O,38110.55,38110.55,945,227,https://npiregistry.cms.hhs.gov/provider-view/1962506873
1508964172,Knight Kyler,TX,Internal Medicine,I,38071.88,56897.32,973,131,https://npiregistry.cms.hhs.gov/provider-view/1508964172
1982967220,"Winn Dixie Stores, Inc.",FL,Centralized Flu,O,38020.31,38020.31,2340,311,https://npiregistry.cms.hhs.gov/provider-view/1982967220
1447270178,Young Colby,NV,Orthopedic Surgery,I,37957.42,49536.16,662,90,https://npiregistry.cms.hhs.gov/provider-view/1447270178
1538321609,Ladoulis Charles,NJ,Pathology,I,37949.73,50061.73,1654,533,https://npiregistry.cms.hhs.gov/provider-view/1538321609
1154433019,"Woodward Detroit Cvs, L.L.C.",MI,Mass Immunizer Roster Biller,O,37949.01,37949.01,963,216,https://npiregistry.cms.hhs.gov/provider-view/1154433019
1801890785,Banister Ronald,TX,Anesthesiology,I,37909.88,47523.65,716,594,https://npiregistry.cms.hhs.gov/provider-view/1801890785
1528370491,Weinberg Ido,MA,Peripheral Vascular Disease,I,37839.59,50213.5,468,338,https://npiregistry.cms.hhs.gov/provider-view/1528370491
1104920875,"Virginia Cvs Pharmacy, L.L.C.",VA,Mass Immunizer Roster Biller,O,37787.65,37787.65,657,211,https://npiregistry.cms.hhs.gov/provider-view/1104920875
1740890037,Cvs Pharmacy Inc,MA,Mass Immunizer Roster Biller,O,37762.75,37762.75,607,206,https://npiregistry.cms.hhs.gov/provider-view/1740890037
1316049653,"Woodward Detroit Cvs, L.L.C.",MI,Mass Immunizer Roster Biller,O,37746.84,37746.84,1159,226,https://npiregistry.cms.hhs.gov/provider-view/1316049653
1356354187,Bush David,KY,Cardiology,I,37732.95,54664.92,768,329,https://npiregistry.cms.hhs.gov/provider-view/1356354187
1316365703,Qureshi Muhammad,MD,Internal Medicine,I,37696.47,48746.24,621,176,https://npiregistry.cms.hhs.gov/provider-view/1316365703
1578928214,Camerlin Enterprises Llc,WV,Mass Immunizer Roster Biller,O,37675.47,37675.47,570,188,https://npiregistry.cms.hhs.gov/provider-view/1578928214
1700992880,Anacaya Calvin,CA,Physical Therapist in Private Practice,I,37671.72,48856.67,1981,20,https://npiregistry.cms.hhs.gov/provider-view/1700992880
1184790495,Pierce Keith,MI,Internal Medicine,I,37664.63,47563.38,669,185,https://npiregistry.cms.hhs.gov/provider-view/1184790495
1942296041,Hirsch Daniel,IL,Infectious Disease,I,37645.44,47444.37,424,59,https://npiregistry.cms.hhs.gov/provider-view/1942296041
1659383156,Cronin Kevin,IL,Physical Therapist in Private Practice,I,37562.95,50193.81,1632,57,https://npiregistry.cms.hhs.gov/provider-view/1659383156
1528379849,Victor Matthew,OH,Anesthesiology,I,37557.91,46701.01,361,337,https://npiregistry.cms.hhs.gov/provider-view/1528379849
1225116155,Rudert Cynthia,GA,Internal Medicine,I,37524.43,52539.0,284,143,https://npiregistry.cms.hhs.gov/provider-view/1225116155
1538245618,Godwin Blessing,LA,Radiation Oncology,I,37524.15,47254.97,537,71,https://npiregistry.cms.hhs.gov/provider-view/1538245618
1114912011,Wallace Thomas,OH,Pathology,I,37511.14,47603.1,1199,360,https://npiregistry.cms.hhs.gov/provider-view/1114912011
1437336146,Kelleher Lisa,VA,Nurse Practitioner,I,37505.35,48318.98,636,115,https://npiregistry.cms.hhs.gov/provider-view/1437336146
1376646471,"Woodward Detroit Cvs, L.L.C.",MI,Mass Immunizer Roster Biller,O,37470.35,37470.35,851,188,https://npiregistry.cms.hhs.gov/provider-view/1376646471
1295838712,Maksem John,FL,Pathology,I,37426.88,47275.48,1311,303,https://npiregistry.cms.hhs.gov/provider-view/1295838712
1902882871,Payne William,WV,Emergency Medicine,I,37350.17,47810.89,406,365,https://npiregistry.cms.hhs.gov/provider-view/1902882871
1770525974,Garfield Beach Cvs Llc,CA,Mass Immunizer Roster Biller,O,37327.78,37327.78,972,200,https://npiregistry.cms.hhs.gov/provider-view/1770525974
1710085568,Cvs Pharmacy Inc,TX,Mass Immunizer Roster Biller,O,37296.97,37296.97,666,191,https://npiregistry.cms.hhs.gov/provider-view/1710085568
1992245146,Gashinsky Julia,NY,Family Practice,I,37292.74,52088.82,553,140,https://npiregistry.cms.hhs.gov/provider-view/1992245146
1053332353,Winn Dixie Stores Inc,FL,Centralized Flu,O,37278.15,37278.15,2233,352,https://npiregistry.cms.hhs.gov/provider-view/1053332353
1063624872,Malpass Howard,VA,Pulmonary Disease,I,37263.39,49812.54,391,213,https://npiregistry.cms.hhs.gov/provider-view/1063624872
1780745687,Johnson Eric,GA,Colorectal Surgery (Proctology),I,37247.96,45682.32,159,90,https://npiregistry.cms.hhs.gov/provider-view/1780745687
1275568099,Duran Michael,NC,Physician Assistant,I,37241.08,51169.07,1171,93,https://npiregistry.cms.hhs.gov/provider-view/1275568099
1164673976,Kidner Travis,CA,General Surgery,I,37235.49,46782.44,352,49,https://npiregistry.cms.hhs.gov/provider-view/1164673976
1063745206,Mahal Robert,ID,Nurse Practitioner,I,37219.44,55710.01,1905,472,https://npiregistry.cms.hhs.gov/provider-view/1063745206
1477655884,Williams Clark,CA,Family Practice,I,37190.66,54008.59,734,158,https://npiregistry.cms.hhs.gov/provider-view/1477655884
1477597847,"Iowa Cvs Pharmacy, Llc",IA,Mass Immunizer Roster Biller,O,37179.58,37179.58,855,197,https://npiregistry.cms.hhs.gov/provider-view/1477597847
1285990804,Say Irene,CA,Neurosurgery,I,37167.63,46514.63,130,70,https://npiregistry.cms.hhs.gov/provider-view/1285990804
1124158449,Williams Kathleen,CA,"Psychologist, Clinical",I,37092.87,47359.9,409,12,https://npiregistry.cms.hhs.gov/provider-view/1124158449
1972607752,Cvs Pharmacy Inc,TX,Mass Immunizer Roster Biller,O,37076.03,37076.03,850,221,https://npiregistry.cms.hhs.gov/provider-view/1972607752
1730632787,I V Stat Inc,AL,Mass Immunizer Roster Biller,O,37014.66,37014.66,553,174,https://npiregistry.cms.hhs.gov/provider-view/1730632787
1477571941,Ericsson Charles,TX,Infectious Disease,I,36971.15,46722.04,396,151,https://npiregistry.cms.hhs.gov/provider-view/1477571941
1174582415,King A,UT,Sleep Medicine,I,36928.82,51638.48,505,352,https://npiregistry.cms.hhs.gov/provider-view/1174582415
1548355720,Shah Sumatilal,NY,Internal Medicine,I,36912.43,50445.09,410,108,https://npiregistry.cms.hhs.gov/provider-view/1548355720
1336340496,Edwards Alfred,MT,Physical Therapist in Private Practice,I,36895.02,47827.91,2242,30,https://npiregistry.cms.hhs.gov/provider-view/1336340496
1437252889,Hook-Superx Llc,IN,Mass Immunizer Roster Biller,O,36851.46,36851.46,842,210,https://npiregistry.cms.hhs.gov/provider-view/1437252889
1477041663,Nakkar Talal,GA,Nephrology,I,36849.43,47196.11,528,196,https://npiregistry.cms.hhs.gov/provider-view/1477041663
1629126032,Luna Leland,CA,Family Practice,I,36822.34,56871.03,452,135,https://npiregistry.cms.hhs.gov/provider-view/1629126032
1265535918,Ohio Cvs Stores Llc,OH,Mass Immunizer Roster Biller,O,36803.95,36803.95,631,189,https://npiregistry.cms.hhs.gov/provider-view/1265535918
1144256603,Nagasaka Diane,HI,Family Practice,I,36803.27,65345.36,1004,226,https://npiregistry.cms.hhs.gov/provider-view/1144256603
1902842065,Garfield Beach Cvs Llc,CA,Mass Immunizer Roster Biller,O,36777.54,36777.54,1789,267,https://npiregistry.cms.hhs.gov/provider-view/1902842065
1154681096,Mccoy Kelli,IN,Nurse Practitioner,I,36736.57,54288.37,953,197,https://npiregistry.cms.hhs.gov/provider-view/1154681096
1396804480,Sun Yu,NY,Family Practice,I,36724.87,50882.43,463,48,https://npiregistry.cms.hhs.gov/provider-view/1396804480
1073533287,Quam Stuart,SD,Optometry,I,36686.12,61920.9,680,422,https://npiregistry.cms.hhs.gov/provider-view/1073533287
1407026586,Spiker Rochelle,MD,Licensed Clinical Social Worker,I,36632.43,47884.23,476,24,https://npiregistry.cms.hhs.gov/provider-view/1407026586
1568566479,Holiday Cvs Llc,FL,Mass Immunizer Roster Biller,O,36582.86,36582.86,863,202,https://npiregistry.cms.hhs.gov/provider-view/1568566479
1336599414,Cvs Pharmacy Inc,TX,Mass Immunizer Roster Biller,O,36573.62,36573.62,832,193,https://npiregistry.cms.hhs.gov/provider-view/1336599414
1891030532,Marshall Eric,VA,Physical Therapist in Private Practice,I,36571.98,46163.49,1793,31,https://npiregistry.cms.hhs.gov/provider-view/1891030532
1912019860,"Woodward Detroit Cvs, L.L.C.",MI,Mass Immunizer Roster Biller,O,36565.04,36565.04,1157,221,https://npiregistry.cms.hhs.gov/provider-view/1912019860
1326556523,Quest Diagnostics Clinical Laboratories Inc,AL,Clinical Laboratory,O,36491.52,36491.52,4800,1345,https://npiregistry.cms.hhs.gov/provider-view/1326556523
1235233016,"Pennsylvania Cvs Pharmacy, L.L.C.",PA,Mass Immunizer Roster Biller,O,36481.84,36481.84,966,218,https://npiregistry.cms.hhs.gov/provider-view/1235233016
1629172598,Holiday Cvs Llc,FL,Mass Immunizer Roster Biller,O,36479.57,36479.57,1073,219,https://npiregistry.cms.hhs.gov/provider-view/1629172598
1326141052,"Alabama Cvs Pharmacy, L.L.C.",AL,Mass Immunizer Roster Biller,O,36442.01,36442.01,949,233,https://npiregistry.cms.hhs.gov/provider-view/1326141052
1316909153,Calle-Rodrigue Rocio,TX,Pathology,I,36438.92,46515.75,1319,465,https://npiregistry.cms.hhs.gov/provider-view/1316909153
1336699321,New Jersey Cvs Pharmacy Llc,NJ,Mass Immunizer Roster Biller,O,36421.2,36421.2,678,204,https://npiregistry.cms.hhs.gov/provider-view/1336699321
1285738153,Holiday Cvs Llc,FL,Mass Immunizer Roster Biller,O,36410.72,36410.72,899,212,https://npiregistry.cms.hhs.gov/provider-view/1285738153
1831293810,Holiday Cvs Llc,FL,Mass Immunizer Roster Biller,O,36336.18,36336.18,974,240,https://npiregistry.cms.hhs.gov/provider-view/1831293810
1982808788,Ramirez Jaime,TX,Family Practice,I,36328.72,46343.37,428,69,https://npiregistry.cms.hhs.gov/provider-view/1982808788
1609486646,Johnson Shirley,FL,Nurse Practitioner,I,36320.94,45801.23,3614,13,https://npiregistry.cms.hhs.gov/provider-view/1609486646
1801940952,Price Joseph,PA,Family Practice,I,36300.74,47618.6,620,124,https://npiregistry.cms.hhs.gov/provider-view/1801940952
1326142142,Cvs Pharmacy Inc,TX,Mass Immunizer Roster Biller,O,36262.33,36262.33,1008,217,https://npiregistry.cms.hhs.gov/provider-view/1326142142
1295789170,Bleiweiss Robert,NJ,Physician Assistant,I,36259.14,47718.24,550,316,https://npiregistry.cms.hhs.gov/provider-view/1295789170
1700579430,Mbolu Brandi,MD,Physical Therapist in Private Practice,I,36258.24,45948.2,1614,60,https://npiregistry.cms.hhs.gov/provider-view/1700579430
1184193476,Garfield Beach Cvs Llc,CA,Mass Immunizer Roster Biller,O,36251.76,36251.76,675,191,https://npiregistry.cms.hhs.gov/provider-view/1184193476
1922029602,Heflin Jearald,TX,Family Practice,I,36215.32,51975.82,604,521,https://npiregistry.cms.hhs.gov/provider-view/1922029602
1184705527,Ferguson David,MI,Pathology,I,36130.15,47413.55,1545,809,https://npiregistry.cms.hhs.gov/provider-view/1184705527
1194147520,"Samson Merger Sub, Llc",FL,Mass Immunizer Roster Biller,O,36126.84,36126.84,2542,346,https://npiregistry.cms.hhs.gov/provider-view/1194147520
1033160163,Smith Milton,FL,Emergency Medicine,I,36114.65,45388.12,376,248,https://npiregistry.cms.hhs.gov/provider-view/1033160163
1962018150,Omelayenko Sergiy,FL,Certified Registered Nurse Anesthetist (CRNA),I,36103.44,45313.99,232,225,https://npiregistry.cms.hhs.gov/provider-view/1962018150
1780665273,Brown Dennis,OH,Orthopedic Surgery,I,36091.15,48418.24,960,118,https://npiregistry.cms.hhs.gov/provider-view/1780665273
1992793632,Perry Jonathan,CA,Diagnostic Radiology,I,36088.11,48604.76,1404,716,https://npiregistry.cms.hhs.gov/provider-view/1992793632
1689172389,Sanders Wanda,NC,Nurse Practitioner,I,36027.91,45185.48,705,199,https://npiregistry.cms.hhs.gov/provider-view/1689172389
1659470003,Cvs Pharmacy Inc,MA,Mass Immunizer Roster Biller,O,36002.37,36002.37,1014,208,https://npiregistry.cms.hhs.gov/provider-view/1659470003
1588239693,"Cvs Albany, Llc",NY,Mass Immunizer Roster Biller,O,35994.82,35994.82,708,180,https://npiregistry.cms.hhs.gov/provider-view/1588239693
1780788562,"Pennsylvania Cvs Pharmacy, L.L.C.",PA,Mass Immunizer Roster Biller,O,35989.58,35989.58,833,188,https://npiregistry.cms.hhs.gov/provider-view/1780788562
1366791766,Highland Park Cvs Llc,IL,Mass Immunizer Roster Biller,O,35978.91,35978.91,2306,281,https://npiregistry.cms.hhs.gov/provider-view/1366791766
1821029299,Chandler David,AL,Optometry,I,35962.44,50641.11,2244,241,https://npiregistry.cms.hhs.gov/provider-view/1821029299
1508852351,Werne Carl,FL,Internal Medicine,I,35956.96,51383.53,640,184,https://npiregistry.cms.hhs.gov/provider-view/1508852351
1871592162,Schultz-Peters Sandra,SC,Nurse Practitioner,I,35941.15,49814.16,1056,412,https://npiregistry.cms.hhs.gov/provider-view/1871592162
1194746495,Winn Dixie Stores Inc,FL,Centralized Flu,O,35901.87,35901.87,2174,240,https://npiregistry.cms.hhs.gov/provider-view/1194746495
1558403519,Purushothaman Rajamanickam,MO,Internal Medicine,I,35878.71,48946.9,593,88,https://npiregistry.cms.hhs.gov/provider-view/1558403519
1487766333,"Woodward Detroit Cvs, L.L.C.",MI,Mass Immunizer Roster Biller,O,35855.68,35855.68,1044,214,https://npiregistry.cms.hhs.gov/provider-view/1487766333
1407947443,Sabonya Linda,VA,Psychiatry,I,35855.36,52240.9,536,157,https://npiregistry.cms.hhs.gov/provider-view/1407947443
1710978440,Lopez Marc,MA,Anesthesiology,I,35851.2,45084.15,283,253,https://npiregistry.cms.hhs.gov/provider-view/1710978440
1457805483,Stankus Cherie,MA,Physical Therapist in Private Practice,I,35765.13,46235.2,1718,64,https://npiregistry.cms.hhs.gov/provider-view/1457805483
1356453294,"Woodward Detroit Cvs, L.L.C.",MI,Mass Immunizer Roster Biller,O,35745.69,35745.69,960,245,https://npiregistry.cms.hhs.gov/provider-view/1356453294
1093808693,Shankle Michael,LA,Certified Registered Nurse Anesthetist (CRNA),I,35684.96,46869.44,253,245,https://npiregistry.cms.hhs.gov/provider-view/1093808693
1487740940,Katz Paul,NY,General Surgery,I,35676.54,45962.06,202,130,https://npiregistry.cms.hhs.gov/provider-view/1487740940
1275644239,Leahman Courtenay,VA,Critical Care (Intensivists),I,35593.51,45743.45,223,111,https://npiregistry.cms.hhs.gov/provider-view/1275644239
1245248640,Daughdrille John,VA,Diagnostic Radiology,I,35568.32,45470.07,1472,1036,https://npiregistry.cms.hhs.gov/provider-view/1245248640
1750485579,Cvs Pharmacy Inc,TX,Mass Immunizer Roster Biller,O,35554.67,35554.67,840,197,https://npiregistry.cms.hhs.gov/provider-view/1750485579
1629308044,Kummrow John,CO,Physical Therapist in Private Practice,I,35534.42,48713.54,1536,55,https://npiregistry.cms.hhs.gov/provider-view/1629308044
1922176460,Haggins Donard,MI,Rheumatology,I,35530.39,50277.63,1266,218,https://npiregistry.cms.hhs.gov/provider-view/1922176460
1891006524,Rickard David,PA,Internal Medicine,I,35525.94,44621.71,492,137,https://npiregistry.cms.hhs.gov/provider-view/1891006524
1265486914,Woodard Scott,TN,Certified Registered Nurse Anesthetist (CRNA),I,35513.66,45946.9,376,313,https://npiregistry.cms.hhs.gov/provider-view/1265486914
1013390301,Gudlavalleti Aashrai,OH,Neurology,I,35509.77,47070.73,386,194,https://npiregistry.cms.hhs.gov/provider-view/1013390301
1558325126,Cerneka James,AZ,General Surgery,I,35503.75,45437.28,201,60,https://npiregistry.cms.hhs.gov/provider-view/1558325126
1982687059,Smith Robert,MO,Emergency Medicine,I,35460.73,52446.26,496,378,https://npiregistry.cms.hhs.gov/provider-view/1982687059
1790743250,Patel Shailesh,CA,Anesthesiology,I,35402.84,45417.7,227,163,https://npiregistry.cms.hhs.gov/provider-view/1790743250
1205824505,Rubin Michael,MI,Cardiology,I,35358.45,45267.72,1573,1498,https://npiregistry.cms.hhs.gov/provider-view/1205824505
1326320276,Bollinger-Fisher Tracy,AR,Certified Clinical Nurse Specialist,I,35350.29,44421.2,548,217,https://npiregistry.cms.hhs.gov/provider-view/1326320276
1275561979,Nessenthaler George,CA,Physical Therapist in Private Practice,I,35343.8,45559.09,1662,82,https://npiregistry.cms.hhs.gov/provider-view/1275561979
1902809510,Ohadugha Godfrey,NC,Family Practice,I,35311.33,51791.27,537,205,https://npiregistry.cms.hhs.gov/provider-view/1902809510
1831163237,Mazzuca Robert,NJ,General Practice,I,35298.3,45635.67,428,146,https://npiregistry.cms.hhs.gov/provider-view/1831163237
1427149210,Samuel Eldon,IL,Family Practice,I,35280.95,48442.58,426,331,https://npiregistry.cms.hhs.gov/provider-view/1427149210
1811918584,Zhuravlev Ilya,CT,Anesthesiology,I,35237.64,44527.05,135,112,https://npiregistry.cms.hhs.gov/provider-view/1811918584
1962506782,Cvs Pharmacy Inc,TX,Mass Immunizer Roster Biller,O,35212.2,35212.2,1194,205,https://npiregistry.cms.hhs.gov/provider-view/1962506782
1730138660,Tabor Richard,PA,Emergency Medicine,I,35176.46,45974.5,296,265,https://npiregistry.cms.hhs.gov/provider-view/1730138660
1578667499,Holiday Cvs Llc,FL,Mass Immunizer Roster Biller,O,35148.46,35148.46,793,205,https://npiregistry.cms.hhs.gov/provider-view/1578667499
1154312494,Weiss Reuven,NY,"Psychologist, Clinical",I,35115.61,50556.19,569,116,https://npiregistry.cms.hhs.gov/provider-view/1154312494
1811145527,Swaminathan Thirukandeeswaram,MI,Neurology,I,35093.08,45203.78,452,262,https://npiregistry.cms.hhs.gov/provider-view/1811145527
1821252768,Wolpert Margery,MD,Licensed Clinical Social Worker,I,35081.33,44771.46,394,15,https://npiregistry.cms.hhs.gov/provider-view/1821252768
1750309142,Kim Samang,MO,Family Practice,I,35049.14,45411.08,778,259,https://npiregistry.cms.hhs.gov/provider-view/1750309142
1225019326,Conley Amy,KY,Family Practice,I,35028.82,46711.29,571,266,https://npiregistry.cms.hhs.gov/provider-view/1225019326
1457548257,Dooley Francis,NY,Nurse Practitioner,I,35028.77,48245.42,539,120,https://npiregistry.cms.hhs.gov/provider-view/1457548257
1790884005,Grand St Paul Cvs Llc,MN,Mass Immunizer Roster Biller,O,35024.09,35024.09,892,191,https://npiregistry.cms.hhs.gov/provider-view/1790884005
1639621261,Alabama Cvs Pharmacy Llc,AL,Mass Immunizer Roster Biller,O,35019.28,35019.28,755,201,https://npiregistry.cms.hhs.gov/provider-view/1639621261
1639250616,Aud Todd,KY,Certified Registered Nurse Anesthetist (CRNA),I,34946.78,42478.02,356,343,https://npiregistry.cms.hhs.gov/provider-view/1639250616
1780603159,Abraham Mark,PA,Family Practice,I,34945.59,49819.95,538,293,https://npiregistry.cms.hhs.gov/provider-view/1780603159
1073616785,Tennessee Cvs Pharmacy Llc,TN,Mass Immunizer Roster Biller,O,34943.8,34943.8,910,195,https://npiregistry.cms.hhs.gov/provider-view/1073616785
1194783829,Abolnik Igor,CA,Infectious Disease,I,34900.41,45891.52,303,95,https://npiregistry.cms.hhs.gov/provider-view/1194783829
1205904315,Hawila Munah,TX,Urology,I,34870.41,50823.73,1158,146,https://npiregistry.cms.hhs.gov/provider-view/1205904315
1245695444,Miller Nancy,DE,Nurse Practitioner,I,34857.75,49273.7,776,375,https://npiregistry.cms.hhs.gov/provider-view/1245695444
1568618122,Garcia Jose,UT,Anesthesiology,I,34838.84,43228.71,237,197,https://npiregistry.cms.hhs.gov/provider-view/1568618122
1619907078,Sherman Randolph,CA,Plastic and Reconstructive Surgery,I,34821.75,43557.45,58,28,https://npiregistry.cms.hhs.gov/provider-view/1619907078
1144636895,Gadde Ramya,MI,Pathology,I,34806.76,43927.62,1279,384,https://npiregistry.cms.hhs.gov/provider-view/1144636895
1598995573,"Alabama Cvs Pharmacy, L.L.C.",AL,Mass Immunizer Roster Biller,O,34796.93,34796.93,965,193,https://npiregistry.cms.hhs.gov/provider-view/1598995573
1679677421,Cvs Albany Llc,NY,Mass Immunizer Roster Biller,O,34705.46,34705.46,1430,224,https://npiregistry.cms.hhs.gov/provider-view/1679677421
1790759082,Das Anup,WV,Hematology-Oncology,I,34685.35,43716.38,430,225,https://npiregistry.cms.hhs.gov/provider-view/1790759082
1841804861,Hesketh Meghan,MA,Physical Therapist in Private Practice,I,34678.57,45101.9,1381,45,https://npiregistry.cms.hhs.gov/provider-view/1841804861
1649375528,Sendar Mark,CA,Family Practice,I,34638.83,45006.0,482,52,https://npiregistry.cms.hhs.gov/provider-view/1649375528
1508852062,Ryan Thomas,IN,Orthopedic Surgery,I,34612.86,44100.46,429,80,https://npiregistry.cms.hhs.gov/provider-view/1508852062
1801990775,Holiday Cvs Llc,FL,Mass Immunizer Roster Biller,O,34608.85,34608.85,658,182,https://npiregistry.cms.hhs.gov/provider-view/1801990775
1639147481,Foreman Nancy,MO,Certified Registered Nurse Anesthetist (CRNA),I,34598.5,44244.82,171,162,https://npiregistry.cms.hhs.gov/provider-view/1639147481
1366481368,Kantrowitz Fred,MA,Rheumatology,I,34585.49,46844.68,345,93,https://npiregistry.cms.hhs.gov/provider-view/1366481368
1528065018,Petcu David,TN,Anesthesiology,I,34535.21,44158.16,414,336,https://npiregistry.cms.hhs.gov/provider-view/1528065018
1528002854,Brandes William,IL,Pulmonary Disease,I,34491.88,43707.83,454,151,https://npiregistry.cms.hhs.gov/provider-view/1528002854
1700803780,Bedel Gary,OH,Family Practice,I,34465.99,53117.47,702,150,https://npiregistry.cms.hhs.gov/provider-view/1700803780
1255446761,Crane Peter,NY,Emergency Medicine,I,34464.91,43861.25,292,266,https://npiregistry.cms.hhs.gov/provider-view/1255446761
1245333111,Fowler Michael,VA,Anesthesiology,I,34462.35,43720.57,206,167,https://npiregistry.cms.hhs.gov/provider-view/1245333111
1346229580,Shrago Stan,OK,Pathology,I,34429.75,44591.31,1231,531,https://npiregistry.cms.hhs.gov/provider-view/1346229580
1740224740,Kersjes Michael,MI,Anesthesiology,I,34401.8,44225.74,322,313,https://npiregistry.cms.hhs.gov/provider-view/1740224740
1174524805,Eaton Richard,GA,Family Practice,I,34371.86,49065.09,721,314,https://npiregistry.cms.hhs.gov/provider-view/1174524805
1043314875,Oklahoma Cvs Pharmacy Llc,OK,Mass Immunizer Roster Biller,O,34263.42,34263.42,676,180,https://npiregistry.cms.hhs.gov/provider-view/1043314875
1003818147,Honner Patrick,SD,Physician Assistant,I,34247.32,44407.42,2566,228,https://npiregistry.cms.hhs.gov/provider-view/1003818147
1427477264,Salinas Eduardo,FL,Emergency Medicine,I,34242.88,42325.58,268,220,https://npiregistry.cms.hhs.gov/provider-view/1427477264
1710080411,Hook-Superx Llc,IN,Mass Immunizer Roster Biller,O,34233.51,34233.51,1095,192,https://npiregistry.cms.hhs.gov/provider-view/1710080411
1346296761,Nix Collier,PA,Family Practice,I,34166.34,51692.63,793,191,https://npiregistry.cms.hhs.gov/provider-view/1346296761
1669460739,Milner James,GA,Hematology-Oncology,I,34155.43,45510.46,528,259,https://npiregistry.cms.hhs.gov/provider-view/1669460739
1255371381,Durham Jack,SC,Family Practice,I,34127.28,42381.15,532,114,https://npiregistry.cms.hhs.gov/provider-view/1255371381
1851385751,Frisoli Anthony,NJ,Family Practice,I,34115.85,47781.14,427,198,https://npiregistry.cms.hhs.gov/provider-view/1851385751
1609259084,Palin Charles,IL,Dentist,I,34068.69,43764.64,137,58,https://npiregistry.cms.hhs.gov/provider-view/1609259084
1407830037,Sheafor Douglas,KS,Psychiatry,I,34027.74,50304.14,496,162,https://npiregistry.cms.hhs.gov/provider-view/1407830037
1588658488,"Cvs Pharmacy, Inc.",TX,Mass Immunizer Roster Biller,O,34018.15,34018.15,575,166,https://npiregistry.cms.hhs.gov/provider-view/1588658488
1457316309,Berenholtz Sean,MD,Anesthesiology,I,34000.66,43255.51,232,120,https://npiregistry.cms.hhs.gov/provider-view/1457316309
1093734980,Webster Mercedes,MI,Family Practice,I,33973.12,45741.38,572,323,https://npiregistry.cms.hhs.gov/provider-view/1093734980
1922002955,Rothstein Terry,KS,Ophthalmology,I,33967.08,60077.08,893,416,https://npiregistry.cms.hhs.gov/provider-view/1922002955
1023336625,"Cvs Pharmacy, Inc.",TX,Mass Immunizer Roster Biller,O,33920.08,33920.08,686,173,https://npiregistry.cms.hhs.gov/provider-view/1023336625
1740243401,Rossman Michael,TX,Rheumatology,I,33911.08,52907.78,553,277,https://npiregistry.cms.hhs.gov/provider-view/1740243401
1184741936,Moore Ronald,WA,Chiropractic,I,33909.17,45296.37,905,31,https://npiregistry.cms.hhs.gov/provider-view/1184741936
1720315864,Bickley Adrian,CO,Physician Assistant,I,33862.87,47652.6,1058,317,https://npiregistry.cms.hhs.gov/provider-view/1720315864
1659474419,South Carolina Cvs Pharmacy Llc,SC,Mass Immunizer Roster Biller,O,33840.3,33840.3,751,190,https://npiregistry.cms.hhs.gov/provider-view/1659474419
1275512386,Singal Sheldon,FL,Ophthalmology,I,33818.73,46567.83,543,290,https://npiregistry.cms.hhs.gov/provider-view/1275512386
1528053436,Matz John,MT,Chiropractic,I,33813.2,49497.66,1446,250,https://npiregistry.cms.hhs.gov/provider-view/1528053436
1881792638,Cvs Pharmacy Inc,TX,Mass Immunizer Roster Biller,O,33750.08,33750.08,824,192,https://npiregistry.cms.hhs.gov/provider-view/1881792638
1619038791,Salvatore William,NY,Chiropractic,I,33738.59,44913.04,1518,85,https://npiregistry.cms.hhs.gov/provider-view/1619038791
1518062355,German Dobson Cvs Llc,AZ,Mass Immunizer Roster Biller,O,33737.22,33737.22,558,159,https://npiregistry.cms.hhs.gov/provider-view/1518062355
1134163272,Wilson Jeffrey,WY,Optometry,I,33703.48,54108.53,543,312,https://npiregistry.cms.hhs.gov/provider-view/1134163272
1710081542,Cvs Pharmacy Inc,TX,Mass Immunizer Roster Biller,O,33698.01,33698.01,1020,240,https://npiregistry.cms.hhs.gov/provider-view/1710081542
1942307442,Cvs Pharmacy Inc,TX,Mass Immunizer Roster Biller,O,33674.78,33674.78,792,185,https://npiregistry.cms.hhs.gov/provider-view/1942307442
1689618167,Willett Ralph,NC,Internal Medicine,I,33648.28,52012.72,661,197,https://npiregistry.cms.hhs.gov/provider-view/1689618167
1750476081,Adams Alex,WI,Anesthesiology,I,33615.7,42507.67,262,229,https://npiregistry.cms.hhs.gov/provider-view/1750476081
1356445282,"Georgia Cvs Pharmacy, L.L.C.",GA,Mass Immunizer Roster Biller,O,33609.68,33609.68,840,192,https://npiregistry.cms.hhs.gov/provider-view/1356445282
1013010701,North Carolina Cvs Pharmacy Llc,NC,Mass Immunizer Roster Biller,O,33607.97,33607.97,853,206,https://npiregistry.cms.hhs.gov/provider-view/1013010701
1497896385,Williams Kenneth,OK,Hospitalist,I,33582.23,43628.25,324,236,https://npiregistry.cms.hhs.gov/provider-view/1497896385
1982607768,Osborne Susan,VA,Family Practice,I,33542.54,45941.25,503,68,https://npiregistry.cms.hhs.gov/provider-view/1982607768
1790781748,Kane Mark,CT,Diagnostic Radiology,I,33541.83,43926.34,1347,916,https://npiregistry.cms.hhs.gov/provider-view/1790781748
1710909593,Lee Gary,OK,Family Practice,I,33528.25,41719.58,1371,150,https://npiregistry.cms.hhs.gov/provider-view/1710909593
1285611871,Huerta Javier,WA,Physician Assistant,I,33509.67,55514.86,703,255,https://npiregistry.cms.hhs.gov/provider-view/1285611871
1245382514,Curry Saundra,NY,Anesthesiology,I,33506.12,42310.26,147,126,https://npiregistry.cms.hhs.gov/provider-view/1245382514
1366496820,Taler George,DC,Geriatric Medicine,I,33466.63,48754.65,376,128,https://npiregistry.cms.hhs.gov/provider-view/1366496820
1124122072,"Maryland Cvs Pharmacy, L.L.C.",MD,Mass Immunizer Roster Biller,O,33444.46,33444.46,586,172,https://npiregistry.cms.hhs.gov/provider-view/1124122072
1043771942,Mccown Thomas,WA,Family Practice,I,33387.37,52990.88,764,412,https://npiregistry.cms.hhs.gov/provider-view/1043771942
1801057302,Tirce Christopher,CA,Anesthesiology,I,33382.37,43279.35,168,145,https://npiregistry.cms.hhs.gov/provider-view/1801057302
1619938685,Neal Green,SC,Internal Medicine,I,33355.37,49812.68,427,103,https://npiregistry.cms.hhs.gov/provider-view/1619938685
1922511443,Putman Michelle,TX,Nurse Practitioner,I,33278.64,39159.28,727,228,https://npiregistry.cms.hhs.gov/provider-view/1922511443
1780658534,Fletchall Timothy,IN,Family Practice,I,33210.63,40420.69,546,160,https://npiregistry.cms.hhs.gov/provider-view/1780658534
1912962440,Pera Vincent,RI,Internal Medicine,I,33111.55,42921.89,469,90,https://npiregistry.cms.hhs.gov/provider-view/1912962440
1578751541,Holiday Cvs Llc,FL,Mass Immunizer Roster Biller,O,33080.69,33080.69,856,199,https://npiregistry.cms.hhs.gov/provider-view/1578751541
1497958748,Maldini Gregorio,HI,General Surgery,I,33035.11,42317.76,162,76,https://npiregistry.cms.hhs.gov/provider-view/1497958748
1760805204,Missouri Cvs Pharmacy Llc,MO,Mass Immunizer Roster Biller,O,33034.67,33034.67,1347,243,https://npiregistry.cms.hhs.gov/provider-view/1760805204
1992936454,Yong Gary,IL,Optometry,I,33028.88,48451.35,624,267,https://npiregistry.cms.hhs.gov/provider-view/1992936454
1821568825,Skowronska Magdalena,FL,Nurse Practitioner,I,32954.66,42039.2,1206,290,https://npiregistry.cms.hhs.gov/provider-view/1821568825
1902948003,Bfp Inc,TN,Mass Immunizer Roster Biller,O,32942.36,32942.36,486,202,https://npiregistry.cms.hhs.gov/provider-view/1902948003
1780141663,Wi Rapids Hometown Pharmacy Llc,WI,Pharmacy,O,32937.99,32937.99,493,173,https://npiregistry.cms.hhs.gov/provider-view/1780141663
1740374800,Lizarribar Jose,TX,Emergency Medicine,I,32935.31,43151.97,318,272,https://npiregistry.cms.hhs.gov/provider-view/1740374800
1194788380,Flaherty Deborah,NC,Certified Registered Nurse Anesthetist (CRNA),I,32870.08,40801.61,362,344,https://npiregistry.cms.hhs.gov/provider-view/1194788380
1780676981,Orfahli M,OH,Pulmonary Disease,I,32868.0,45771.35,430,137,https://npiregistry.cms.hhs.gov/provider-view/1780676981
1801320007,Seaver Brandon,TN,Anesthesiology,I,32863.62,41145.98,384,282,https://npiregistry.cms.hhs.gov/provider-view/1801320007
1043273618,Puno Rolando,KY,Orthopedic Surgery,I,32849.96,45779.24,287,120,https://npiregistry.cms.hhs.gov/provider-view/1043273618
1932203601,"Virginia Cvs Pharmacy, L.L.C.",VA,Mass Immunizer Roster Biller,O,32849.8,32849.8,1101,242,https://npiregistry.cms.hhs.gov/provider-view/1932203601
1992895783,Adinolfi Michael,LA,General Surgery,I,32836.18,42413.5,320,124,https://npiregistry.cms.hhs.gov/provider-view/1992895783
1912965187,Daugherty Joe,AR,Family Practice,I,32831.07,47503.4,586,144,https://npiregistry.cms.hhs.gov/provider-view/1912965187
1851912828,Washington Cvs Pharmacy Llc,WA,Mass Immunizer Roster Biller,O,32783.9,32783.9,463,181,https://npiregistry.cms.hhs.gov/provider-view/1851912828
1346462553,Zivic Gregory,MI,Emergency Medicine,I,32770.23,45496.66,342,324,https://npiregistry.cms.hhs.gov/provider-view/1346462553
1053348706,Weber Jeffrey,FL,Medical Oncology,I,32765.65,43628.35,357,129,https://npiregistry.cms.hhs.gov/provider-view/1053348706
1518060342,Georgia Cvs Pharmacy Llc,GA,Mass Immunizer Roster Biller,O,32764.34,32764.34,693,166,https://npiregistry.cms.hhs.gov/provider-view/1518060342
1417956392,Hodges Paul,AZ,Physical Therapist in Private Practice,I,32763.46,47627.19,1539,114,https://npiregistry.cms.hhs.gov/provider-view/1417956392
1700980521,Cvs Pharmacy Inc,TX,Mass Immunizer Roster Biller,O,32747.91,32747.91,535,166,https://npiregistry.cms.hhs.gov/provider-view/1700980521
1407866155,Cavalier Ralph,GA,Orthopedic Surgery,I,32696.25,41586.63,177,77,https://npiregistry.cms.hhs.gov/provider-view/1407866155
1992745335,Publix Super Markets Inc,FL,Centralized Flu,O,32670.96,32670.96,471,160,https://npiregistry.cms.hhs.gov/provider-view/1992745335
1093768384,Pollack Martin,NJ,Emergency Medicine,I,32656.2,38613.42,354,192,https://npiregistry.cms.hhs.gov/provider-view/1093768384
1255812707,Highland Park Cvs Llc,IL,Mass Immunizer Roster Biller,O,32633.17,32633.17,607,162,https://npiregistry.cms.hhs.gov/provider-view/1255812707
1831133735,Livolsi Virginia,PA,Pathology,I,32621.95,40842.23,849,173,https://npiregistry.cms.hhs.gov/provider-view/1831133735
1134223951,Cvs Pharmacy Inc,TX,Mass Immunizer Roster Biller,O,32617.33,32617.33,1112,201,https://npiregistry.cms.hhs.gov/provider-view/1134223951
1447284856,Shepard James,PA,Internal Medicine,I,32616.27,47558.05,653,129,https://npiregistry.cms.hhs.gov/provider-view/1447284856
1326393588,Walmart Inc.,CA,Mass Immunizer Roster Biller,O,32611.15,32611.15,988,193,https://npiregistry.cms.hhs.gov/provider-view/1326393588
1407856982,Thorn Kevin,NV,Physician Assistant,I,32594.07,43402.92,587,114,https://npiregistry.cms.hhs.gov/provider-view/1407856982
1376680082,Cohen Steven,FL,Psychiatry,I,32575.14,43357.16,430,77,https://npiregistry.cms.hhs.gov/provider-view/1376680082
1730158635,Silva Patricia,IL,Diagnostic Radiology,I,32556.08,41106.24,1258,942,https://npiregistry.cms.hhs.gov/provider-view/1730158635
1578072401,Hartland Hometown Pharmacy Llc,WI,Pharmacy,O,32511.75,32511.75,645,182,https://npiregistry.cms.hhs.gov/provider-view/1578072401
1275588899,Pagliarulo Anthony,TN,Internal Medicine,I,32509.3,41099.4,494,86,https://npiregistry.cms.hhs.gov/provider-view/1275588899
1205138674,Barch Carol,CA,Nurse Practitioner,I,32508.83,43960.39,457,141,https://npiregistry.cms.hhs.gov/provider-view/1205138674
1740243633,Tribuzio Lisa,MI,Certified Registered Nurse Anesthetist (CRNA),I,32508.04,40770.66,479,448,https://npiregistry.cms.hhs.gov/provider-view/1740243633
1285624940,Fuscaldo Francisco,CA,Internal Medicine,I,32480.39,42675.88,854,36,https://npiregistry.cms.hhs.gov/provider-view/1285624940
1336243245,"Louisiana Cvs Pharmacy, L.L.C.",LA,Mass Immunizer Roster Biller,O,32465.77,32465.77,674,196,https://npiregistry.cms.hhs.gov/provider-view/1336243245
1306940259,Maryland Cvs Pharmacy Llc,MD,Mass Immunizer Roster Biller,O,32451.99,32451.99,456,163,https://npiregistry.cms.hhs.gov/provider-view/1306940259
1518066810,Grand St Paul Cvs Llc,MN,Mass Immunizer Roster Biller,O,32418.39,32418.39,735,174,https://npiregistry.cms.hhs.gov/provider-view/1518066810
1902800337,Heney John,MA,Chiropractic,I,32395.04,44561.24,1092,99,https://npiregistry.cms.hhs.gov/provider-view/1902800337
1386613479,Duffy Edward,NH,Emergency Medicine,I,32384.12,44871.64,541,395,https://npiregistry.cms.hhs.gov/provider-view/1386613479
1538323779,Cox Gregory,AZ,Physician Assistant,I,32376.61,40635.96,366,198,https://npiregistry.cms.hhs.gov/provider-view/1538323779
1982201570,Daniels Heather,NY,Nurse Practitioner,I,32371.41,46059.21,797,282,https://npiregistry.cms.hhs.gov/provider-view/1982201570
1982310462,Ford Carmen,TN,Nurse Practitioner,I,32361.48,40949.4,488,286,https://npiregistry.cms.hhs.gov/provider-view/1982310462
1356936843,Cvs Albany Llc,NY,Mass Immunizer Roster Biller,O,32323.08,32323.08,634,155,https://npiregistry.cms.hhs.gov/provider-view/1356936843
1447453238,Nemeth Kimberly,OH,Vascular Surgery,I,32273.07,45907.5,660,499,https://npiregistry.cms.hhs.gov/provider-view/1447453238
1235213372,Hurzeler Patricia,MA,Certified Clinical Nurse Specialist,I,32269.36,43484.5,526,50,https://npiregistry.cms.hhs.gov/provider-view/1235213372
1952993453,Garfield Beach Cvs Llc,CA,Mass Immunizer Roster Biller,O,32255.04,32255.04,626,163,https://npiregistry.cms.hhs.gov/provider-view/1952993453
1639259310,Keim Jeffrey,ND,Plastic and Reconstructive Surgery,I,32238.3,40954.28,135,70,https://npiregistry.cms.hhs.gov/provider-view/1639259310
1144994526,Cvs Pharmacy Inc,CO,Mass Immunizer Roster Biller,O,32225.4,32225.4,578,159,https://npiregistry.cms.hhs.gov/provider-view/1144994526
1720185663,Rrs Rx Inc,NY,Pharmacy,O,32224.56,32224.56,471,199,https://npiregistry.cms.hhs.gov/provider-view/1720185663
1568467116,Sachenik Michael,PA,Diagnostic Radiology,I,32188.31,42127.25,883,734,https://npiregistry.cms.hhs.gov/provider-view/1568467116
1699928580,Wohler Alexander,NJ,Thoracic Surgery,I,32177.56,40830.44,72,31,https://npiregistry.cms.hhs.gov/provider-view/1699928580
1740260058,Magaldi John,CT,Rheumatology,I,32175.35,46626.73,2142,265,https://npiregistry.cms.hhs.gov/provider-view/1740260058
1982917506,Abou Zahr Abdallah,ND,Hematology-Oncology,I,32119.8,44898.62,493,201,https://npiregistry.cms.hhs.gov/provider-view/1982917506
1700951522,Zuckerman David,NY,Podiatry,I,32101.02,40458.6,800,227,https://npiregistry.cms.hhs.gov/provider-view/1700951522
1780639880,Luea Peter,MI,Family Practice,I,32078.75,43313.83,558,117,https://npiregistry.cms.hhs.gov/provider-view/1780639880
1346281482,Martin Lorraine,NJ,Gastroenterology,I,32075.94,41058.0,268,129,https://npiregistry.cms.hhs.gov/provider-view/1346281482
1881692580,Spenos Gust,IN,Neurology,I,32052.72,46392.3,1086,198,https://npiregistry.cms.hhs.gov/provider-view/1881692580
1245334374,Williams James,TX,Anesthesiology,I,32001.86,39936.5,257,124,https://npiregistry.cms.hhs.gov/provider-view/1245334374
1538280748,Preston Donald,GU,Internal Medicine,I,31981.56,50494.52,631,213,https://npiregistry.cms.hhs.gov/provider-view/1538280748
1538337183,Schwartzur Mikhail,NY,Anesthesiology,I,31957.19,40109.42,173,134,https://npiregistry.cms.hhs.gov/provider-view/1538337183
1386756229,"Woodward Detroit Cvs, L.L.C.",MI,Mass Immunizer Roster Biller,O,31949.83,31949.83,1198,182,https://npiregistry.cms.hhs.gov/provider-view/1386756229
1306060264,Godlewski Gary,GA,Emergency Medicine,I,31928.46,41020.7,328,290,https://npiregistry.cms.hhs.gov/provider-view/1306060264
1306467766,Lamar Family Pharmacy,SC,Pharmacy,O,31903.94,31903.94,435,227,https://npiregistry.cms.hhs.gov/provider-view/1306467766
1558974071,Highland Park Cvs Llc,IL,Mass Immunizer Roster Biller,O,31887.77,31887.77,586,175,https://npiregistry.cms.hhs.gov/provider-view/1558974071
1639273519,Holiday Cvs Llc,FL,Mass Immunizer Roster Biller,O,31864.22,31864.22,780,197,https://npiregistry.cms.hhs.gov/provider-view/1639273519
1326142100,Cvs Pharmacy Inc,TX,Mass Immunizer Roster Biller,O,31859.89,31859.89,787,185,https://npiregistry.cms.hhs.gov/provider-view/1326142100
1710923040,Vrable Alex,OH,General Practice,I,31855.26,45721.43,760,132,https://npiregistry.cms.hhs.gov/provider-view/1710923040
1265875017,Matrone Andrew,NC,Nurse Practitioner,I,31836.88,44837.8,438,58,https://npiregistry.cms.hhs.gov/provider-view/1265875017
1649651860,Elmore Shekinah,NC,Radiation Oncology,I,31829.01,41167.85,396,66,https://npiregistry.cms.hhs.gov/provider-view/1649651860
1003026865,Langley Jerry,SC,Chiropractic,I,31806.34,45921.5,1211,153,https://npiregistry.cms.hhs.gov/provider-view/1003026865
1295739902,Mollohan Ernest,AL,Emergency Medicine,I,31771.92,48387.35,1507,135,https://npiregistry.cms.hhs.gov/provider-view/1295739902
1356444079,Tennessee Cvs Pharmacy Llc,TN,Mass Immunizer Roster Biller,O,31747.97,31747.97,890,170,https://npiregistry.cms.hhs.gov/provider-view/1356444079
1184787020,Kumar Anil,CA,Cardiology,I,31726.04,51930.9,534,229,https://npiregistry.cms.hhs.gov/provider-view/1184787020
1932190683,Resnick Stephen,NV,Emergency Medicine,I,31719.82,40881.13,364,238,https://npiregistry.cms.hhs.gov/provider-view/1932190683
1437257284,Cvs Pharmacy Inc,TX,Mass Immunizer Roster Biller,O,31677.21,31677.21,748,180,https://npiregistry.cms.hhs.gov/provider-view/1437257284
1699849265,Hermecz David,GA,"Psychologist, Clinical",I,31673.78,40344.39,284,26,https://npiregistry.cms.hhs.gov/provider-view/1699849265
1518940782,Chang-Miller April,AZ,Rheumatology,I,31645.56,43212.29,300,183,https://npiregistry.cms.hhs.gov/provider-view/1518940782
1487784799,Groce Jeffery,OH,Gastroenterology,I,31624.97,40112.77,285,175,https://npiregistry.cms.hhs.gov/provider-view/1487784799
1164465241,Dunn Gary,OK,Colorectal Surgery (Proctology),I,31616.64,40189.06,160,76,https://npiregistry.cms.hhs.gov/provider-view/1164465241
1396959805,Jennings Ryan,TX,Family Practice,I,31615.39,40184.43,635,171,https://npiregistry.cms.hhs.gov/provider-view/1396959805
1043271612,Dicorte Charles,LA,Thoracic Surgery,I,31609.15,40130.63,100,52,https://npiregistry.cms.hhs.gov/provider-view/1043271612
1043240138,Payne Catherine,VA,"Psychologist, Clinical",I,31590.13,40235.31,272,17,https://npiregistry.cms.hhs.gov/provider-view/1043240138
1316332893,Hall Scott,KS,Emergency Medicine,I,31523.1,39293.73,321,264,https://npiregistry.cms.hhs.gov/provider-view/1316332893
1053357020,Wolf Tammie,KS,Licensed Clinical Social Worker,I,31503.08,40922.34,399,15,https://npiregistry.cms.hhs.gov/provider-view/1053357020
1811091648,"Pennsylvania Cvs Pharmacy, L.L.C.",PA,Mass Immunizer Roster Biller,O,31500.68,31500.68,1208,204,https://npiregistry.cms.hhs.gov/provider-view/1811091648
1235241167,"Woodward Detroit Cvs, L.L.C.",MI,Mass Immunizer Roster Biller,O,31465.59,31465.59,1192,189,https://npiregistry.cms.hhs.gov/provider-view/1235241167
1679547731,Parks David,VA,Hospice and Palliative Care,I,31461.04,40103.83,454,104,https://npiregistry.cms.hhs.gov/provider-view/1679547731
1174581607,Zielaskowski Lorne,MI,Podiatry,I,31427.81,51513.73,929,263,https://npiregistry.cms.hhs.gov/provider-view/1174581607
1215960380,Wrynn Brendan,IN,Certified Registered Nurse Anesthetist (CRNA),I,31416.96,38508.38,341,329,https://npiregistry.cms.hhs.gov/provider-view/1215960380
1407564925,Medicomp Inc,TX,Independent Diagnostic Testing Facility (IDTF),O,31389.12,39396.47,53,53,https://npiregistry.cms.hhs.gov/provider-view/1407564925
1861576928,Kaplan Daniel,NC,Hospitalist,I,31375.62,38789.38,381,106,https://npiregistry.cms.hhs.gov/provider-view/1861576928
1003998246,Presbyterian Medical Services,NM,Ambulance Service Provider,O,31342.51,40264.77,2145,25,https://npiregistry.cms.hhs.gov/provider-view/1003998246
1023084290,Miller Aaron,FL,Family Practice,I,31325.58,57874.34,884,384,https://npiregistry.cms.hhs.gov/provider-view/1023084290
1508177544,Walls Chad,PA,Orthopedic Surgery,I,31276.29,41025.33,291,98,https://npiregistry.cms.hhs.gov/provider-view/1508177544
1073573937,Lawson William,NY,Otolaryngology,I,31276.19,41593.55,220,65,https://npiregistry.cms.hhs.gov/provider-view/1073573937
1891002663,Hook-Superx Llc,IN,Mass Immunizer Roster Biller,O,31268.39,31268.39,668,160,https://npiregistry.cms.hhs.gov/provider-view/1891002663
1063474153,Sakr James,NY,Otolaryngology,I,31258.72,43645.13,319,97,https://npiregistry.cms.hhs.gov/provider-view/1063474153
1073617858,Cvs Pharmacy Inc,TX,Mass Immunizer Roster Biller,O,31244.87,31244.87,586,164,https://npiregistry.cms.hhs.gov/provider-view/1073617858
1952913931,Dodd Felicia,TN,Nurse Practitioner,I,31229.99,43110.31,701,114,https://npiregistry.cms.hhs.gov/provider-view/1952913931
1851377360,Rice Susan,MI,Family Practice,I,31215.5,39972.96,606,129,https://npiregistry.cms.hhs.gov/provider-view/1851377360
1033261201,Read Richard,PA,Physical Therapist in Private Practice,I,31214.17,40414.27,317,84,https://npiregistry.cms.hhs.gov/provider-view/1033261201
1881095867,Perez-Barsh Marisela,FL,Nurse Practitioner,I,31183.5,38971.43,423,101,https://npiregistry.cms.hhs.gov/provider-view/1881095867
1649209107,Jutkowitz David,CT,Family Practice,I,31177.43,41273.34,431,132,https://npiregistry.cms.hhs.gov/provider-view/1649209107
1205816097,Stomel Robert,AZ,Cardiology,I,31148.38,53273.16,661,219,https://npiregistry.cms.hhs.gov/provider-view/1205816097
1659357333,Kerner Bruce,OH,Colorectal Surgery (Proctology),I,31078.88,39148.14,184,124,https://npiregistry.cms.hhs.gov/provider-view/1659357333
1376646141,"Highland Park Cvs, L.L.C.",IL,Mass Immunizer Roster Biller,O,31058.52,31058.52,952,175,https://npiregistry.cms.hhs.gov/provider-view/1376646141
1346264231,Baum Marcia,MA,Licensed Clinical Social Worker,I,31000.98,40043.78,361,21,https://npiregistry.cms.hhs.gov/provider-view/1346264231
1992762595,Lewis Robert,VA,Emergency Medicine,I,30962.7,38537.43,356,229,https://npiregistry.cms.hhs.gov/provider-view/1992762595
1902830326,Mccole Andrew,VA,Physical Therapist in Private Practice,I,30956.04,41097.26,1489,78,https://npiregistry.cms.hhs.gov/provider-view/1902830326
1245299460,Crilly Adam,NC,Emergency Medicine,I,30942.05,39723.73,277,259,https://npiregistry.cms.hhs.gov/provider-view/1245299460
1285678805,Willingham Thomas,FL,Psychiatry,I,30941.35,39931.86,328,33,https://npiregistry.cms.hhs.gov/provider-view/1285678805
1053504084,Thompson Mark,OK,Internal Medicine,I,30906.33,39172.71,273,258,https://npiregistry.cms.hhs.gov/provider-view/1053504084
1144302985,Beim Daniel,NJ,Obstetrics & Gynecology,I,30835.13,36309.52,371,171,https://npiregistry.cms.hhs.gov/provider-view/1144302985
1588234686,Lopez Cesar,FL,Certified Registered Nurse Anesthetist (CRNA),I,30827.02,37608.87,267,259,https://npiregistry.cms.hhs.gov/provider-view/1588234686
1013905454,Santambrosio Marc,FL,Emergency Medicine,I,30803.72,42268.65,802,195,https://npiregistry.cms.hhs.gov/provider-view/1013905454
1962505792,"Georgia Cvs Pharmacy, L.L.C.",GA,Mass Immunizer Roster Biller,O,30789.01,30789.01,656,159,https://npiregistry.cms.hhs.gov/provider-view/1962505792
1346395696,Le Minh,TX,Internal Medicine,I,30744.01,45282.89,798,72,https://npiregistry.cms.hhs.gov/provider-view/1346395696
1427043124,Adkison Dianna,MO,Anesthesiology,I,30736.58,38428.92,356,328,https://npiregistry.cms.hhs.gov/provider-view/1427043124
1760597710,Buckman Jeffrey,IL,Internal Medicine,I,30726.4,39223.03,362,131,https://npiregistry.cms.hhs.gov/provider-view/1760597710
1538257563,Sankey Peggy,IN,Family Practice,I,30680.68,46386.56,784,154,https://npiregistry.cms.hhs.gov/provider-view/1538257563
1235322710,Aslin Alice,MO,"Psychologist, Clinical",I,30662.5,39456.02,275,13,https://npiregistry.cms.hhs.gov/provider-view/1235322710
1225185564,Fontenette Gilbert,LA,Nurse Practitioner,I,30647.25,42040.08,587,362,https://npiregistry.cms.hhs.gov/provider-view/1225185564
1871599431,Khan Mohammad,AZ,Anesthesiology,I,30614.57,38424.5,346,282,https://npiregistry.cms.hhs.gov/provider-view/1871599431
1053385161,Stoner Richard,FL,Emergency Medicine,I,30588.49,38395.55,256,235,https://npiregistry.cms.hhs.gov/provider-view/1053385161
1528096781,Stubblefield Larry,TX,General Practice,I,30586.76,46644.02,532,98,https://npiregistry.cms.hhs.gov/provider-view/1528096781
1104885201,Fox Norris,NY,Internal Medicine,I,30579.63,41425.55,312,95,https://npiregistry.cms.hhs.gov/provider-view/1104885201
1508859653,Vaisman Uri,WI,Diagnostic Radiology,I,30563.08,36921.1,1425,807,https://npiregistry.cms.hhs.gov/provider-view/1508859653
1487751889,Cvs Pharmacy Inc,TX,Mass Immunizer Roster Biller,O,30490.19,30490.19,851,172,https://npiregistry.cms.hhs.gov/provider-view/1487751889
1285945691,Spendley James,MN,Physical Medicine and Rehabilitation,I,30488.14,38148.29,441,56,https://npiregistry.cms.hhs.gov/provider-view/1285945691
1053453860,Mldp Of Texas Lp,TX,Clinical Laboratory,O,30488.12,30488.12,550,312,https://npiregistry.cms.hhs.gov/provider-view/1053453860
1174616841,Seidman Carol,FL,"Psychologist, Clinical",I,30474.87,39322.45,279,11,https://npiregistry.cms.hhs.gov/provider-view/1174616841
1912026493,"Redner's Markets, Inc.",MD,Mass Immunizer Roster Biller,O,30393.47,30393.47,485,151,https://npiregistry.cms.hhs.gov/provider-view/1912026493
1104883883,Ehlers Edward,MD,Psychiatry,I,30387.6,43429.81,490,111,https://npiregistry.cms.hhs.gov/provider-view/1104883883
1700893476,Conforti William,PA,Emergency Medicine,I,30355.0,39971.17,303,258,https://npiregistry.cms.hhs.gov/provider-view/1700893476
1841361540,Garcia Michael,NY,"Psychologist, Clinical",I,30338.22,38480.85,391,11,https://npiregistry.cms.hhs.gov/provider-view/1841361540
1972597904,Liu Perry,AZ,Anesthesiology,I,30287.47,38013.75,250,234,https://npiregistry.cms.hhs.gov/provider-view/1972597904
1417934779,Ekbal Shahid,IL,Urology,I,30176.53,43784.38,614,281,https://npiregistry.cms.hhs.gov/provider-view/1417934779
1528161049,Hook-Superx Llc,IN,Mass Immunizer Roster Biller,O,30153.9,30153.9,467,156,https://npiregistry.cms.hhs.gov/provider-view/1528161049
1841343639,Castro Durlan,NY,Chiropractic,I,30151.37,42680.99,1369,198,https://npiregistry.cms.hhs.gov/provider-view/1841343639
1386755353,Phillips William,MO,Internal Medicine,I,30147.8,45851.63,472,153,https://npiregistry.cms.hhs.gov/provider-view/1386755353
1083684930,Kegel Daniel,PA,Obstetrics & Gynecology,I,30129.35,40036.32,599,224,https://npiregistry.cms.hhs.gov/provider-view/1083684930
1053373738,Riedel Larry,TX,Internal Medicine,I,30114.52,45886.73,327,92,https://npiregistry.cms.hhs.gov/provider-view/1053373738
1073579777,Gordon Gene,AL,Anesthesiology,I,30104.61,38769.79,910,99,https://npiregistry.cms.hhs.gov/provider-view/1073579777
1851336911,Shaaban Fadel,IN,Psychiatry,I,30104.24,37655.47,414,155,https://npiregistry.cms.hhs.gov/provider-view/1851336911
1821002858,Hong Chong,CA,Anesthesiology,I,30085.73,38168.24,185,162,https://npiregistry.cms.hhs.gov/provider-view/1821002858
1982686796,Ireland Mark,FL,Family Practice,I,30083.89,38201.98,491,109,https://npiregistry.cms.hhs.gov/provider-view/1982686796
1932126489,Dudley James,VA,Emergency Medicine,I,30054.41,39361.79,354,311,https://npiregistry.cms.hhs.gov/provider-view/1932126489
1891755492,Stephens Delilah,AZ,Hospitalist,I,30023.41,39967.91,437,122,https://npiregistry.cms.hhs.gov/provider-view/1891755492
1013985035,Thompson William,FL,Family Practice,I,29969.77,47028.97,566,131,https://npiregistry.cms.hhs.gov/provider-view/1013985035
1700846235,Dangelo Scott,SC,Certified Registered Nurse Anesthetist (CRNA),I,29935.5,37486.88,283,272,https://npiregistry.cms.hhs.gov/provider-view/1700846235
1033130331,Winn Dixie Stores Inc,FL,Centralized Flu,O,29925.56,29925.56,1958,231,https://npiregistry.cms.hhs.gov/provider-view/1033130331
1376638544,Pearsall Donald,NM,Emergency Medicine,I,29896.31,42202.92,755,184,https://npiregistry.cms.hhs.gov/provider-view/1376638544
1407355670,"Scltdi Jv, Llc",CO,Independent Diagnostic Testing Facility (IDTF),O,29879.21,40816.45,3442,232,https://npiregistry.cms.hhs.gov/provider-view/1407355670
1386748366,Holiday Cvs Llc,FL,Mass Immunizer Roster Biller,O,29866.38,29866.38,1019,181,https://npiregistry.cms.hhs.gov/provider-view/1386748366
1427112176,Mazzoni Pietro,OH,Neurology,I,29854.69,42268.79,266,200,https://npiregistry.cms.hhs.gov/provider-view/1427112176
1285738120,"Highland Park Cvs, L.L.C.",IL,Mass Immunizer Roster Biller,O,29824.54,29824.54,844,165,https://npiregistry.cms.hhs.gov/provider-view/1285738120
1073589461,Hung Stephen,IL,Family Practice,I,29811.97,35072.23,683,126,https://npiregistry.cms.hhs.gov/provider-view/1073589461
1033213962,"Louisiana Cvs Pharmacy, L.L.C.",LA,Mass Immunizer Roster Biller,O,29807.69,29807.69,606,169,https://npiregistry.cms.hhs.gov/provider-view/1033213962
1356498455,Hausknecht Allan,NY,Neurology,I,29807.52,39542.99,343,163,https://npiregistry.cms.hhs.gov/provider-view/1356498455
1992802490,Cvs Pharmacy Inc,TX,Mass Immunizer Roster Biller,O,29792.6,29792.6,650,154,https://npiregistry.cms.hhs.gov/provider-view/1992802490
1467493338,Wisconsin Cvs Pharmacy Llc,WI,Mass Immunizer Roster Biller,O,29792.16,29792.16,802,170,https://npiregistry.cms.hhs.gov/provider-view/1467493338
1194364273,Leroy Brandon,ID,Certified Registered Nurse Anesthetist (CRNA),I,29761.62,37421.01,123,120,https://npiregistry.cms.hhs.gov/provider-view/1194364273
1184792673,Roses Daniel,NY,Surgical Oncology,I,29749.15,39720.08,361,286,https://npiregistry.cms.hhs.gov/provider-view/1184792673
1184799652,Lanier Jim,GA,Licensed Clinical Social Worker,I,29669.8,39867.22,401,39,https://npiregistry.cms.hhs.gov/provider-view/1184799652
1023085578,Shannon Francis,MI,Cardiac Surgery,I,29659.71,37052.92,72,65,https://npiregistry.cms.hhs.gov/provider-view/1023085578
1316474083,Wagner Eric,TX,Physical Medicine and Rehabilitation,I,29631.62,39782.42,317,118,https://npiregistry.cms.hhs.gov/provider-view/1316474083
1346261658,Winn Dixie Stores Inc,FL,Centralized Flu,O,29548.68,29548.68,1744,263,https://npiregistry.cms.hhs.gov/provider-view/1346261658
1992777593,Pu Cunfeng,PA,Pathology,I,29543.39,39751.79,1084,491,https://npiregistry.cms.hhs.gov/provider-view/1992777593
1962465781,Hunt Matthew,CA,Emergency Medicine,I,29534.58,37012.36,286,190,https://npiregistry.cms.hhs.gov/provider-view/1962465781
1861595571,Tennessee Cvs Pharmacy Llc,TN,Mass Immunizer Roster Biller,O,29530.02,29530.02,877,172,https://npiregistry.cms.hhs.gov/provider-view/1861595571
1942214440,Koenig Richard,PA,"Psychologist, Clinical",I,29525.3,38626.99,257,16,https://npiregistry.cms.hhs.gov/provider-view/1942214440
1194702100,Win Phone,NY,Psychiatry,I,29512.41,41687.85,577,105,https://npiregistry.cms.hhs.gov/provider-view/1194702100
1487655775,Chani Arvinder,KY,Psychiatry,I,29489.34,39319.56,453,157,https://npiregistry.cms.hhs.gov/provider-view/1487655775
1942203385,Easterling Kenneth,FL,Orthopedic Surgery,I,29482.95,38940.59,553,88,https://npiregistry.cms.hhs.gov/provider-view/1942203385
1588012983,Keel Courtney,OH,Emergency Medicine,I,29469.01,37766.52,238,202,https://npiregistry.cms.hhs.gov/provider-view/1588012983
1568884245,"Samson Merger Sub, Llc",FL,Mass Immunizer Roster Biller,O,29414.96,29414.96,1271,174,https://npiregistry.cms.hhs.gov/provider-view/1568884245
1063525574,The Golub Corporation,MA,Mass Immunizer Roster Biller,O,29381.14,29381.14,494,163,https://npiregistry.cms.hhs.gov/provider-view/1063525574
1255359071,Mirchandani Gautam,CT,Diagnostic Radiology,I,29339.52,38039.82,825,551,https://npiregistry.cms.hhs.gov/provider-view/1255359071
1124148846,Breen Thomas,OH,Internal Medicine,I,29325.69,41179.39,766,106,https://npiregistry.cms.hhs.gov/provider-view/1124148846
1922101492,Caudill William,KY,Nephrology,I,29284.71,42316.14,315,185,https://npiregistry.cms.hhs.gov/provider-view/1922101492
1154354983,Suh Moon,PA,General Practice,I,29283.66,36855.76,450,48,https://npiregistry.cms.hhs.gov/provider-view/1154354983
1780788646,Holiday Cvs Llc,FL,Mass Immunizer Roster Biller,O,29255.96,29255.96,1118,196,https://npiregistry.cms.hhs.gov/provider-view/1780788646
1023340023,Gallagher Robert,PA,"Psychologist, Clinical",I,29234.42,36693.24,566,46,https://npiregistry.cms.hhs.gov/provider-view/1023340023
1740322759,Dosumu Remilekun,TX,Internal Medicine,I,29185.88,41441.74,381,148,https://npiregistry.cms.hhs.gov/provider-view/1740322759
1346273687,Micheli Lyle,MA,Sports Medicine,I,29185.28,39764.81,477,169,https://npiregistry.cms.hhs.gov/provider-view/1346273687
1427130350,Biggerstaff Matthew,IA,Pain Management,I,29163.75,38448.61,414,151,https://npiregistry.cms.hhs.gov/provider-view/1427130350
1548349335,Livermore Norman,CA,Orthopedic Surgery,I,29116.74,40737.16,651,126,https://npiregistry.cms.hhs.gov/provider-view/1548349335
1922039668,Verne Arthur,CA,Certified Registered Nurse Anesthetist (CRNA),I,29116.26,35542.67,252,250,https://npiregistry.cms.hhs.gov/provider-view/1922039668
1659349306,Winn Peter,OK,Family Practice,I,29084.01,43713.72,546,158,https://npiregistry.cms.hhs.gov/provider-view/1659349306
1346344124,Cvs Pharmacy Inc,TX,Mass Immunizer Roster Biller,O,29071.43,29071.43,573,158,https://npiregistry.cms.hhs.gov/provider-view/1346344124
1871544270,Levavi Michael,NJ,Optometry,I,28998.2,36655.61,680,97,https://npiregistry.cms.hhs.gov/provider-view/1871544270
1245288513,Aguilar Robin,MO,Critical Care (Intensivists),I,28966.55,37779.49,231,87,https://npiregistry.cms.hhs.gov/provider-view/1245288513
1568973675,Wright Eric,MI,Physician Assistant,I,28955.36,40188.02,469,133,https://npiregistry.cms.hhs.gov/provider-view/1568973675
1760572747,Ingarra Thomas,NY,Family Practice,I,28934.15,38394.92,298,51,https://npiregistry.cms.hhs.gov/provider-view/1760572747
1255368957,Peters William,PA,Diagnostic Radiology,I,28927.15,39300.17,788,525,https://npiregistry.cms.hhs.gov/provider-view/1255368957
1992718506,Moore Richard,NH,Chiropractic,I,28913.85,38393.2,962,14,https://npiregistry.cms.hhs.gov/provider-view/1992718506
1548364482,"Highland Park Cvs, L.L.C.",IL,Mass Immunizer Roster Biller,O,28905.08,28905.08,792,160,https://npiregistry.cms.hhs.gov/provider-view/1548364482
1609846245,Markert George,OK,Family Practice,I,28898.35,44731.16,885,146,https://npiregistry.cms.hhs.gov/provider-view/1609846245
1558310813,Reynolds Mark,TX,Certified Registered Nurse Anesthetist (CRNA),I,28885.7,38259.74,263,257,https://npiregistry.cms.hhs.gov/provider-view/1558310813
1184699688,Richmond Jeffrey,AZ,Radiation Oncology,I,28852.38,36446.8,454,96,https://npiregistry.cms.hhs.gov/provider-view/1184699688
1699789081,Cross Robert,NY,Physician Assistant,I,28807.55,39391.08,502,307,https://npiregistry.cms.hhs.gov/provider-view/1699789081
1073593026,Griffin Bryan,TX,Pathology,I,28797.79,36623.79,1175,546,https://npiregistry.cms.hhs.gov/provider-view/1073593026
1669572475,Finger Stephen,NY,Otolaryngology,I,28794.2,36628.74,361,129,https://npiregistry.cms.hhs.gov/provider-view/1669572475
1326103490,Kellogg Mark,MO,Certified Registered Nurse Anesthetist (CRNA),I,28761.15,35648.74,271,245,https://npiregistry.cms.hhs.gov/provider-view/1326103490
1871696641,South Carolina Cvs Pharmacy Llc,SC,Mass Immunizer Roster Biller,O,28756.95,28756.95,557,135,https://npiregistry.cms.hhs.gov/provider-view/1871696641
1306947155,Wengert Timothy,WI,Colorectal Surgery (Proctology),I,28745.73,36528.19,183,90,https://npiregistry.cms.hhs.gov/provider-view/1306947155
1104084037,Winn Dixie Stores Inc,GA,Centralized Flu,O,28740.16,28740.16,692,217,https://npiregistry.cms.hhs.gov/provider-view/1104084037
1942303680,"Alabama Cvs Pharmacy, L.L.C.",AL,Mass Immunizer Roster Biller,O,28687.66,28687.66,925,156,https://npiregistry.cms.hhs.gov/provider-view/1942303680
1316051683,Giles Scott,TN,Emergency Medicine,I,28650.07,36257.67,348,241,https://npiregistry.cms.hhs.gov/provider-view/1316051683
1770525719,Medina Edward,CO,General Surgery,I,28640.68,37028.17,153,86,https://npiregistry.cms.hhs.gov/provider-view/1770525719
1295728962,Plisko Andy,CA,Anesthesiology,I,28610.72,36103.05,152,98,https://npiregistry.cms.hhs.gov/provider-view/1295728962
1417988015,Tripathi Rajendra,ME,Orthopedic Surgery,I,28555.42,35966.23,93,72,https://npiregistry.cms.hhs.gov/provider-view/1417988015
1124197512,Bleak Shirley,UT,Nurse Practitioner,I,28539.76,36109.04,1544,14,https://npiregistry.cms.hhs.gov/provider-view/1124197512
1528040599,Lachman Marilyn,AL,Psychiatry,I,28527.09,42030.12,600,100,https://npiregistry.cms.hhs.gov/provider-view/1528040599
1043292378,Metyk Michael,FL,Podiatry,I,28489.04,41656.76,478,152,https://npiregistry.cms.hhs.gov/provider-view/1043292378
1356341655,Rao Venkat,MI,Pulmonary Disease,I,28391.27,38708.83,575,155,https://npiregistry.cms.hhs.gov/provider-view/1356341655
1639843147,Scrape Kelley,NJ,Nurse Practitioner,I,28373.0,38507.89,479,216,https://npiregistry.cms.hhs.gov/provider-view/1639843147
1275621344,Tillquist Richard,CO,General Surgery,I,28324.29,36497.1,145,61,https://npiregistry.cms.hhs.gov/provider-view/1275621344
1386648335,Cleary Lisa,KY,Physical Therapist in Private Practice,I,28296.8,36401.66,1712,47,https://npiregistry.cms.hhs.gov/provider-view/1386648335
1932272465,Kroger Texas L P,TX,Mass Immunizer Roster Biller,O,28270.21,28270.21,610,160,https://npiregistry.cms.hhs.gov/provider-view/1932272465
1275894537,Karns Christopher,PA,Emergency Medicine,I,28266.79,35803.73,251,219,https://npiregistry.cms.hhs.gov/provider-view/1275894537
1902885460,Nichols Lawrence,MO,Family Practice,I,28254.21,32827.11,4319,260,https://npiregistry.cms.hhs.gov/provider-view/1902885460
1588663207,Cox Darcey,MI,Anesthesiology,I,28189.77,35820.59,289,223,https://npiregistry.cms.hhs.gov/provider-view/1588663207
1508831157,Baccus John,IN,Pain Management,I,28184.31,39744.44,415,110,https://npiregistry.cms.hhs.gov/provider-view/1508831157
1699738013,Green David,FL,Family Practice,I,28162.11,43074.18,711,82,https://npiregistry.cms.hhs.gov/provider-view/1699738013
1760482657,Long Rebecca,MD,Family Practice,I,28150.29,38613.07,525,250,https://npiregistry.cms.hhs.gov/provider-view/1760482657
1194921254,Rust Paula,AL,Obstetrics & Gynecology,I,28109.64,35553.02,812,117,https://npiregistry.cms.hhs.gov/provider-view/1194921254
1447353206,Georgia Cvs Pharmacy Llc,GA,Mass Immunizer Roster Biller,O,28106.8,28106.8,849,168,https://npiregistry.cms.hhs.gov/provider-view/1447353206
1992719728,Hayes Phillip,PA,Obstetrics & Gynecology,I,28105.72,34666.63,555,317,https://npiregistry.cms.hhs.gov/provider-view/1992719728
1750377271,Jackson Ralph,TX,Optometry,I,28091.32,42757.92,669,118,https://npiregistry.cms.hhs.gov/provider-view/1750377271
1992815146,Meyer Sharon,WI,Physician Assistant,I,28077.47,36878.91,462,149,https://npiregistry.cms.hhs.gov/provider-view/1992815146
1831177724,Manning Dennis,MN,Hospitalist,I,28066.38,35632.21,366,124,https://npiregistry.cms.hhs.gov/provider-view/1831177724
1912293044,Vogel James,MA,Anesthesiology,I,28054.58,35649.38,273,256,https://npiregistry.cms.hhs.gov/provider-view/1912293044
1235219577,Udden Mark,TX,Hematology-Oncology,I,28043.78,39291.91,358,180,https://npiregistry.cms.hhs.gov/provider-view/1235219577
1730141318,Lybarger Aaron,ID,Certified Registered Nurse Anesthetist (CRNA),I,28042.95,35729.58,236,170,https://npiregistry.cms.hhs.gov/provider-view/1730141318
1669778221,Blabaum John,WI,Nurse Practitioner,I,28029.01,40921.67,722,288,https://npiregistry.cms.hhs.gov/provider-view/1669778221
1790439875,Garfield Beach Cvs Llc,CA,Mass Immunizer Roster Biller,O,28025.12,28025.12,627,140,https://npiregistry.cms.hhs.gov/provider-view/1790439875
1851891055,Wika Christina,WI,Emergency Medicine,I,27999.98,36523.58,248,218,https://npiregistry.cms.hhs.gov/provider-view/1851891055
1053380147,Zinkin Edward,NY,Diagnostic Radiology,I,27994.61,36577.82,2888,951,https://npiregistry.cms.hhs.gov/provider-view/1053380147
1790887818,Sanders Betty,NC,"Psychologist, Clinical",I,27988.23,35776.85,252,27,https://npiregistry.cms.hhs.gov/provider-view/1790887818
1811370737,Snider Gregg,GA,Anesthesiology Assistant,I,27983.56,35146.96,179,177,https://npiregistry.cms.hhs.gov/provider-view/1811370737
1285656819,Winn Dixie Stores Inc,FL,Centralized Flu,O,27982.17,27982.17,2283,158,https://npiregistry.cms.hhs.gov/provider-view/1285656819
1538162276,Katigbak Cesar,AZ,Family Practice,I,27975.92,45355.21,432,182,https://npiregistry.cms.hhs.gov/provider-view/1538162276
1770071870,Rgv Hometown Pharmacy Pllc,TX,Mass Immunizer Roster Biller,O,27952.96,27952.96,1314,157,https://npiregistry.cms.hhs.gov/provider-view/1770071870
1730174616,"Anne M Barr Enterprises, Llc",MO,Mass Immunizer Roster Biller,O,27927.09,27927.09,431,155,https://npiregistry.cms.hhs.gov/provider-view/1730174616
1114012143,O'hara David,GA,Physical Therapist in Private Practice,I,27908.29,37305.29,1392,53,https://npiregistry.cms.hhs.gov/provider-view/1114012143
1255374187,Khuu Nguyen,CA,Emergency Medicine,I,27881.0,35146.71,303,193,https://npiregistry.cms.hhs.gov/provider-view/1255374187
1912488487,Garfield Beach Cvs Llc,CA,Mass Immunizer Roster Biller,O,27856.98,27856.98,538,136,https://npiregistry.cms.hhs.gov/provider-view/1912488487
1376647032,Cvs Albany Llc,NY,Mass Immunizer Roster Biller,O,27825.47,27825.47,699,148,https://npiregistry.cms.hhs.gov/provider-view/1376647032
1295839116,Holiday Cvs Llc,FL,Mass Immunizer Roster Biller,O,27752.18,27752.18,475,139,https://npiregistry.cms.hhs.gov/provider-view/1295839116
1447354238,Pennsylvania Cvs Pharmacy Llc,PA,Mass Immunizer Roster Biller,O,27723.23,27723.23,942,194,https://npiregistry.cms.hhs.gov/provider-view/1447354238
1548246812,Finestone Douglas,NC,Psychiatry,I,27711.83,36684.84,403,64,https://npiregistry.cms.hhs.gov/provider-view/1548246812
1992874077,Bjornson Lori,MI,Nurse Practitioner,I,27698.56,39718.63,568,63,https://npiregistry.cms.hhs.gov/provider-view/1992874077
1518925106,Cornwall Suzanne,WA,Family Practice,I,27683.71,39539.03,420,175,https://npiregistry.cms.hhs.gov/provider-view/1518925106
1548429566,Brown Amber,OH,Physician Assistant,I,27671.69,37020.56,280,264,https://npiregistry.cms.hhs.gov/provider-view/1548429566
1538256342,Shick Herbert,FL,Internal Medicine,I,27671.03,37755.93,310,73,https://npiregistry.cms.hhs.gov/provider-view/1538256342
1629073044,Lopo Alina,CA,Internal Medicine,I,27657.27,38269.46,361,91,https://npiregistry.cms.hhs.gov/provider-view/1629073044
1710080445,Tennessee Cvs Pharmacy Llc,TN,Mass Immunizer Roster Biller,O,27623.92,27623.92,946,185,https://npiregistry.cms.hhs.gov/provider-view/1710080445
1275546418,Lee Dandy,CA,Anesthesiology,I,27530.74,34932.67,161,114,https://npiregistry.cms.hhs.gov/provider-view/1275546418
1588851422,Cvs Pharmacy Inc,MA,Mass Immunizer Roster Biller,O,27529.16,27529.16,454,132,https://npiregistry.cms.hhs.gov/provider-view/1588851422
1528045531,Lynch James,MN,Anesthesiology,I,27500.45,35451.6,305,247,https://npiregistry.cms.hhs.gov/provider-view/1528045531
1780605154,Winn Dixie Stores Inc,FL,Centralized Flu,O,27495.22,27495.22,1422,216,https://npiregistry.cms.hhs.gov/provider-view/1780605154
1134237209,Harris Karen,GA,Licensed Clinical Social Worker,I,27478.24,35356.5,336,54,https://npiregistry.cms.hhs.gov/provider-view/1134237209
1518921808,Shober Robert,TX,Certified Registered Nurse Anesthetist (CRNA),I,27475.25,34484.08,181,47,https://npiregistry.cms.hhs.gov/provider-view/1518921808
1275594087,Price Richard,MO,Diagnostic Radiology,I,27466.31,37054.81,1858,1378,https://npiregistry.cms.hhs.gov/provider-view/1275594087
1184618860,Alexander Debra,OR,Nurse Practitioner,I,27460.43,39421.56,342,87,https://npiregistry.cms.hhs.gov/provider-view/1184618860
1972609733,Pargman Aaron,GA,Physical Therapist in Private Practice,I,27435.93,35558.25,1290,45,https://npiregistry.cms.hhs.gov/provider-view/1972609733
1518019249,Griffin John,FL,Emergency Medicine,I,27423.01,34903.19,286,158,https://npiregistry.cms.hhs.gov/provider-view/1518019249
1497089825,Russell Hortense,VA,Family Practice,I,27413.98,38823.43,796,341,https://npiregistry.cms.hhs.gov/provider-view/1497089825
1629062773,Pai Narendra,PA,Anesthesiology,I,27412.94,38323.28,596,557,https://npiregistry.cms.hhs.gov/provider-view/1629062773
1356384572,Cole Adolphus,CA,Emergency Medicine,I,27403.88,33937.49,256,199,https://npiregistry.cms.hhs.gov/provider-view/1356384572
1366439911,Pierre Emmanuella,NY,Certified Registered Nurse Anesthetist (CRNA),I,27381.2,34748.29,245,221,https://npiregistry.cms.hhs.gov/provider-view/1366439911
1770686594,Maryland Cvs Pharmacy Llc,MD,Mass Immunizer Roster Biller,O,27380.5,27380.5,406,142,https://npiregistry.cms.hhs.gov/provider-view/1770686594
1609284249,Neal Jeremy,MA,Physician Assistant,I,27317.22,39014.15,553,209,https://npiregistry.cms.hhs.gov/provider-view/1609284249
1174645568,Walsh Robert,IL,Physician Assistant,I,27305.76,35392.13,382,134,https://npiregistry.cms.hhs.gov/provider-view/1174645568
1912932633,Khoory Maged,PA,Hematology,I,27259.33,36389.32,348,258,https://npiregistry.cms.hhs.gov/provider-view/1912932633
1932359965,Fodera Donna,NY,Licensed Clinical Social Worker,I,27211.77,34763.26,295,11,https://npiregistry.cms.hhs.gov/provider-view/1932359965
1861491821,Sealey William,TX,Certified Registered Nurse Anesthetist (CRNA),I,27205.26,35153.63,270,268,https://npiregistry.cms.hhs.gov/provider-view/1861491821
1356328801,Shea Donald,ME,Cardiology,I,27195.3,36160.06,1016,511,https://npiregistry.cms.hhs.gov/provider-view/1356328801
1023073350,Scott Warren,FL,Psychiatry,I,27174.19,38289.22,484,165,https://npiregistry.cms.hhs.gov/provider-view/1023073350
1639122005,Coby Michael,MA,Podiatry,I,27152.32,42256.34,466,208,https://npiregistry.cms.hhs.gov/provider-view/1639122005
1881650166,Fletcher Christopher,MA,Pathology,I,27133.36,34484.0,869,128,https://npiregistry.cms.hhs.gov/provider-view/1881650166
1265461859,Dobrzynski David,NY,Internal Medicine,I,27120.49,33994.81,392,112,https://npiregistry.cms.hhs.gov/provider-view/1265461859
1053371963,Brown Kathryn,TX,Internal Medicine,I,27106.73,35292.49,263,246,https://npiregistry.cms.hhs.gov/provider-view/1053371963
1336193630,Black Alan,ME,Anesthesiology,I,27090.71,33952.49,312,269,https://npiregistry.cms.hhs.gov/provider-view/1336193630
1538141130,Melnyk George,WI,Psychiatry,I,27050.22,34302.6,376,112,https://npiregistry.cms.hhs.gov/provider-view/1538141130
1871693218,"Woodward Detroit Cvs, L.L.C.",MI,Mass Immunizer Roster Biller,O,27042.05,27042.05,1059,169,https://npiregistry.cms.hhs.gov/provider-view/1871693218
1013960525,Fleisher Isadore,AL,Anesthesiology,I,26986.73,34731.29,520,382,https://npiregistry.cms.hhs.gov/provider-view/1013960525
1437384336,Dotson Benjamin,TN,Certified Registered Nurse Anesthetist (CRNA),I,26953.86,34040.7,152,149,https://npiregistry.cms.hhs.gov/provider-view/1437384336
1215996814,Delaney Morgan,DC,Pulmonary Disease,I,26951.65,39272.14,474,171,https://npiregistry.cms.hhs.gov/provider-view/1215996814
1467417212,Atha Walter,MD,Emergency Medicine,I,26936.89,34867.21,246,230,https://npiregistry.cms.hhs.gov/provider-view/1467417212
1285674234,Haney Michael,TX,Anesthesiology,I,26926.61,34531.82,184,123,https://npiregistry.cms.hhs.gov/provider-view/1285674234
1073693594,Purcell Roland,NY,General Surgery,I,26873.77,34471.65,188,84,https://npiregistry.cms.hhs.gov/provider-view/1073693594
1851477210,Bolin Joseph,TX,Family Practice,I,26825.94,41158.97,3918,179,https://npiregistry.cms.hhs.gov/provider-view/1851477210
1386048486,Cvs Albany Llc,NY,Mass Immunizer Roster Biller,O,26809.6,26809.6,1977,253,https://npiregistry.cms.hhs.gov/provider-view/1386048486
1912475229,Lvrx Llc,PA,Mass Immunizer Roster Biller,O,26801.07,26801.07,438,133,https://npiregistry.cms.hhs.gov/provider-view/1912475229
1144241662,Doyle Margaret,VA,Certified Clinical Nurse Specialist,I,26785.4,36306.17,300,31,https://npiregistry.cms.hhs.gov/provider-view/1144241662
1366811291,Iowa Cvs Pharmacy Llc,IA,Mass Immunizer Roster Biller,O,26754.94,26754.94,553,136,https://npiregistry.cms.hhs.gov/provider-view/1366811291
1609850403,Manship Mark,IN,Emergency Medicine,I,26730.6,34050.22,290,215,https://npiregistry.cms.hhs.gov/provider-view/1609850403
1255406344,Spitzer Steven,FL,Emergency Medicine,I,26719.86,33679.9,274,200,https://npiregistry.cms.hhs.gov/provider-view/1255406344
1346284023,Losada Richard,NY,Diagnostic Radiology,I,26688.99,35051.38,2800,1463,https://npiregistry.cms.hhs.gov/provider-view/1346284023
1639321276,Oleary-Toro Kristen,NY,Speech Language Pathologist,I,26679.57,34274.32,401,11,https://npiregistry.cms.hhs.gov/provider-view/1639321276
1205913423,Iqbal Mohammad,NJ,Psychiatry,I,26634.4,34305.95,374,14,https://npiregistry.cms.hhs.gov/provider-view/1205913423
1881663698,Olansky Leann,OH,Endocrinology,I,26634.01,37053.46,346,224,https://npiregistry.cms.hhs.gov/provider-view/1881663698
1346261633,Winn Dixie Stores Inc,FL,Centralized Flu,O,26595.86,26595.86,1957,246,https://npiregistry.cms.hhs.gov/provider-view/1346261633
1245257120,Lamsen Edward,MI,Psychiatry,I,26578.64,34317.16,381,89,https://npiregistry.cms.hhs.gov/provider-view/1245257120
1306852017,Quiason Nora,MO,Psychiatry,I,26570.72,34530.54,303,38,https://npiregistry.cms.hhs.gov/provider-view/1306852017
1851741565,Steffes Susanne,WA,Nurse Practitioner,I,26560.19,34611.78,371,211,https://npiregistry.cms.hhs.gov/provider-view/1851741565
1356826200,"Missouri Cvs Pharmacy, L.L.C.",MO,Mass Immunizer Roster Biller,O,26477.73,26477.73,816,156,https://npiregistry.cms.hhs.gov/provider-view/1356826200
1912015652,Yadegar Saeed,CA,Diagnostic Radiology,I,26470.38,38338.97,560,325,https://npiregistry.cms.hhs.gov/provider-view/1912015652
1861099582,Kroculick Kara,IL,Licensed Clinical Social Worker,I,26463.46,36454.05,357,46,https://npiregistry.cms.hhs.gov/provider-view/1861099582
1912939968,Stello Brian,PA,Family Practice,I,26462.26,35463.55,424,201,https://npiregistry.cms.hhs.gov/provider-view/1912939968
1598742769,Margeta Valerie,CA,Internal Medicine,I,26436.16,36933.35,233,116,https://npiregistry.cms.hhs.gov/provider-view/1598742769
1124072434,Bowen James,WA,Neurology,I,26414.07,38721.25,285,171,https://npiregistry.cms.hhs.gov/provider-view/1124072434
1114596699,Knox Pharmacy Inc,VA,Pharmacy,O,26401.01,26401.01,387,160,https://npiregistry.cms.hhs.gov/provider-view/1114596699
1790749208,Polak Clara,CA,Family Practice,I,26388.74,37031.75,422,110,https://npiregistry.cms.hhs.gov/provider-view/1790749208
1295788792,Ayodeji Akinola,GA,Endocrinology,I,26373.41,36653.57,646,137,https://npiregistry.cms.hhs.gov/provider-view/1295788792
1295778033,Longs Drug Stores California Llc,CA,Mass Immunizer Roster Biller,O,26363.16,26363.16,444,128,https://npiregistry.cms.hhs.gov/provider-view/1295778033
1568452381,Cohen Joel,FL,Orthopedic Surgery,I,26360.06,37052.2,749,69,https://npiregistry.cms.hhs.gov/provider-view/1568452381
1346745882,Hart Zachary,GA,Internal Medicine,I,26328.75,33190.41,403,152,https://npiregistry.cms.hhs.gov/provider-view/1346745882
1427535590,"Publix Super Markets, Inc.",FL,Centralized Flu,O,26326.44,26326.44,510,176,https://npiregistry.cms.hhs.gov/provider-view/1427535590
1578294708,Bahr Lacey,FL,Nurse Practitioner,I,26291.11,34291.17,529,158,https://npiregistry.cms.hhs.gov/provider-view/1578294708
1003878323,Martin Barbara,MN,"Psychologist, Clinical",I,26239.7,34906.0,346,15,https://npiregistry.cms.hhs.gov/provider-view/1003878323
1639140882,Kavic Thomas,MN,Diagnostic Radiology,I,26205.0,36803.48,670,478,https://npiregistry.cms.hhs.gov/provider-view/1639140882
1871666834,St. Thomas Robert,CA,Anesthesiology,I,26198.77,33321.55,197,177,https://npiregistry.cms.hhs.gov/provider-view/1871666834
1093363483,Garfield Beach Cvs Llc,CA,Mass Immunizer Roster Biller,O,26178.92,26178.92,810,209,https://npiregistry.cms.hhs.gov/provider-view/1093363483
1245285444,Stearns John,GA,Emergency Medicine,I,26166.19,31662.74,213,189,https://npiregistry.cms.hhs.gov/provider-view/1245285444
1447242227,Jank Mark,FL,Ophthalmology,I,26159.76,51344.85,445,280,https://npiregistry.cms.hhs.gov/provider-view/1447242227
1003817594,Scrogin Andrew,MI,Internal Medicine,I,26137.65,38206.71,291,101,https://npiregistry.cms.hhs.gov/provider-view/1003817594
1922049840,Garfield Beach Cvs Llc,CA,Mass Immunizer Roster Biller,O,26130.51,26130.51,992,153,https://npiregistry.cms.hhs.gov/provider-view/1922049840
1760054035,Horstman Preston,WA,"Psychologist, Clinical",I,26085.01,33777.44,241,16,https://npiregistry.cms.hhs.gov/provider-view/1760054035
1356377295,Bowden Harvey,TN,Emergency Medicine,I,26069.16,33519.85,260,215,https://npiregistry.cms.hhs.gov/provider-view/1356377295
1093885485,Smith Mark,NY,Emergency Medicine,I,26059.35,34921.53,436,270,https://npiregistry.cms.hhs.gov/provider-view/1093885485
1336254382,Md Group Ii Llc,WI,Mass Immunizer Roster Biller,O,26017.85,26017.85,484,135,https://npiregistry.cms.hhs.gov/provider-view/1336254382
1932276318,Kehr Andrew,NY,Occupational Therapist in Private Practice,I,26015.19,33688.64,1160,22,https://npiregistry.cms.hhs.gov/provider-view/1932276318
1912093345,Noorani Shafiq,CO,Physician Assistant,I,25983.9,36489.08,537,277,https://npiregistry.cms.hhs.gov/provider-view/1912093345
1265497234,Ryckman Joseph,OH,Anesthesiology,I,25962.06,32793.26,464,407,https://npiregistry.cms.hhs.gov/provider-view/1265497234
1912988122,Rand Elden,SD,Cardiology,I,25948.4,35170.73,571,338,https://npiregistry.cms.hhs.gov/provider-view/1912988122
1013938497,Winn Dixie Stores Inc,FL,Centralized Flu,O,25935.93,25935.93,1548,222,https://npiregistry.cms.hhs.gov/provider-view/1013938497
1699798868,Hagelis John,CA,"Psychologist, Clinical",I,25933.85,33470.75,340,14,https://npiregistry.cms.hhs.gov/provider-view/1699798868
1265505192,Shrager Daniel,PA,Psychiatry,I,25931.71,33642.86,544,26,https://npiregistry.cms.hhs.gov/provider-view/1265505192
1144222712,Guggenheim Steven,NY,"Psychologist, Clinical",I,25919.65,32885.86,334,12,https://npiregistry.cms.hhs.gov/provider-view/1144222712
1740201128,Winn Dixie Stores Inc,FL,Centralized Flu,O,25914.59,25914.59,1697,227,https://npiregistry.cms.hhs.gov/provider-view/1740201128
1164486734,Belser Paul,PA,Pathology,I,25889.07,33061.43,945,364,https://npiregistry.cms.hhs.gov/provider-view/1164486734
1689913873,Illum Benjamin,CA,Critical Care (Intensivists),I,25880.69,32570.86,163,126,https://npiregistry.cms.hhs.gov/provider-view/1689913873
1215030754,Hook-Superx Llc,IN,Mass Immunizer Roster Biller,O,25864.06,25864.06,468,147,https://npiregistry.cms.hhs.gov/provider-view/1215030754
1528530557,Cvs Albany Llc,NY,Mass Immunizer Roster Biller,O,25863.68,25863.68,373,140,https://npiregistry.cms.hhs.gov/provider-view/1528530557
1033119920,Thung Swan,NY,Pathology,I,25863.24,32832.67,609,163,https://npiregistry.cms.hhs.gov/provider-view/1033119920
1730172115,Detter Timothy,TX,Family Practice,I,25859.97,33707.52,440,98,https://npiregistry.cms.hhs.gov/provider-view/1730172115
1740266857,Harris Richard,AL,Orthopedic Surgery,I,25833.05,37552.41,526,103,https://npiregistry.cms.hhs.gov/provider-view/1740266857
1225090657,Wassmer Peter,FL,Cardiology,I,25824.74,40810.3,480,206,https://npiregistry.cms.hhs.gov/provider-view/1225090657
1083718894,Cvs Pharmacy Inc,TX,Mass Immunizer Roster Biller,O,25778.81,25778.81,630,161,https://npiregistry.cms.hhs.gov/provider-view/1083718894
1053789388,Highland Park Cvs Llc,IL,Mass Immunizer Roster Biller,O,25775.29,25775.29,692,158,https://npiregistry.cms.hhs.gov/provider-view/1053789388
1447744040,Julius Alan,IA,Hospitalist,I,25763.34,33618.5,361,149,https://npiregistry.cms.hhs.gov/provider-view/1447744040
1174578025,Baruch Amy,ID,Emergency Medicine,I,25758.31,36538.37,273,236,https://npiregistry.cms.hhs.gov/provider-view/1174578025
1083643662,Schmidt Kevin,CA,Emergency Medicine,I,25734.15,32038.94,319,174,https://npiregistry.cms.hhs.gov/provider-view/1083643662
1790847945,Smith James,CA,Psychiatry,I,25646.22,32866.62,371,36,https://npiregistry.cms.hhs.gov/provider-view/1790847945
1124133038,Levine Robert,MA,Cardiology,I,25641.34,34807.21,553,380,https://npiregistry.cms.hhs.gov/provider-view/1124133038
1316015571,Pruett Florence,LA,Licensed Clinical Social Worker,I,25615.7,34913.6,335,40,https://npiregistry.cms.hhs.gov/provider-view/1316015571
1255348132,Sutterley Edward,NJ,Chiropractic,I,25608.92,34776.04,840,36,https://npiregistry.cms.hhs.gov/provider-view/1255348132
1295927911,Jain Vipul,CA,Pulmonary Disease,I,25599.9,33624.84,222,95,https://npiregistry.cms.hhs.gov/provider-view/1295927911
1932208246,"Missouri Cvs Pharmacy, L.L.C.",MO,Mass Immunizer Roster Biller,O,25597.52,25597.52,719,174,https://npiregistry.cms.hhs.gov/provider-view/1932208246
1023055316,Greenspan Adam,CA,Diagnostic Radiology,I,25588.61,33707.6,3660,2347,https://npiregistry.cms.hhs.gov/provider-view/1023055316
1013993054,Dunkin David,OH,Family Practice,I,25585.52,40833.27,469,258,https://npiregistry.cms.hhs.gov/provider-view/1013993054
1346344322,Holiday Cvs Llc,FL,Mass Immunizer Roster Biller,O,25575.71,25575.71,831,160,https://npiregistry.cms.hhs.gov/provider-view/1346344322
1811904790,Ashworth Cristina,IN,Nurse Practitioner,I,25557.02,32848.3,393,161,https://npiregistry.cms.hhs.gov/provider-view/1811904790
1538749114,Nassiri Roya,VA,Nurse Practitioner,I,25547.22,37050.65,398,390,https://npiregistry.cms.hhs.gov/provider-view/1538749114
1063431625,Gingold Herbert,NY,"Psychologist, Clinical",I,25500.51,33581.09,295,18,https://npiregistry.cms.hhs.gov/provider-view/1063431625
1265856090,"Samson Merger Sub, Llc",GA,Mass Immunizer Roster Biller,O,25485.85,25485.85,1965,190,https://npiregistry.cms.hhs.gov/provider-view/1265856090
1477569911,Blakney Dee,TN,Nurse Practitioner,I,25428.87,36062.32,754,100,https://npiregistry.cms.hhs.gov/provider-view/1477569911
1407887268,Matthews Graham,GA,Family Practice,I,25397.55,33637.37,282,171,https://npiregistry.cms.hhs.gov/provider-view/1407887268
1912972209,Sappington Penny,PA,Critical Care (Intensivists),I,25392.92,31694.2,213,70,https://npiregistry.cms.hhs.gov/provider-view/1912972209
1982026662,"Samson Merger Sub, Llc",FL,Mass Immunizer Roster Biller,O,25381.88,25381.88,885,198,https://npiregistry.cms.hhs.gov/provider-view/1982026662
1568451409,Anderson Mark,TN,Infectious Disease,I,25371.55,33191.73,321,114,https://npiregistry.cms.hhs.gov/provider-view/1568451409
1073649703,Polomis David,WI,Pulmonary Disease,I,25330.86,31647.27,215,57,https://npiregistry.cms.hhs.gov/provider-view/1073649703
1740223338,Correa Stevan,CA,Emergency Medicine,I,25316.18,32272.7,241,187,https://npiregistry.cms.hhs.gov/provider-view/1740223338
1184737033,Brown Norbert,MO,Anesthesiology,I,25304.82,33473.86,374,114,https://npiregistry.cms.hhs.gov/provider-view/1184737033
1548242985,Macdonell Alexander,GA,Cardiology,I,25298.53,43025.96,457,235,https://npiregistry.cms.hhs.gov/provider-view/1548242985
1215038567,Hanna James,TX,Dermatology,I,25279.25,42399.12,975,287,https://npiregistry.cms.hhs.gov/provider-view/1215038567
1700800075,Mcgann Robert,FL,General Practice,I,25272.33,33986.1,352,142,https://npiregistry.cms.hhs.gov/provider-view/1700800075
1326026709,Frame William,IL,Anesthesiology,I,25271.92,32058.81,337,188,https://npiregistry.cms.hhs.gov/provider-view/1326026709
1215602339,Cvs Pharmacy Inc,MA,Mass Immunizer Roster Biller,O,25260.92,25260.92,399,131,https://npiregistry.cms.hhs.gov/provider-view/1215602339
1386299139,Garfield Beach Cvs Llc,CA,Mass Immunizer Roster Biller,O,25244.69,25244.69,487,135,https://npiregistry.cms.hhs.gov/provider-view/1386299139
1336146166,Redners Markets Inc,PA,Mass Immunizer Roster Biller,O,25204.4,25204.4,393,152,https://npiregistry.cms.hhs.gov/provider-view/1336146166
1578587069,Lacy Joe,TX,Diagnostic Radiology,I,25187.53,32310.97,1038,810,https://npiregistry.cms.hhs.gov/provider-view/1578587069
1730715871,Madelia Health,MN,Pharmacy,O,25187.16,25187.16,352,98,https://npiregistry.cms.hhs.gov/provider-view/1730715871
1508089012,Talles Ellen,MD,Licensed Clinical Social Worker,I,25180.85,31768.92,280,13,https://npiregistry.cms.hhs.gov/provider-view/1508089012
1366561540,Strong Nancy,VT,Nurse Practitioner,I,25140.82,38880.14,481,364,https://npiregistry.cms.hhs.gov/provider-view/1366561540
1578716403,Pine Amy,NY,Physician Assistant,I,25135.58,36174.97,621,208,https://npiregistry.cms.hhs.gov/provider-view/1578716403
1619971033,Kemp John,IN,Physical Therapist in Private Practice,I,25095.85,32806.07,1330,153,https://npiregistry.cms.hhs.gov/provider-view/1619971033
1003894403,Jones Stanley,MO,Family Practice,I,25081.64,28412.03,1645,470,https://npiregistry.cms.hhs.gov/provider-view/1003894403
1124125620,Cvs Pharmacy Inc,TX,Mass Immunizer Roster Biller,O,25071.56,25071.56,541,176,https://npiregistry.cms.hhs.gov/provider-view/1124125620
1083635395,Winn Dixie Stores Inc,FL,Centralized Flu,O,25063.38,25063.38,1164,187,https://npiregistry.cms.hhs.gov/provider-view/1083635395
1881651099,Wolckenhaar Marten,MA,Anesthesiology,I,25058.96,31924.15,253,224,https://npiregistry.cms.hhs.gov/provider-view/1881651099
1720181589,Georgia Cvs Pharmacy Llc,GA,Mass Immunizer Roster Biller,O,25058.27,25058.27,381,118,https://npiregistry.cms.hhs.gov/provider-view/1720181589
1275567695,Brant Lyn,OK,Nurse Practitioner,I,25032.69,37537.17,1049,103,https://npiregistry.cms.hhs.gov/provider-view/1275567695
1578667549,"District Of Columbia Cvs Pharmacy, L.L.C.",DC,Mass Immunizer Roster Biller,O,25029.2,25029.2,388,125,https://npiregistry.cms.hhs.gov/provider-view/1578667549
1457347924,Gendzielewski Marya,NY,Endocrinology,I,24988.77,38535.57,392,223,https://npiregistry.cms.hhs.gov/provider-view/1457347924
1538125133,Rogoski John,OH,Anesthesiology,I,24984.07,32064.58,257,120,https://npiregistry.cms.hhs.gov/provider-view/1538125133
1942509898,Sponholz Ellen,NY,Nurse Practitioner,I,24979.54,32202.24,349,174,https://npiregistry.cms.hhs.gov/provider-view/1942509898
1689755795,Shepperd Joel,IL,General Practice,I,24931.98,35419.43,704,113,https://npiregistry.cms.hhs.gov/provider-view/1689755795
1316048036,Palant Carlos,DC,Nephrology,I,24914.62,38182.14,323,145,https://npiregistry.cms.hhs.gov/provider-view/1316048036
1598043796,Malkawi Ahmed,NM,Internal Medicine,I,24888.89,31961.3,345,191,https://npiregistry.cms.hhs.gov/provider-view/1598043796
1568455871,Mancusi-Ungaro Peter,NC,Hematology-Oncology,I,24882.97,34650.62,336,178,https://npiregistry.cms.hhs.gov/provider-view/1568455871
1376583872,Publix Super Markets Inc,GA,Centralized Flu,O,24818.96,24818.96,384,143,https://npiregistry.cms.hhs.gov/provider-view/1376583872
1316022338,Comensky Mark,MO,"Psychologist, Clinical",I,24816.62,31684.22,333,12,https://npiregistry.cms.hhs.gov/provider-view/1316022338
1033298880,Schalliol James,IN,Psychiatry,I,24802.11,31741.09,414,37,https://npiregistry.cms.hhs.gov/provider-view/1033298880
1053414490,Hook-Superx Llc,IN,Mass Immunizer Roster Biller,O,24799.15,24799.15,725,155,https://npiregistry.cms.hhs.gov/provider-view/1053414490
1710279153,Wirtz Adam,WI,Physical Therapist in Private Practice,I,24725.56,32401.89,1204,41,https://npiregistry.cms.hhs.gov/provider-view/1710279153
1396923264,Rand David,AZ,Family Practice,I,24709.04,34093.56,357,146,https://npiregistry.cms.hhs.gov/provider-view/1396923264
1063684686,"Winn-Dixie Stores, Inc.",FL,Centralized Flu,O,24709.03,24709.03,823,182,https://npiregistry.cms.hhs.gov/provider-view/1063684686
1801955836,Vris Thomas,CT,Otolaryngology,I,24700.5,38558.74,375,164,https://npiregistry.cms.hhs.gov/provider-view/1801955836
1215036660,Cvs Pharmacy Inc,MA,Mass Immunizer Roster Biller,O,24698.53,24698.53,495,134,https://npiregistry.cms.hhs.gov/provider-view/1215036660
1659433969,Bogdonoff David,VA,Anesthesiology,I,24673.17,31049.4,92,71,https://npiregistry.cms.hhs.gov/provider-view/1659433969
1053663757,Mohan Satish,OR,Nurse Practitioner,I,24655.53,36262.18,640,461,https://npiregistry.cms.hhs.gov/provider-view/1053663757
1396849212,"Maryland Cvs Pharmacy, L.L.C.",MD,Mass Immunizer Roster Biller,O,24647.09,24647.09,371,137,https://npiregistry.cms.hhs.gov/provider-view/1396849212
1841305109,Nixon John,VA,Cardiology,I,24603.18,33815.21,298,95,https://npiregistry.cms.hhs.gov/provider-view/1841305109
1083974570,Nolting Jeffrey,MO,"Psychologist, Clinical",I,24602.98,32047.92,353,37,https://npiregistry.cms.hhs.gov/provider-view/1083974570
1487607735,Zienkiewicz Joseph,PA,Family Practice,I,24597.13,43917.39,466,273,https://npiregistry.cms.hhs.gov/provider-view/1487607735
1255435038,Cvs Pharmacy Inc,TX,Mass Immunizer Roster Biller,O,24588.53,24588.53,438,125,https://npiregistry.cms.hhs.gov/provider-view/1255435038
1518946235,Shanni James,GA,Emergency Medicine,I,24570.09,31453.68,246,189,https://npiregistry.cms.hhs.gov/provider-view/1518946235
1245535368,Danner Harmony,WA,Physical Therapist in Private Practice,I,24504.92,32678.01,1005,41,https://npiregistry.cms.hhs.gov/provider-view/1245535368
1578985255,"Samson Merger Sub, Llc",FL,Mass Immunizer Roster Biller,O,24477.66,24477.66,920,175,https://npiregistry.cms.hhs.gov/provider-view/1578985255
1629055967,Longley Richard,IN,Endocrinology,I,24386.07,31783.34,670,67,https://npiregistry.cms.hhs.gov/provider-view/1629055967
1568480861,Mienk Douglas,MI,Internal Medicine,I,24363.88,35298.41,390,118,https://npiregistry.cms.hhs.gov/provider-view/1568480861
1962594044,"Usprx, Inc",NE,Mass Immunizer Roster Biller,O,24362.62,24362.62,369,137,https://npiregistry.cms.hhs.gov/provider-view/1962594044
1720009004,Winn Dixie Stores Inc,AL,Centralized Flu,O,24328.83,24328.83,1564,210,https://npiregistry.cms.hhs.gov/provider-view/1720009004
1770695603,"Woodward Detroit Cvs, L.L.C.",MI,Mass Immunizer Roster Biller,O,24321.14,24321.14,545,137,https://npiregistry.cms.hhs.gov/provider-view/1770695603
1871514240,Winn Dixie Stores Inc,FL,Centralized Flu,O,24318.0,24318.0,1631,211,https://npiregistry.cms.hhs.gov/provider-view/1871514240
1558369843,Bernstein David,OH,Allergy/ Immunology,I,24315.99,33593.71,836,157,https://npiregistry.cms.hhs.gov/provider-view/1558369843
1346264280,Williams Geoffrey,TX,Geriatric Medicine,I,24310.69,33651.62,384,40,https://npiregistry.cms.hhs.gov/provider-view/1346264280
1346324605,Schreiber Melvyn,TX,Diagnostic Radiology,I,24308.71,33698.82,3501,2073,https://npiregistry.cms.hhs.gov/provider-view/1346324605
1942304852,Holiday Cvs Llc,FL,Mass Immunizer Roster Biller,O,24306.43,24306.43,1361,206,https://npiregistry.cms.hhs.gov/provider-view/1942304852
1366528929,Garfield Beach Cvs Llc,CA,Mass Immunizer Roster Biller,O,24292.24,24292.24,2166,257,https://npiregistry.cms.hhs.gov/provider-view/1366528929
1124127576,Cvs Pharmacy Inc,MA,Mass Immunizer Roster Biller,O,24259.23,24259.23,1056,225,https://npiregistry.cms.hhs.gov/provider-view/1124127576
1437112554,Solanet Pedro,PA,Family Practice,I,24236.86,37565.48,563,129,https://npiregistry.cms.hhs.gov/provider-view/1437112554
1255334314,Culasso Miguel,LA,Family Practice,I,24215.81,30477.41,408,150,https://npiregistry.cms.hhs.gov/provider-view/1255334314
1871517680,Freeman Jane,CT,Licensed Clinical Social Worker,I,24192.15,32058.07,300,15,https://npiregistry.cms.hhs.gov/provider-view/1871517680
1700998598,Craig Douglas,CA,"Psychologist, Clinical",I,24136.41,32797.44,224,31,https://npiregistry.cms.hhs.gov/provider-view/1700998598
1255594933,Dandurand Inc.,KS,Mass Immunizer Roster Biller,O,24096.92,24096.92,371,154,https://npiregistry.cms.hhs.gov/provider-view/1255594933
1629261722,Tin Hui Hing,NY,Gastroenterology,I,24087.96,30974.53,166,85,https://npiregistry.cms.hhs.gov/provider-view/1629261722
1790886778,Parrado Carlos,GA,Internal Medicine,I,24068.34,30862.94,458,52,https://npiregistry.cms.hhs.gov/provider-view/1790886778
1750956819,"Cvs Albany, Llc",NY,Mass Immunizer Roster Biller,O,24063.33,24063.33,617,185,https://npiregistry.cms.hhs.gov/provider-view/1750956819
1366570145,Davis Martin,OK,General Practice,I,24062.75,38159.74,9303,124,https://npiregistry.cms.hhs.gov/provider-view/1366570145
1508816364,Couri Edward,CA,Diagnostic Radiology,I,24062.34,32980.9,2206,1480,https://npiregistry.cms.hhs.gov/provider-view/1508816364
1346211463,Gibson Andrew,FL,Physician Assistant,I,24061.9,30435.78,243,187,https://npiregistry.cms.hhs.gov/provider-view/1346211463
1376568725,Sindecuse Mark,MO,Internal Medicine,I,24045.69,46068.43,1227,320,https://npiregistry.cms.hhs.gov/provider-view/1376568725
1447256698,Rowland Robert,CO,General Surgery,I,24042.65,30516.54,119,77,https://npiregistry.cms.hhs.gov/provider-view/1447256698
1164522066,Taylor Strphen,CA,Chiropractic,I,24034.25,31950.67,718,51,https://npiregistry.cms.hhs.gov/provider-view/1164522066
1689774028,Grand St Paul Cvs Llc,MN,Mass Immunizer Roster Biller,O,24029.86,24029.86,743,142,https://npiregistry.cms.hhs.gov/provider-view/1689774028
1902849177,Longs Drug Stores California Llc,CA,Mass Immunizer Roster Biller,O,24029.8,24029.8,859,140,https://npiregistry.cms.hhs.gov/provider-view/1902849177
1407894801,Cawthon William,SC,Certified Registered Nurse Anesthetist (CRNA),I,24029.51,30654.9,174,157,https://npiregistry.cms.hhs.gov/provider-view/1407894801
1033245055,Briscoe Charles,KY,Psychiatry,I,24029.44,32398.6,313,69,https://npiregistry.cms.hhs.gov/provider-view/1033245055
1669551420,Dietz Don,CA,"Psychologist, Clinical",I,23996.07,32675.71,410,32,https://npiregistry.cms.hhs.gov/provider-view/1669551420
1861821472,Schlegel Rodney,MD,Physical Therapist in Private Practice,I,23987.44,30706.18,255,68,https://npiregistry.cms.hhs.gov/provider-view/1861821472
1063465060,Meeks Ii Edwin,MS,Otolaryngology,I,23984.26,34046.21,811,159,https://npiregistry.cms.hhs.gov/provider-view/1063465060
1730117078,Segarra Robert,FL,Physician Assistant,I,23957.54,32079.52,412,160,https://npiregistry.cms.hhs.gov/provider-view/1730117078
1801327770,Altonji Kathryn,IL,Physical Medicine and Rehabilitation,I,23954.79,30326.0,329,68,https://npiregistry.cms.hhs.gov/provider-view/1801327770
1598992943,Stover Angel,WV,Nurse Practitioner,I,23952.58,30689.83,521,11,https://npiregistry.cms.hhs.gov/provider-view/1598992943
1851494678,Maryland Cvs Pharmacy L L C,MD,Mass Immunizer Roster Biller,O,23927.48,23927.48,503,125,https://npiregistry.cms.hhs.gov/provider-view/1851494678
1194812636,Forrest Scott,MN,Physical Therapist in Private Practice,I,23918.94,32178.99,1202,37,https://npiregistry.cms.hhs.gov/provider-view/1194812636
1992961718,Nelson Andrew,WI,Emergency Medicine,I,23898.23,30034.31,267,210,https://npiregistry.cms.hhs.gov/provider-view/1992961718
1225086762,Matthews Andrew,MN,Emergency Medicine,I,23892.47,30208.14,241,209,https://npiregistry.cms.hhs.gov/provider-view/1225086762
1487691432,Goodnight Gary,TX,Otolaryngology,I,23884.54,39911.71,1454,215,https://npiregistry.cms.hhs.gov/provider-view/1487691432
1548230873,Zurowsky Philip,NC,Emergency Medicine,I,23874.94,30359.0,270,177,https://npiregistry.cms.hhs.gov/provider-view/1548230873
1740384718,Holiday Cvs Llc,FL,Mass Immunizer Roster Biller,O,23801.81,23801.81,899,154,https://npiregistry.cms.hhs.gov/provider-view/1740384718
1578098570,Raymer Chris,AR,Nurse Practitioner,I,23759.08,30159.91,317,146,https://npiregistry.cms.hhs.gov/provider-view/1578098570
1003887001,Murphy-Fiengo Mary,CT,Internal Medicine,I,23754.5,32979.34,535,139,https://npiregistry.cms.hhs.gov/provider-view/1003887001
1780359521,Storer Troy,IA,Certified Registered Nurse Anesthetist (CRNA),I,23745.56,29389.94,184,177,https://npiregistry.cms.hhs.gov/provider-view/1780359521
1629036769,Fisher Steven,PA,Family Practice,I,23743.7,35782.75,444,163,https://npiregistry.cms.hhs.gov/provider-view/1629036769
1710974316,Bricker Geoffrey,MO,Podiatry,I,23739.99,32634.73,411,139,https://npiregistry.cms.hhs.gov/provider-view/1710974316
1194885756,Sheriff Andrew,NH,Chiropractic,I,23731.63,32944.77,642,47,https://npiregistry.cms.hhs.gov/provider-view/1194885756
1831312214,Fatula Joe,NY,Licensed Clinical Social Worker,I,23729.33,30773.76,256,11,https://npiregistry.cms.hhs.gov/provider-view/1831312214
1255359139,Sheehan Smedberg Evelyn,NY,Physician Assistant,I,23711.41,30923.52,316,216,https://npiregistry.cms.hhs.gov/provider-view/1255359139
1740729805,Wachira Esther,CA,Nurse Practitioner,I,23689.11,29731.5,264,210,https://npiregistry.cms.hhs.gov/provider-view/1740729805
1952405771,Cvs Pharmacy Inc,TX,Mass Immunizer Roster Biller,O,23663.88,23663.88,583,114,https://npiregistry.cms.hhs.gov/provider-view/1952405771
1326038779,Cucu Dragos,RI,Critical Care (Intensivists),I,23640.65,30752.34,181,79,https://npiregistry.cms.hhs.gov/provider-view/1326038779
1447321302,Urban Theodore,PA,"Psychologist, Clinical",I,23632.41,30778.38,271,12,https://npiregistry.cms.hhs.gov/provider-view/1447321302
1588768436,"Maryland Cvs Pharmacy, L.L.C.",MD,Mass Immunizer Roster Biller,O,23626.74,23626.74,329,111,https://npiregistry.cms.hhs.gov/provider-view/1588768436
1144880089,Fortner Maria,OH,Anesthesiology Assistant,I,23622.34,29909.37,196,193,https://npiregistry.cms.hhs.gov/provider-view/1144880089
1699785493,Spiller Carol,ME,Licensed Clinical Social Worker,I,23593.22,31183.17,362,11,https://npiregistry.cms.hhs.gov/provider-view/1699785493
1366401630,Frick Mathis,WV,Diagnostic Radiology,I,23593.03,32022.52,1562,919,https://npiregistry.cms.hhs.gov/provider-view/1366401630
1174614796,Rush Micheal,MO,Emergency Medicine,I,23580.74,30226.95,233,202,https://npiregistry.cms.hhs.gov/provider-view/1174614796
1376116749,Holley Angela,SC,Nurse Practitioner,I,23570.44,30316.73,372,145,https://npiregistry.cms.hhs.gov/provider-view/1376116749
1992194575,Wilkerson Kristy,SC,Certified Registered Nurse Anesthetist (CRNA),I,23557.21,30330.26,405,397,https://npiregistry.cms.hhs.gov/provider-view/1992194575
1154320208,Dooner John,OH,Anesthesiology,I,23518.3,29711.73,226,214,https://npiregistry.cms.hhs.gov/provider-view/1154320208
1508882416,Ahmed Sayeed,WV,Cardiology,I,23510.78,34879.37,278,62,https://npiregistry.cms.hhs.gov/provider-view/1508882416
1467576843,Raufi Nooredin,RI,Anesthesiology,I,23493.09,29497.61,299,37,https://npiregistry.cms.hhs.gov/provider-view/1467576843
1437235447,"Highland Park Cvs, L.L.C.",IL,Mass Immunizer Roster Biller,O,23456.56,23456.56,526,124,https://npiregistry.cms.hhs.gov/provider-view/1437235447
1568875433,Jensen Logan,CA,Physician Assistant,I,23454.36,39662.56,411,258,https://npiregistry.cms.hhs.gov/provider-view/1568875433
1750400321,Sobie Timothy,WA,Physical Therapist in Private Practice,I,23428.87,32958.62,1240,31,https://npiregistry.cms.hhs.gov/provider-view/1750400321
1083800312,Larson Adam,UT,Anesthesiology,I,23395.82,29152.17,255,208,https://npiregistry.cms.hhs.gov/provider-view/1083800312
1487926366,Morrison Keith,HI,Certified Registered Nurse Anesthetist (CRNA),I,23362.47,29161.8,176,156,https://npiregistry.cms.hhs.gov/provider-view/1487926366
1487749164,Colgan Regina,NJ,Licensed Clinical Social Worker,I,23350.71,29534.24,302,19,https://npiregistry.cms.hhs.gov/provider-view/1487749164
1306943899,Holiday Cvs Llc,FL,Mass Immunizer Roster Biller,O,23323.51,23323.51,345,126,https://npiregistry.cms.hhs.gov/provider-view/1306943899
1033260146,Seefeld Teresa,ND,Physical Therapist in Private Practice,I,23302.31,30095.62,1164,62,https://npiregistry.cms.hhs.gov/provider-view/1033260146
1477689115,Price Mark,MA,Sports Medicine,I,23290.77,30513.07,91,59,https://npiregistry.cms.hhs.gov/provider-view/1477689115
1316969959,Winn Dixie Stores Inc,FL,Centralized Flu,O,23290.18,23290.18,1182,201,https://npiregistry.cms.hhs.gov/provider-view/1316969959
1568523132,Moseng Brent,AZ,Chiropractic,I,23287.06,34504.88,897,115,https://npiregistry.cms.hhs.gov/provider-view/1568523132
1790728863,Adiele Isaac,GA,Hospitalist,I,23280.5,30455.4,479,169,https://npiregistry.cms.hhs.gov/provider-view/1790728863
1912928391,Winn Dixie Stores Inc,FL,Centralized Flu,O,23278.01,23278.01,1150,171,https://npiregistry.cms.hhs.gov/provider-view/1912928391
1184640328,Nahar Rajesh,PA,Medical Oncology,I,23263.01,29729.94,207,181,https://npiregistry.cms.hhs.gov/provider-view/1184640328
1386613271,Kuerschen Kathryn,TN,Certified Registered Nurse Anesthetist (CRNA),I,23246.93,27901.19,257,256,https://npiregistry.cms.hhs.gov/provider-view/1386613271
1003811688,Groshek Robert,WI,Anesthesiology,I,23190.97,29165.42,280,251,https://npiregistry.cms.hhs.gov/provider-view/1003811688
1710019625,Hibberd Thomas,FL,"Psychologist, Clinical",I,23141.28,29107.37,202,12,https://npiregistry.cms.hhs.gov/provider-view/1710019625
1013952332,Dellorso John,NJ,Internal Medicine,I,23135.02,30229.17,398,57,https://npiregistry.cms.hhs.gov/provider-view/1013952332
1366732042,Nyland Chad,TX,Family Practice,I,23134.64,30447.81,351,72,https://npiregistry.cms.hhs.gov/provider-view/1366732042
1568479400,Clark Wayne,WA,Nurse Practitioner,I,23132.65,31253.0,442,95,https://npiregistry.cms.hhs.gov/provider-view/1568479400
1881797744,Lee Sang,CA,Internal Medicine,I,23131.03,37456.82,418,109,https://npiregistry.cms.hhs.gov/provider-view/1881797744
1053403881,Caldwell Delmar,LA,Ophthalmology,I,23122.65,33060.34,330,153,https://npiregistry.cms.hhs.gov/provider-view/1053403881
1194274480,Popoola Olapeju,NC,Physician Assistant,I,23122.55,31965.27,327,87,https://npiregistry.cms.hhs.gov/provider-view/1194274480
1346206844,Kleinberg Marc,IL,Obstetrics & Gynecology,I,23089.86,29636.04,312,114,https://npiregistry.cms.hhs.gov/provider-view/1346206844
1811917073,Tobis Jonathan,CA,Cardiology,I,23068.76,30990.99,188,111,https://npiregistry.cms.hhs.gov/provider-view/1811917073
1720128317,Lemieux Richard,WA,Chiropractic,I,23012.56,29968.8,793,11,https://npiregistry.cms.hhs.gov/provider-view/1720128317
1063433373,Ohio Cvs Stores L.L.C.,OH,Mass Immunizer Roster Biller,O,22998.54,22998.54,594,128,https://npiregistry.cms.hhs.gov/provider-view/1063433373
1013454446,Bryant Robin,MA,Licensed Clinical Social Worker,I,22985.81,29277.82,331,21,https://npiregistry.cms.hhs.gov/provider-view/1013454446
1316016942,Lipson Lewis,VA,Cardiology,I,22979.19,31366.36,284,181,https://npiregistry.cms.hhs.gov/provider-view/1316016942
1124122015,Holiday Cvs Llc,FL,Mass Immunizer Roster Biller,O,22978.16,22978.16,1028,170,https://npiregistry.cms.hhs.gov/provider-view/1124122015
1801877642,Boyd Larry,TX,General Practice,I,22971.64,29394.22,334,102,https://npiregistry.cms.hhs.gov/provider-view/1801877642
1528078870,Hoover Devon,MI,Neurosurgery,I,22949.33,30392.88,109,63,https://npiregistry.cms.hhs.gov/provider-view/1528078870
1972116499,Highland Park Cvs Llc,IL,Mass Immunizer Roster Biller,O,22935.94,22935.94,454,132,https://npiregistry.cms.hhs.gov/provider-view/1972116499
1427152230,Cvs Pharmacy Inc,TX,Mass Immunizer Roster Biller,O,22928.15,22928.15,1982,205,https://npiregistry.cms.hhs.gov/provider-view/1427152230
1528115888,Baker William,FL,"Psychologist, Clinical",I,22922.33,30611.44,246,14,https://npiregistry.cms.hhs.gov/provider-view/1528115888
1952408452,Cvs Pharmacy Inc,TX,Mass Immunizer Roster Biller,O,22858.83,22858.83,557,133,https://npiregistry.cms.hhs.gov/provider-view/1952408452
1164419537,Bryant Richard,TX,Family Practice,I,22848.05,29375.29,303,33,https://npiregistry.cms.hhs.gov/provider-view/1164419537
1043497993,Grand St Paul Cvs Llc,MN,Mass Immunizer Roster Biller,O,22820.78,22820.78,447,119,https://npiregistry.cms.hhs.gov/provider-view/1043497993
1639735038,Holiday Cvs Llc,FL,Mass Immunizer Roster Biller,O,22792.83,22792.83,482,118,https://npiregistry.cms.hhs.gov/provider-view/1639735038
1043430010,Jones Adisa,ND,Critical Care (Intensivists),I,22772.39,28935.43,182,58,https://npiregistry.cms.hhs.gov/provider-view/1043430010
1700829678,Mitchell Larry,IL,Emergency Medicine,I,22770.94,28882.42,201,164,https://npiregistry.cms.hhs.gov/provider-view/1700829678
1356581524,Huss Gina,MN,Internal Medicine,I,22769.43,28798.55,182,180,https://npiregistry.cms.hhs.gov/provider-view/1356581524
1215569512,Wikoff Nicole,MO,Nurse Practitioner,I,22768.55,28713.12,246,236,https://npiregistry.cms.hhs.gov/provider-view/1215569512
1053411777,Seitz Martin,KY,"Psychologist, Clinical",I,22750.64,29818.67,302,30,https://npiregistry.cms.hhs.gov/provider-view/1053411777
1215948278,Hicks Paul,TX,Psychiatry,I,22742.06,29812.0,343,73,https://npiregistry.cms.hhs.gov/provider-view/1215948278
1558505511,Smith Heath,TX,General Surgery,I,22739.88,29220.71,72,38,https://npiregistry.cms.hhs.gov/provider-view/1558505511
1154406411,Surratt Vicky,NC,Nurse Practitioner,I,22735.89,31597.65,567,20,https://npiregistry.cms.hhs.gov/provider-view/1154406411
1295838993,"Tennessee Cvs Pharmacy, L.L.C.",TN,Mass Immunizer Roster Biller,O,22726.18,22726.18,527,124,https://npiregistry.cms.hhs.gov/provider-view/1295838993
1447717244,Hamer Melissa,SC,Nurse Practitioner,I,22706.68,29261.49,647,128,https://npiregistry.cms.hhs.gov/provider-view/1447717244
1891433231,Piccin Kimberly,IL,Licensed Clinical Social Worker,I,22680.01,29628.28,284,31,https://npiregistry.cms.hhs.gov/provider-view/1891433231
1306487855,Eich Matthew,NY,Physician Assistant,I,22673.72,32303.22,304,243,https://npiregistry.cms.hhs.gov/provider-view/1306487855
1578977062,Feijoo Andrea,IL,Family Practice,I,22659.36,29550.12,336,70,https://npiregistry.cms.hhs.gov/provider-view/1578977062
1932719226,Cvs Pharmacy Inc.,MA,Mass Immunizer Roster Biller,O,22651.16,22651.16,402,108,https://npiregistry.cms.hhs.gov/provider-view/1932719226
1316041387,"District Of Columbia Cvs Pharmacy, L.L.C.",DC,Mass Immunizer Roster Biller,O,22639.3,22639.3,445,112,https://npiregistry.cms.hhs.gov/provider-view/1316041387
1144664418,Abrahams Eldhose,OK,Pain Management,I,22635.97,29340.04,262,118,https://npiregistry.cms.hhs.gov/provider-view/1144664418
1164702122,Torrance Pharmacy Inc,CA,Mass Immunizer Roster Biller,O,22631.64,22631.64,300,131,https://npiregistry.cms.hhs.gov/provider-view/1164702122
1427107366,Hamilton Michael,CA,Family Practice,I,22622.12,32898.63,346,76,https://npiregistry.cms.hhs.gov/provider-view/1427107366
1215973409,Gibbs Denis,MI,Diagnostic Radiology,I,22616.99,30905.5,1980,1526,https://npiregistry.cms.hhs.gov/provider-view/1215973409
1609993112,Douglas Lacy,FL,Physician Assistant,I,22589.08,28343.9,484,168,https://npiregistry.cms.hhs.gov/provider-view/1609993112
1548308927,Sebastianelli John,MA,Pediatric Medicine,I,22585.6,29256.93,506,64,https://npiregistry.cms.hhs.gov/provider-view/1548308927
1790359974,Garfield Beach Cvs Llc,CA,Mass Immunizer Roster Biller,O,22547.61,22547.61,1110,131,https://npiregistry.cms.hhs.gov/provider-view/1790359974
1013931013,Weiland Paul,NC,Family Practice,I,22543.54,37456.12,409,136,https://npiregistry.cms.hhs.gov/provider-view/1013931013
1770552424,Schwartz Ilonka,FL,Family Practice,I,22517.11,31430.65,467,61,https://npiregistry.cms.hhs.gov/provider-view/1770552424
1184862906,Spiegel Sanda,CA,Licensed Clinical Social Worker,I,22512.46,29170.41,267,14,https://npiregistry.cms.hhs.gov/provider-view/1184862906
1407938335,"Health Care Pharmacies, Inc",WI,Mass Immunizer Roster Biller,O,22488.53,22488.53,354,133,https://npiregistry.cms.hhs.gov/provider-view/1407938335
1962492272,Hemphill Linda,MA,Cardiology,I,22469.71,32049.6,220,146,https://npiregistry.cms.hhs.gov/provider-view/1962492272
1770809667,Waters David,NC,Nurse Practitioner,I,22448.77,29988.33,369,125,https://npiregistry.cms.hhs.gov/provider-view/1770809667
1023118460,"Warm Springs Road Cvs, L.L.C.",NV,Mass Immunizer Roster Biller,O,22437.87,22437.87,479,128,https://npiregistry.cms.hhs.gov/provider-view/1023118460
1427425081,Smith Lisa,IN,Nurse Practitioner,I,22426.03,30698.11,447,122,https://npiregistry.cms.hhs.gov/provider-view/1427425081
1316147119,Chiasson Kevin,LA,Emergency Medicine,I,22412.91,29554.06,366,122,https://npiregistry.cms.hhs.gov/provider-view/1316147119
1245334028,Cvs Pharmacy Inc,TX,Mass Immunizer Roster Biller,O,22376.08,22376.08,779,183,https://npiregistry.cms.hhs.gov/provider-view/1245334028
1588722888,Vishnoi Vikas,NY,Internal Medicine,I,22340.62,29440.0,429,181,https://npiregistry.cms.hhs.gov/provider-view/1588722888
1932517174,Reddy Madavi,TX,Nurse Practitioner,I,22311.33,28402.7,363,223,https://npiregistry.cms.hhs.gov/provider-view/1932517174
1972608701,"District Of Columbia Cvs Pharmacy, L.L.C.",DC,Mass Immunizer Roster Biller,O,22308.35,22308.35,338,116,https://npiregistry.cms.hhs.gov/provider-view/1972608701
1588761977,Health Care Pharmacies Inc.,WI,Mass Immunizer Roster Biller,O,22285.32,22285.32,407,119,https://npiregistry.cms.hhs.gov/provider-view/1588761977
1710938287,Abshier Stanley,CA,Anesthesiology,I,22236.51,28450.38,126,111,https://npiregistry.cms.hhs.gov/provider-view/1710938287
1043322985,"Woodward Detroit Cvs, L.L.C.",MI,Mass Immunizer Roster Biller,O,22198.28,22198.28,882,149,https://npiregistry.cms.hhs.gov/provider-view/1043322985
1053428540,Nwosu Oguchi,GA,Family Practice,I,22192.34,30416.03,288,129,https://npiregistry.cms.hhs.gov/provider-view/1053428540
1285674598,Amorado Jose,IL,Internal Medicine,I,22190.25,40266.07,403,226,https://npiregistry.cms.hhs.gov/provider-view/1285674598
1699724500,Conder Rosemary,UT,Nurse Practitioner,I,22177.23,31775.84,272,139,https://npiregistry.cms.hhs.gov/provider-view/1699724500
1053338509,Hayes James,FL,Emergency Medicine,I,22162.19,28476.32,241,174,https://npiregistry.cms.hhs.gov/provider-view/1053338509
1477076891,"Touchstone Imaging Of Oklahoma, Llc",OK,Independent Diagnostic Testing Facility (IDTF),O,22152.02,32681.58,315,288,https://npiregistry.cms.hhs.gov/provider-view/1477076891
1942309257,"Missouri Cvs Pharmacy, L.L.C.",MO,Mass Immunizer Roster Biller,O,22144.01,22144.01,378,117,https://npiregistry.cms.hhs.gov/provider-view/1942309257
1023139698,Walsemann Raymond,NY,Chiropractic,I,22136.54,32515.93,1273,118,https://npiregistry.cms.hhs.gov/provider-view/1023139698
1801901574,Wein Daryl,CA,Physician Assistant,I,22135.5,26077.44,311,80,https://npiregistry.cms.hhs.gov/provider-view/1801901574
1720184203,Lebourdais Audrey,MA,Certified Registered Nurse Anesthetist (CRNA),I,22135.08,28880.06,253,251,https://npiregistry.cms.hhs.gov/provider-view/1720184203
1992810576,Linas Stuart,CO,Nephrology,I,22112.88,29312.7,298,122,https://npiregistry.cms.hhs.gov/provider-view/1992810576
1053319731,Dixon El-Roy,GA,Ophthalmology,I,22101.23,33857.14,328,151,https://npiregistry.cms.hhs.gov/provider-view/1053319731
1376501122,Hometown Pharmacy Inc,MI,Mass Immunizer Roster Biller,O,22096.97,22096.97,301,119,https://npiregistry.cms.hhs.gov/provider-view/1376501122
1609365923,"Garfield Beach Cvs, L.L.C.",CA,Mass Immunizer Roster Biller,O,22092.09,22092.09,800,124,https://npiregistry.cms.hhs.gov/provider-view/1609365923
1508429978,West Roy,MS,Nurse Practitioner,I,22086.34,27773.42,304,55,https://npiregistry.cms.hhs.gov/provider-view/1508429978
1952466385,Alexandria Drugs Inc,KY,Mass Immunizer Roster Biller,O,22085.28,22085.28,489,131,https://npiregistry.cms.hhs.gov/provider-view/1952466385
1336243005,Ohio Cvs Stores Llc,OH,Mass Immunizer Roster Biller,O,22071.73,22071.73,359,126,https://npiregistry.cms.hhs.gov/provider-view/1336243005
1154479707,Olson Spencer,MD,Chiropractic,I,22046.03,30303.37,734,50,https://npiregistry.cms.hhs.gov/provider-view/1154479707
1427270560,Singh Zeba,AR,Pathology,I,21979.59,27924.89,745,105,https://npiregistry.cms.hhs.gov/provider-view/1427270560
1780795328,Marovich Joseph,IN,Emergency Medicine,I,21965.33,27918.76,240,212,https://npiregistry.cms.hhs.gov/provider-view/1780795328
1548209414,Publix Super Markets Inc,FL,Centralized Flu,O,21955.04,21955.04,970,210,https://npiregistry.cms.hhs.gov/provider-view/1548209414
1619061561,Clark Patricia,OH,Certified Registered Nurse Anesthetist (CRNA),I,21927.58,28539.86,309,286,https://npiregistry.cms.hhs.gov/provider-view/1619061561
1083717821,Georgia Cvs Pharmacy Llc,GA,Mass Immunizer Roster Biller,O,21895.46,21895.46,561,117,https://npiregistry.cms.hhs.gov/provider-view/1083717821
1639177884,Remmel Kerri,KY,Neurology,I,21878.59,27854.41,188,120,https://npiregistry.cms.hhs.gov/provider-view/1639177884
1619152113,Hernandez Luis,CA,General Practice,I,21849.85,32862.42,360,75,https://npiregistry.cms.hhs.gov/provider-view/1619152113
1164591418,Isaacs Kim,NC,Gastroenterology,I,21825.68,26532.3,155,125,https://npiregistry.cms.hhs.gov/provider-view/1164591418
1386662187,"Arras, Milton",SC,Pathology,I,21822.97,27479.68,859,412,https://npiregistry.cms.hhs.gov/provider-view/1386662187
1427073121,Wilson Michael,GA,Optometry,I,21802.67,32523.03,1375,229,https://npiregistry.cms.hhs.gov/provider-view/1427073121
1083781694,Hice Ramon,GA,Certified Registered Nurse Anesthetist (CRNA),I,21780.89,27171.65,243,185,https://npiregistry.cms.hhs.gov/provider-view/1083781694
1063522639,Hruby Stephanie,VT,Physical Therapist in Private Practice,I,21769.54,28664.72,1151,36,https://npiregistry.cms.hhs.gov/provider-view/1063522639
1528078839,Penfield John,NY,Emergency Medicine,I,21764.12,29122.58,282,264,https://npiregistry.cms.hhs.gov/provider-view/1528078839
1447568290,Winchell Michele,IN,Nurse Practitioner,I,21753.36,30677.47,279,181,https://npiregistry.cms.hhs.gov/provider-view/1447568290
1134246390,Noorizadeh Kiarash,CA,Hospitalist,I,21733.44,29211.91,272,91,https://npiregistry.cms.hhs.gov/provider-view/1134246390
1477797959,Hersh Joshua,FL,Psychiatry,I,21724.83,29186.17,278,40,https://npiregistry.cms.hhs.gov/provider-view/1477797959
1033464250,Solin Tammy,OH,Nurse Practitioner,I,21711.05,27750.19,280,70,https://npiregistry.cms.hhs.gov/provider-view/1033464250
1770097347,Zhang Cindy,NJ,Nurse Practitioner,I,21705.06,27724.68,265,123,https://npiregistry.cms.hhs.gov/provider-view/1770097347
1366411043,Stoller Jeffrey,MI,Certified Registered Nurse Anesthetist (CRNA),I,21699.55,27173.84,152,151,https://npiregistry.cms.hhs.gov/provider-view/1366411043
1295957975,Grady Patrick,OH,Hospitalist,I,21694.57,27296.77,323,137,https://npiregistry.cms.hhs.gov/provider-view/1295957975
1033168547,Barnes Mack,AL,Obstetrics & Gynecology,I,21661.18,30777.22,121,89,https://npiregistry.cms.hhs.gov/provider-view/1033168547
1649546821,Holdsworth Wendy,TN,Licensed Clinical Social Worker,I,21637.2,28971.95,292,13,https://npiregistry.cms.hhs.gov/provider-view/1649546821
1356830517,Weitze Keith,NM,Emergency Medicine,I,21631.19,29788.92,326,265,https://npiregistry.cms.hhs.gov/provider-view/1356830517
1083050884,Mecklenburg Emily,ME,Internal Medicine,I,21592.93,27863.21,259,132,https://npiregistry.cms.hhs.gov/provider-view/1083050884
1538219167,Spencer-Suprynowicz Wendy,MD,Psychiatry,I,21562.27,28875.74,311,22,https://npiregistry.cms.hhs.gov/provider-view/1538219167
1467833202,Storonsky Michael,CT,Dermatology,I,21559.29,29477.07,743,143,https://npiregistry.cms.hhs.gov/provider-view/1467833202
1164959409,Garfield Beach Cvs Llc,CA,Mass Immunizer Roster Biller,O,21556.6,21556.6,598,125,https://npiregistry.cms.hhs.gov/provider-view/1164959409
1316128564,Sohval Melinda,NJ,Nurse Practitioner,I,21524.29,29581.26,761,50,https://npiregistry.cms.hhs.gov/provider-view/1316128564
1760448476,Lang James,OH,Internal Medicine,I,21517.52,27009.18,301,101,https://npiregistry.cms.hhs.gov/provider-view/1760448476
1144495623,Taniguchi Cullen,TX,Radiation Oncology,I,21506.4,27164.3,311,75,https://npiregistry.cms.hhs.gov/provider-view/1144495623
1821341074,Padilla Marybell,FL,Physical Therapist in Private Practice,I,21487.34,27800.46,971,37,https://npiregistry.cms.hhs.gov/provider-view/1821341074
1811099179,Ackerson T,CA,Orthopedic Surgery,I,21463.94,27325.9,206,66,https://npiregistry.cms.hhs.gov/provider-view/1811099179
1437517174,Watson David,NV,Emergency Medicine,I,21461.81,36050.57,717,149,https://npiregistry.cms.hhs.gov/provider-view/1437517174
1548226707,Perry James,KY,Certified Registered Nurse Anesthetist (CRNA),I,21448.03,26936.5,232,221,https://npiregistry.cms.hhs.gov/provider-view/1548226707
1225003585,Tappan Jayson,FL,Emergency Medicine,I,21437.3,26464.45,220,187,https://npiregistry.cms.hhs.gov/provider-view/1225003585
1427544782,Pennsylvania Cvs Pharmacy Llc,PA,Mass Immunizer Roster Biller,O,21408.81,21408.81,553,131,https://npiregistry.cms.hhs.gov/provider-view/1427544782
1851348098,Ramaswamy Bhuvaneswari,OH,Hematology-Oncology,I,21407.72,29483.86,233,103,https://npiregistry.cms.hhs.gov/provider-view/1851348098
1700974409,"Health Care Pharmacies, Inc",WI,Mass Immunizer Roster Biller,O,21374.07,21374.07,334,116,https://npiregistry.cms.hhs.gov/provider-view/1700974409
1063404416,Penisten Scott,IA,Family Practice,I,21372.32,31544.99,275,190,https://npiregistry.cms.hhs.gov/provider-view/1063404416
1538184239,Klion Franklin,NY,Internal Medicine,I,21349.83,27180.45,280,63,https://npiregistry.cms.hhs.gov/provider-view/1538184239
1740384635,"German Dobson Cvs, L.L.C.",AZ,Mass Immunizer Roster Biller,O,21337.82,21337.82,444,135,https://npiregistry.cms.hhs.gov/provider-view/1740384635
1053547539,Vasireddy Rishi,MO,Family Practice,I,21323.0,27780.92,266,115,https://npiregistry.cms.hhs.gov/provider-view/1053547539
1548268972,Resnick Richard,VA,Podiatry,I,21289.07,33669.88,260,126,https://npiregistry.cms.hhs.gov/provider-view/1548268972
1215998406,Cury James,FL,Critical Care (Intensivists),I,21282.8,27364.64,977,352,https://npiregistry.cms.hhs.gov/provider-view/1215998406
1457368813,Miller William,WI,"Psychologist, Clinical",I,21261.9,28678.64,216,23,https://npiregistry.cms.hhs.gov/provider-view/1457368813
1295721157,Harbin Karl,AL,Obstetrics & Gynecology,I,21234.8,29123.03,836,118,https://npiregistry.cms.hhs.gov/provider-view/1295721157
1578634051,Goins Steven,OR,Neurology,I,21231.91,29033.39,491,105,https://npiregistry.cms.hhs.gov/provider-view/1578634051
1336240894,Cvs Pharmacy Inc,TX,Mass Immunizer Roster Biller,O,21229.9,21229.9,428,129,https://npiregistry.cms.hhs.gov/provider-view/1336240894
1003915315,Washington Lamb Cvs Llc,NV,Mass Immunizer Roster Biller,O,21219.42,21219.42,470,108,https://npiregistry.cms.hhs.gov/provider-view/1003915315
1316950561,Victory Distributors Llc,MA,Mass Immunizer Roster Biller,O,21210.64,21210.64,447,118,https://npiregistry.cms.hhs.gov/provider-view/1316950561
1396715769,Tan Jesus,MD,Internal Medicine,I,21207.41,28501.63,337,56,https://npiregistry.cms.hhs.gov/provider-view/1396715769
1326132333,Anderson Robert,PA,Licensed Clinical Social Worker,I,21204.5,27270.3,244,13,https://npiregistry.cms.hhs.gov/provider-view/1326132333
1235787714,Garfield Beach Cvs Llc,CA,Mass Immunizer Roster Biller,O,21201.11,21201.11,418,99,https://npiregistry.cms.hhs.gov/provider-view/1235787714
1063517894,"District Of Columbia Cvs Pharmacy, L.L.C.",DC,Mass Immunizer Roster Biller,O,21164.32,21164.32,381,113,https://npiregistry.cms.hhs.gov/provider-view/1063517894
1922440460,Nudak Ventures Llc,IA,Mass Immunizer Roster Biller,O,21149.84,21149.84,401,111,https://npiregistry.cms.hhs.gov/provider-view/1922440460
1174521132,Whitlow Michael,GA,Nephrology,I,21131.91,27495.21,212,111,https://npiregistry.cms.hhs.gov/provider-view/1174521132
1750499919,Cl Cressler Inc,PA,Mass Immunizer Roster Biller,O,21130.97,21130.97,374,134,https://npiregistry.cms.hhs.gov/provider-view/1750499919
1164462750,Levine Ari,NY,Physical Therapist in Private Practice,I,21122.09,26573.22,842,12,https://npiregistry.cms.hhs.gov/provider-view/1164462750
1508978446,"Woodward Detroit Cvs, L.L.C.",MI,Mass Immunizer Roster Biller,O,21115.87,21115.87,771,128,https://npiregistry.cms.hhs.gov/provider-view/1508978446
1154304327,Klein Kenneth,AZ,Family Practice,I,21075.98,31000.94,359,87,https://npiregistry.cms.hhs.gov/provider-view/1154304327
1023128287,Santoso Rudy,NC,Psychiatry,I,21029.57,35093.16,534,121,https://npiregistry.cms.hhs.gov/provider-view/1023128287
1881679496,Kilgallin John,KY,Family Practice,I,21028.23,28172.99,254,173,https://npiregistry.cms.hhs.gov/provider-view/1881679496
1750346011,Michael Magdy,IL,Internal Medicine,I,21026.0,26468.71,244,86,https://npiregistry.cms.hhs.gov/provider-view/1750346011
1659332229,Cohen Elwood,CA,Family Practice,I,21024.08,30487.4,3184,104,https://npiregistry.cms.hhs.gov/provider-view/1659332229
1457510786,Daniel Kimrey,TX,Emergency Medicine,I,21009.71,25358.6,233,173,https://npiregistry.cms.hhs.gov/provider-view/1457510786
1225146830,Deas Willie,GA,Internal Medicine,I,20989.78,30466.83,418,70,https://npiregistry.cms.hhs.gov/provider-view/1225146830
1225028871,Drobil Jeffrey,PA,Anesthesiology,I,20981.45,26418.38,237,229,https://npiregistry.cms.hhs.gov/provider-view/1225028871
1619242484,Louisiana Cvs Pharmacy Llc,LA,Mass Immunizer Roster Biller,O,20974.17,20974.17,669,129,https://npiregistry.cms.hhs.gov/provider-view/1619242484
1124007455,Westfall Susan,IL,Audiologist,I,20970.94,26653.35,1074,566,https://npiregistry.cms.hhs.gov/provider-view/1124007455
1982663035,Mccormick David,ZZ,Certified Registered Nurse Anesthetist (CRNA),I,20954.92,26260.19,219,218,https://npiregistry.cms.hhs.gov/provider-view/1982663035
1568438208,Evans James,MD,Family Practice,I,20942.92,28873.56,264,138,https://npiregistry.cms.hhs.gov/provider-view/1568438208
1427178821,Wasserman Theodore,PA,Psychiatry,I,20938.29,34878.07,453,132,https://npiregistry.cms.hhs.gov/provider-view/1427178821
1891337952,Campbell Susan,CT,Nurse Practitioner,I,20918.37,27305.19,354,196,https://npiregistry.cms.hhs.gov/provider-view/1891337952
1376564682,Winn Dixie Stores Inc,FL,Centralized Flu,O,20893.03,20893.03,1006,170,https://npiregistry.cms.hhs.gov/provider-view/1376564682
1588767917,Boughton Lynn,CA,Chiropractic,I,20890.3,29396.07,1039,98,https://npiregistry.cms.hhs.gov/provider-view/1588767917
1104853167,Taylor Jill,NY,Nurse Practitioner,I,20874.9,27564.35,346,57,https://npiregistry.cms.hhs.gov/provider-view/1104853167
1710477906,Dix Ginna,ME,Nurse Practitioner,I,20838.93,27182.38,356,201,https://npiregistry.cms.hhs.gov/provider-view/1710477906
1528158128,Hutson William,WV,Gastroenterology,I,20835.15,27161.91,242,165,https://npiregistry.cms.hhs.gov/provider-view/1528158128
1811099799,"Cvs Pharmacy, Inc",TX,Mass Immunizer Roster Biller,O,20804.63,20804.63,791,125,https://npiregistry.cms.hhs.gov/provider-view/1811099799
1053465856,Steinberg Barbara,NJ,Licensed Clinical Social Worker,I,20758.26,26943.27,331,40,https://npiregistry.cms.hhs.gov/provider-view/1053465856
1457455438,Holiday Cvs Llc,FL,Mass Immunizer Roster Biller,O,20728.87,20728.87,668,159,https://npiregistry.cms.hhs.gov/provider-view/1457455438
1144323833,North Carolina Cvs Pharmacy Llc,NC,Mass Immunizer Roster Biller,O,20710.19,20710.19,557,121,https://npiregistry.cms.hhs.gov/provider-view/1144323833
1881615250,Winn Dixie Stores Inc,FL,Centralized Flu,O,20703.93,20703.93,937,178,https://npiregistry.cms.hhs.gov/provider-view/1881615250
1952889883,Rhoades Dawn,OH,Nurse Practitioner,I,20690.03,26209.26,208,191,https://npiregistry.cms.hhs.gov/provider-view/1952889883
1982085767,Guardian Pharmacy Of Sc One Llc,SC,Pharmacy,O,20674.22,20674.22,396,198,https://npiregistry.cms.hhs.gov/provider-view/1982085767
1942292800,Gahl Carol,WA,Physician Assistant,I,20664.44,26824.03,315,99,https://npiregistry.cms.hhs.gov/provider-view/1942292800
1427079722,Winn Dixie Stores Inc,FL,Centralized Flu,O,20652.44,20652.44,1511,129,https://npiregistry.cms.hhs.gov/provider-view/1427079722
1689792228,Cowsill Megan,MI,Ophthalmology,I,20641.27,30893.97,366,117,https://npiregistry.cms.hhs.gov/provider-view/1689792228
1558436857,Baer Barbara,NY,"Psychologist, Clinical",I,20632.06,25923.94,246,22,https://npiregistry.cms.hhs.gov/provider-view/1558436857
1346258944,Alpert Stanley,NY,Physical Therapist in Private Practice,I,20627.07,26115.09,925,17,https://npiregistry.cms.hhs.gov/provider-view/1346258944
1730759432,Frost Jacob,TX,Physician Assistant,I,20618.37,33663.47,472,243,https://npiregistry.cms.hhs.gov/provider-view/1730759432
1467535096,Jukelevics Tibor,CA,"Psychologist, Clinical",I,20606.76,26090.51,169,13,https://npiregistry.cms.hhs.gov/provider-view/1467535096
1770699290,Wetzel Jennifer,PA,Family Practice,I,20605.33,31402.57,360,133,https://npiregistry.cms.hhs.gov/provider-view/1770699290
1619353968,Grau Heather,RI,Physician Assistant,I,20593.5,29549.46,535,222,https://npiregistry.cms.hhs.gov/provider-view/1619353968
1114003209,Gilmore Judith,RI,Endocrinology,I,20589.19,30638.52,225,75,https://npiregistry.cms.hhs.gov/provider-view/1114003209
1952408460,Johnston Benjamin,GA,Gastroenterology,I,20578.68,30445.83,262,167,https://npiregistry.cms.hhs.gov/provider-view/1952408460
1629075551,Savarise Mark,UT,Colorectal Surgery (Proctology),I,20557.49,26439.89,174,82,https://npiregistry.cms.hhs.gov/provider-view/1629075551
1033212857,Maryland Cvs Pharmacy L L C,MD,Mass Immunizer Roster Biller,O,20552.43,20552.43,337,112,https://npiregistry.cms.hhs.gov/provider-view/1033212857
1801295456,Perry Dwayne,GA,Physical Therapist in Private Practice,I,20543.53,29523.61,1224,56,https://npiregistry.cms.hhs.gov/provider-view/1801295456
1952404691,"Alabama Cvs Pharmacy, L.L.C.",AL,Mass Immunizer Roster Biller,O,20540.1,20540.1,471,109,https://npiregistry.cms.hhs.gov/provider-view/1952404691
1639189103,Naik Purushottam,MI,Internal Medicine,I,20533.32,32036.9,300,58,https://npiregistry.cms.hhs.gov/provider-view/1639189103
1417023573,Bentivoglio Gian,VT,Psychiatry,I,20507.63,33041.01,197,94,https://npiregistry.cms.hhs.gov/provider-view/1417023573
1295703486,Friedman Michael,GA,Rheumatology,I,20502.65,28870.97,257,58,https://npiregistry.cms.hhs.gov/provider-view/1295703486
1023063898,Tsegaye Adey,NY,Critical Care (Intensivists),I,20493.91,25678.88,136,55,https://npiregistry.cms.hhs.gov/provider-view/1023063898
1528035649,Alfonso Roberto,PR,Dermatology,I,20474.06,26999.35,459,43,https://npiregistry.cms.hhs.gov/provider-view/1528035649
1972655355,Rehim Mohsen,NJ,Psychiatry,I,20440.44,26835.52,257,80,https://npiregistry.cms.hhs.gov/provider-view/1972655355
1154796035,Garfield Beach Cvs Llc,CA,Mass Immunizer Roster Biller,O,20438.39,20438.39,726,142,https://npiregistry.cms.hhs.gov/provider-view/1154796035
1750674016,Tribble Skyler,WV,Hospitalist,I,20429.04,32099.46,317,165,https://npiregistry.cms.hhs.gov/provider-view/1750674016
1134221690,Deshler Thomas,OR,"Psychologist, Clinical",I,20426.95,26899.41,182,25,https://npiregistry.cms.hhs.gov/provider-view/1134221690
1518402031,Trevino Jose,FL,Certified Registered Nurse Anesthetist (CRNA),I,20412.22,25474.67,163,160,https://npiregistry.cms.hhs.gov/provider-view/1518402031
1184040040,Thrifty Drug Stores Inc.,MN,Mass Immunizer Roster Biller,O,20391.85,20391.85,282,99,https://npiregistry.cms.hhs.gov/provider-view/1184040040
1396765947,Prince Marvin,CT,Gastroenterology,I,20373.36,26767.51,195,178,https://npiregistry.cms.hhs.gov/provider-view/1396765947
1457389835,White Lahroy,TX,Family Practice,I,20352.64,30019.4,266,65,https://npiregistry.cms.hhs.gov/provider-view/1457389835
1861438582,Otoole Michael,CA,Podiatry,I,20351.0,40795.81,536,422,https://npiregistry.cms.hhs.gov/provider-view/1861438582
1811084080,Anderson Richard,WY,Physician Assistant,I,20342.83,33019.31,693,226,https://npiregistry.cms.hhs.gov/provider-view/1811084080
1457456352,Woolverton Winford,TX,Chiropractic,I,20332.55,28518.64,751,100,https://npiregistry.cms.hhs.gov/provider-view/1457456352
1376577585,Hanna Wassfy,NH,Psychiatry,I,20331.71,27888.98,523,121,https://npiregistry.cms.hhs.gov/provider-view/1376577585
1952314395,Varao Mary,MA,Licensed Clinical Social Worker,I,20322.69,26985.49,283,24,https://npiregistry.cms.hhs.gov/provider-view/1952314395
1629694906,Sweet Lori,CA,Physical Therapist in Private Practice,I,20317.45,25907.79,802,27,https://npiregistry.cms.hhs.gov/provider-view/1629694906
1851409528,Wenokor Cornelia,NJ,Diagnostic Radiology,I,20265.78,27087.78,1616,788,https://npiregistry.cms.hhs.gov/provider-view/1851409528
1831293687,"Pennsylvania Cvs Pharmacy, L.L.C.",PA,Mass Immunizer Roster Biller,O,20253.93,20253.93,730,126,https://npiregistry.cms.hhs.gov/provider-view/1831293687
1174534135,Rohlfing James,WA,Diagnostic Radiology,I,20221.51,32971.75,717,579,https://npiregistry.cms.hhs.gov/provider-view/1174534135
1295848109,Dudkiewicz Brian,IL,Family Practice,I,20216.02,27537.18,334,90,https://npiregistry.cms.hhs.gov/provider-view/1295848109
1497894638,Sharma Kewal,MD,Internal Medicine,I,20210.52,29801.27,258,40,https://npiregistry.cms.hhs.gov/provider-view/1497894638
1750874517,"Pennsylvania Cvs Pharmacy, L.L.C.",PA,Mass Immunizer Roster Biller,O,20208.63,20208.63,308,116,https://npiregistry.cms.hhs.gov/provider-view/1750874517
1326142217,"German Dobson Cvs, L.L.C.",AZ,Mass Immunizer Roster Biller,O,20195.48,20195.48,409,106,https://npiregistry.cms.hhs.gov/provider-view/1326142217
1770573305,Levitsky Josh,IL,Gastroenterology,I,20178.87,27362.57,222,159,https://npiregistry.cms.hhs.gov/provider-view/1770573305
1174630636,Mccoy Mary,WI,Family Practice,I,20159.0,23483.3,318,126,https://npiregistry.cms.hhs.gov/provider-view/1174630636
1700944857,Mccafferty Phyllis,VA,Licensed Clinical Social Worker,I,20146.69,27906.17,292,25,https://npiregistry.cms.hhs.gov/provider-view/1700944857
1013203777,Sengupta Shreya,OH,Gastroenterology,I,20136.58,26495.96,210,137,https://npiregistry.cms.hhs.gov/provider-view/1013203777
1588689798,Morton Victor,CA,"Psychologist, Clinical",I,20091.6,25780.56,245,15,https://npiregistry.cms.hhs.gov/provider-view/1588689798
1184970147,Cvs Pharmacy Inc,TX,Mass Immunizer Roster Biller,O,20090.67,20090.67,868,144,https://npiregistry.cms.hhs.gov/provider-view/1184970147
1992753859,Patel Pratul,TX,Diagnostic Radiology,I,20077.48,26005.28,1666,1542,https://npiregistry.cms.hhs.gov/provider-view/1992753859
1477211076,Fongang Samuel,AZ,Nurse Practitioner,I,20034.81,25581.59,254,120,https://npiregistry.cms.hhs.gov/provider-view/1477211076
1871567875,Cassaday Donald,CA,Family Practice,I,20032.12,32306.73,308,136,https://npiregistry.cms.hhs.gov/provider-view/1871567875
1326046327,Dix Gary,MD,Neurosurgery,I,20003.69,25879.46,66,24,https://npiregistry.cms.hhs.gov/provider-view/1326046327
1568841922,King Simeon,MO,Psychiatry,I,19999.55,25417.01,276,48,https://npiregistry.cms.hhs.gov/provider-view/1568841922
1790889665,Holiday Cvs Llc,FL,Mass Immunizer Roster Biller,O,19994.03,19994.03,417,114,https://npiregistry.cms.hhs.gov/provider-view/1790889665
1568414050,Norbury James,TX,Ophthalmology,I,19988.33,41174.8,447,262,https://npiregistry.cms.hhs.gov/provider-view/1568414050
1922032085,Larson Jeanette,OR,Licensed Clinical Social Worker,I,19988.01,26725.31,250,18,https://npiregistry.cms.hhs.gov/provider-view/1922032085
1023059516,Publix Super Markets Inc,FL,Centralized Flu,O,19983.95,19983.95,803,155,https://npiregistry.cms.hhs.gov/provider-view/1023059516
1659474377,Ohio Cvs Stores Llc,OH,Mass Immunizer Roster Biller,O,19924.92,19924.92,517,119,https://npiregistry.cms.hhs.gov/provider-view/1659474377
1194766196,Sharma Suresht,CA,Gastroenterology,I,19917.95,26809.55,276,121,https://npiregistry.cms.hhs.gov/provider-view/1194766196
1598877425,"Woodward Detroit Cvs, L.L.C.",MI,Mass Immunizer Roster Biller,O,19891.79,19891.79,568,113,https://npiregistry.cms.hhs.gov/provider-view/1598877425
1902863079,Rose Leslie,VA,Internal Medicine,I,19866.75,29390.89,299,86,https://npiregistry.cms.hhs.gov/provider-view/1902863079
1568814879,Hamm Daniel,TX,Family Practice,I,19851.2,26014.56,621,128,https://npiregistry.cms.hhs.gov/provider-view/1568814879
1508411331,Garfield Beach Cvs Llc,CA,Mass Immunizer Roster Biller,O,19847.86,19847.86,729,138,https://npiregistry.cms.hhs.gov/provider-view/1508411331
1366532640,Grieger Russell,VA,"Psychologist, Clinical",I,19847.02,26019.46,264,15,https://npiregistry.cms.hhs.gov/provider-view/1366532640
1609114974,Newton David,TX,Nurse Practitioner,I,19842.02,24903.71,351,164,https://npiregistry.cms.hhs.gov/provider-view/1609114974
1710932637,Paradis Cheryl,IL,Obstetrics & Gynecology,I,19835.25,25987.24,759,105,https://npiregistry.cms.hhs.gov/provider-view/1710932637
1477560670,Scalia Joseph,NJ,Family Practice,I,19808.78,34489.07,468,226,https://npiregistry.cms.hhs.gov/provider-view/1477560670
1558807222,Schaefer Mary Beth,IN,Nurse Practitioner,I,19808.41,28080.79,458,261,https://npiregistry.cms.hhs.gov/provider-view/1558807222
1841208931,Patelis Athena,TX,"Psychologist, Clinical",I,19786.58,26421.72,202,12,https://npiregistry.cms.hhs.gov/provider-view/1841208931
1720015381,Jaquez Gutierrez Marisela,FL,Family Practice,I,19768.12,27011.55,334,49,https://npiregistry.cms.hhs.gov/provider-view/1720015381
1558465377,Cvs Pharmacy Inc,TX,Mass Immunizer Roster Biller,O,19730.96,19730.96,610,120,https://npiregistry.cms.hhs.gov/provider-view/1558465377
1457347866,Simons Alan,NY,Cardiology,I,19711.47,29596.78,348,253,https://npiregistry.cms.hhs.gov/provider-view/1457347866
1982702627,Cvs Albany Llc,NY,Mass Immunizer Roster Biller,O,19672.97,19672.97,1095,153,https://npiregistry.cms.hhs.gov/provider-view/1982702627
1568706331,Robinson David,MA,Psychiatry,I,19671.6,26058.37,236,39,https://npiregistry.cms.hhs.gov/provider-view/1568706331
1720038300,Aggarwal Kul,MO,Interventional Cardiology,I,19648.93,28557.0,1991,1387,https://npiregistry.cms.hhs.gov/provider-view/1720038300
1295711729,Septer Steven,KS,Certified Registered Nurse Anesthetist (CRNA),I,19647.43,24274.08,152,125,https://npiregistry.cms.hhs.gov/provider-view/1295711729
1952326647,Midthun John,AK,Diagnostic Radiology,I,19634.44,31708.83,927,630,https://npiregistry.cms.hhs.gov/provider-view/1952326647
1922479716,Claremont Pharmacy Inc,CA,Mass Immunizer Roster Biller,O,19630.72,19630.72,279,98,https://npiregistry.cms.hhs.gov/provider-view/1922479716
1740257492,Obioma Ikenna,PA,Anesthesiology,I,19619.9,24624.88,256,206,https://npiregistry.cms.hhs.gov/provider-view/1740257492
1811066475,Sadowski Arlene,MO,"Psychologist, Clinical",I,19585.19,26325.49,207,43,https://npiregistry.cms.hhs.gov/provider-view/1811066475
1831120039,Mann Thomas,TX,"Psychologist, Clinical",I,19557.49,28250.61,278,55,https://npiregistry.cms.hhs.gov/provider-view/1831120039
1366469488,Walmart Inc.,WA,Mass Immunizer Roster Biller,O,19545.29,19545.29,424,111,https://npiregistry.cms.hhs.gov/provider-view/1366469488
1023080546,Caccamo Eric,ME,Family Practice,I,19523.93,28960.56,376,137,https://npiregistry.cms.hhs.gov/provider-view/1023080546
1932658705,Kostopoulos Lisa,FL,Licensed Clinical Social Worker,I,19510.53,24486.86,232,24,https://npiregistry.cms.hhs.gov/provider-view/1932658705
1689686909,Cheng Kenneth,CA,Family Practice,I,19498.46,25338.23,468,110,https://npiregistry.cms.hhs.gov/provider-view/1689686909
1619913464,Dalby Clive,MA,Psychiatry,I,19491.29,32740.77,363,90,https://npiregistry.cms.hhs.gov/provider-view/1619913464
1568566487,Holiday Cvs Llc,FL,Mass Immunizer Roster Biller,O,19489.82,19489.82,408,100,https://npiregistry.cms.hhs.gov/provider-view/1568566487
1356492342,Holston Robert,TN,Family Practice,I,19461.47,29211.58,776,72,https://npiregistry.cms.hhs.gov/provider-view/1356492342
1932523461,"Grx Holdings, Llc",IA,Mass Immunizer Roster Biller,O,19448.98,19448.98,272,83,https://npiregistry.cms.hhs.gov/provider-view/1932523461
1407804164,Page' Jean,KY,Orthopedic Surgery,I,19448.86,26725.94,1219,86,https://npiregistry.cms.hhs.gov/provider-view/1407804164
1699727461,Bowlin Ricky,OH,Internal Medicine,I,19441.65,19799.68,1610,230,https://npiregistry.cms.hhs.gov/provider-view/1699727461
1225131741,Georgia Cvs Pharmacy Llc,GA,Mass Immunizer Roster Biller,O,19424.98,19424.98,503,93,https://npiregistry.cms.hhs.gov/provider-view/1225131741
1801939327,O'hare Ryan,MN,Psychiatry,I,19413.08,25127.97,244,29,https://npiregistry.cms.hhs.gov/provider-view/1801939327
1821014853,Herman Stephen,GA,Internal Medicine,I,19408.9,30982.65,314,88,https://npiregistry.cms.hhs.gov/provider-view/1821014853
1124522040,Xia Tianna,OH,Anesthesiology,I,19401.4,24360.23,131,116,https://npiregistry.cms.hhs.gov/provider-view/1124522040
1295809010,Beck Gayle,MI,"Psychologist, Clinical",I,19399.38,25770.12,217,15,https://npiregistry.cms.hhs.gov/provider-view/1295809010
1023194628,Gallagher James,PA,Diagnostic Radiology,I,19374.99,29341.14,692,416,https://npiregistry.cms.hhs.gov/provider-view/1023194628
1437170743,Winn Dixie Stores Inc,FL,Centralized Flu,O,19373.61,19373.61,1106,156,https://npiregistry.cms.hhs.gov/provider-view/1437170743
1194731133,Abrams Shirzad,CA,Orthopedic Surgery,I,19335.12,25315.61,271,85,https://npiregistry.cms.hhs.gov/provider-view/1194731133
1760533962,Larsen Suzanne,MA,"Psychologist, Clinical",I,19285.46,24907.37,184,11,https://npiregistry.cms.hhs.gov/provider-view/1760533962
1861838997,Waldon Zachary,MA,Physician Assistant,I,19281.61,27892.47,455,260,https://npiregistry.cms.hhs.gov/provider-view/1861838997
1962471250,Shea Bernard,MA,Internal Medicine,I,19277.59,24257.87,257,132,https://npiregistry.cms.hhs.gov/provider-view/1962471250
1780691162,Mitchell Bryan,IL,Chiropractic,I,19274.53,28870.66,712,58,https://npiregistry.cms.hhs.gov/provider-view/1780691162
1083805410,Lincoln Michelle,NH,Nurse Practitioner,I,19246.96,24086.98,260,141,https://npiregistry.cms.hhs.gov/provider-view/1083805410
1013996826,Nash-Pyott Mary,IL,Licensed Clinical Social Worker,I,19237.59,25523.23,296,21,https://npiregistry.cms.hhs.gov/provider-view/1013996826
1922142090,Schaffer William,ME,Psychiatry,I,19220.34,24442.03,388,66,https://npiregistry.cms.hhs.gov/provider-view/1922142090
1679577183,Reifsteck John,WV,Diagnostic Radiology,I,19197.74,24190.7,794,434,https://npiregistry.cms.hhs.gov/provider-view/1679577183
1801999628,Ohio Cvs Stores Llc,OH,Mass Immunizer Roster Biller,O,19162.9,19162.9,348,101,https://npiregistry.cms.hhs.gov/provider-view/1801999628
1679247068,Idaho Cvs Pharmacy Llc,ID,Mass Immunizer Roster Biller,O,19152.87,19152.87,415,96,https://npiregistry.cms.hhs.gov/provider-view/1679247068
1720052889,Shaw Burton,TX,General Practice,I,19117.66,32829.1,351,152,https://npiregistry.cms.hhs.gov/provider-view/1720052889
1861725202,Spencer Matthew,CA,Physician Assistant,I,19105.72,28138.33,340,264,https://npiregistry.cms.hhs.gov/provider-view/1861725202
1053419804,Cvs Pharmacy Inc,TX,Mass Immunizer Roster Biller,O,19080.82,19080.82,466,104,https://npiregistry.cms.hhs.gov/provider-view/1053419804
1851948079,Maryland Cvs Pharmacy Llc,MD,Mass Immunizer Roster Biller,O,19053.09,19053.09,282,113,https://npiregistry.cms.hhs.gov/provider-view/1851948079
1912001793,Pennsylvania Cvs Pharmacy Llc,PA,Mass Immunizer Roster Biller,O,19047.37,19047.37,336,97,https://npiregistry.cms.hhs.gov/provider-view/1912001793
1679825822,King Jackie,GA,Physical Therapist in Private Practice,I,19045.65,26347.97,1032,34,https://npiregistry.cms.hhs.gov/provider-view/1679825822
1841732666,Rao S Ramana,FL,Diagnostic Radiology,I,19045.0,26554.58,2617,1791,https://npiregistry.cms.hhs.gov/provider-view/1841732666
1972024453,Perides Angela,CO,Nurse Practitioner,I,19036.18,27163.96,482,109,https://npiregistry.cms.hhs.gov/provider-view/1972024453
1366529455,Paine Russell,TX,Physical Therapist in Private Practice,I,19034.71,24538.37,937,30,https://npiregistry.cms.hhs.gov/provider-view/1366529455
1811084288,Oertel Marcella,MA,"Psychologist, Clinical",I,19032.08,25492.65,240,19,https://npiregistry.cms.hhs.gov/provider-view/1811084288
1295853687,Milburn Bruce,FL,Rheumatology,I,19008.22,24494.72,383,39,https://npiregistry.cms.hhs.gov/provider-view/1295853687
1831231380,Shahinian Toros,NJ,Internal Medicine,I,18987.98,27503.88,205,45,https://npiregistry.cms.hhs.gov/provider-view/1831231380
1396767216,Winn Dixie Stores Inc,FL,Centralized Flu,O,18980.51,18980.51,1215,151,https://npiregistry.cms.hhs.gov/provider-view/1396767216
1821035684,Freeman James,WI,Critical Care (Intensivists),I,18976.3,25020.24,162,102,https://npiregistry.cms.hhs.gov/provider-view/1821035684
1871644112,Wilson Robert,TX,Chiropractic,I,18968.27,25814.57,553,54,https://npiregistry.cms.hhs.gov/provider-view/1871644112
1982664777,Richardson Charles,GA,Orthopedic Surgery,I,18955.42,24294.63,431,46,https://npiregistry.cms.hhs.gov/provider-view/1982664777
1669748521,Baker Cara,NJ,Speech Language Pathologist,I,18917.12,23705.06,594,17,https://npiregistry.cms.hhs.gov/provider-view/1669748521
1801814637,Silverman Stanley,MD,Certified Clinical Nurse Specialist,I,18898.67,24153.8,326,37,https://npiregistry.cms.hhs.gov/provider-view/1801814637
1225038813,Smith Durrell,NH,Certified Registered Nurse Anesthetist (CRNA),I,18891.32,24467.24,183,126,https://npiregistry.cms.hhs.gov/provider-view/1225038813
1124366182,Crush Jenny Dee,FL,Certified Registered Nurse Anesthetist (CRNA),I,18874.96,23512.85,189,184,https://npiregistry.cms.hhs.gov/provider-view/1124366182
1821021619,Bakris George,IL,Endocrinology,I,18869.38,26519.3,262,176,https://npiregistry.cms.hhs.gov/provider-view/1821021619
1992764542,Bloom Dawn,MO,"Psychologist, Clinical",I,18869.12,24235.02,333,37,https://npiregistry.cms.hhs.gov/provider-view/1992764542
1497421531,Pittard Michelle,IN,Nurse Practitioner,I,18863.35,25095.52,369,168,https://npiregistry.cms.hhs.gov/provider-view/1497421531
1669649133,"Dilworth Drugs, Llc",NC,Mass Immunizer Roster Biller,O,18848.7,18848.7,609,123,https://npiregistry.cms.hhs.gov/provider-view/1669649133
1518437367,Park Aaron,CA,Physician Assistant,I,18842.64,22864.31,244,156,https://npiregistry.cms.hhs.gov/provider-view/1518437367
1891347167,Davis Latasha,NY,Nurse Practitioner,I,18816.23,25373.93,330,35,https://npiregistry.cms.hhs.gov/provider-view/1891347167
1568448678,Difrancesco Louis,NV,Anesthesiology,I,18780.89,23462.39,82,49,https://npiregistry.cms.hhs.gov/provider-view/1568448678
1285967844,Osterholm Melanie,CA,Licensed Clinical Social Worker,I,18780.85,25809.24,292,43,https://npiregistry.cms.hhs.gov/provider-view/1285967844
1003811050,Mackey Oliver,NY,Podiatry,I,18768.71,25273.11,279,27,https://npiregistry.cms.hhs.gov/provider-view/1003811050
1871583195,Best David,MI,Family Practice,I,18767.0,27622.48,485,47,https://npiregistry.cms.hhs.gov/provider-view/1871583195
1689610933,Darby John,CA,Psychiatry,I,18763.52,26592.12,165,14,https://npiregistry.cms.hhs.gov/provider-view/1689610933
1831200625,Carter James,GA,Emergency Medicine,I,18742.66,23839.12,219,169,https://npiregistry.cms.hhs.gov/provider-view/1831200625
1780625657,Highland Park Cvs Llc,IL,Mass Immunizer Roster Biller,O,18742.16,18742.16,378,91,https://npiregistry.cms.hhs.gov/provider-view/1780625657
1558396515,Goff David,MA,Radiation Oncology,I,18707.34,24736.49,353,30,https://npiregistry.cms.hhs.gov/provider-view/1558396515
1740363761,Oghafua Gregson,TX,Cardiology,I,18702.81,27729.83,999,619,https://npiregistry.cms.hhs.gov/provider-view/1740363761
1447482757,Bedford Road Pharmacy Inc,MD,Mass Immunizer Roster Biller,O,18701.04,18701.04,274,112,https://npiregistry.cms.hhs.gov/provider-view/1447482757
1255393088,Bean Ehrich,CO,Physician Assistant,I,18689.49,26605.17,317,156,https://npiregistry.cms.hhs.gov/provider-view/1255393088
1508969239,"Alabama Cvs Pharmacy, L.L.C.",AL,Mass Immunizer Roster Biller,O,18660.14,18660.14,587,121,https://npiregistry.cms.hhs.gov/provider-view/1508969239
1043403033,Warner Christopher,CA,Family Practice,I,18659.92,25228.03,359,232,https://npiregistry.cms.hhs.gov/provider-view/1043403033
1477560811,Cotton Paul,VT,Psychiatry,I,18653.11,29339.47,338,98,https://npiregistry.cms.hhs.gov/provider-view/1477560811
1215949862,Adams Steven,KY,Anesthesiology,I,18647.59,23512.84,320,175,https://npiregistry.cms.hhs.gov/provider-view/1215949862
1679592448,Amato Joseph,FL,"Psychologist, Clinical",I,18645.91,24780.15,181,25,https://npiregistry.cms.hhs.gov/provider-view/1679592448
1295115970,Rao Willow,WI,Certified Registered Nurse Anesthetist (CRNA),I,18633.89,23601.89,124,121,https://npiregistry.cms.hhs.gov/provider-view/1295115970
1013011907,"German Dobson Cvs, L.L.C.",AZ,Mass Immunizer Roster Biller,O,18627.11,18627.11,1218,240,https://npiregistry.cms.hhs.gov/provider-view/1013011907
1659474302,"Kentucky Cvs Pharmacy, L.L.C.",KY,Mass Immunizer Roster Biller,O,18614.92,18614.92,297,98,https://npiregistry.cms.hhs.gov/provider-view/1659474302
1346247210,Lewis Cook Drug Store Inc,AR,Mass Immunizer Roster Biller,O,18602.56,18602.56,335,103,https://npiregistry.cms.hhs.gov/provider-view/1346247210
1447244561,Hometown Pharmacy Inc.,MI,Mass Immunizer Roster Biller,O,18579.68,18579.68,279,107,https://npiregistry.cms.hhs.gov/provider-view/1447244561
1225070733,Streifel Lorrie,NC,Licensed Clinical Social Worker,I,18579.34,24641.02,231,14,https://npiregistry.cms.hhs.gov/provider-view/1225070733
1255649026,"Missouri Cvs Pharmacy, L.L.C.",MO,Mass Immunizer Roster Biller,O,18565.39,18565.39,654,121,https://npiregistry.cms.hhs.gov/provider-view/1255649026
1851545958,Miller Bruce,NC,Physician Assistant,I,18529.04,33354.62,409,142,https://npiregistry.cms.hhs.gov/provider-view/1851545958
1447558408,Zielinski Christopher,NY,Physician Assistant,I,18518.74,24504.99,406,141,https://npiregistry.cms.hhs.gov/provider-view/1447558408
1922271162,"Woodward Detroit Cvs, L.L.C.",MI,Mass Immunizer Roster Biller,O,18490.73,18490.73,476,105,https://npiregistry.cms.hhs.gov/provider-view/1922271162
1083671218,Hewitt Thomas,MA,Internal Medicine,I,18474.27,26902.03,224,70,https://npiregistry.cms.hhs.gov/provider-view/1083671218
1861444192,Robertson Joseph,OR,Ophthalmology,I,18445.33,25557.05,798,517,https://npiregistry.cms.hhs.gov/provider-view/1861444192
1922086529,Allin Michelle,FL,Nurse Practitioner,I,18423.15,22505.05,189,153,https://npiregistry.cms.hhs.gov/provider-view/1922086529
1790170645,Erinne Ikenna,MD,Internal Medicine,I,18419.74,23146.01,262,144,https://npiregistry.cms.hhs.gov/provider-view/1790170645
1578073144,Tabuzo Jonathan,NJ,Physician Assistant,I,18407.31,22674.02,375,138,https://npiregistry.cms.hhs.gov/provider-view/1578073144
1700872629,Rengel Jeffrey,OH,Anesthesiology,I,18401.04,23678.66,234,204,https://npiregistry.cms.hhs.gov/provider-view/1700872629
1285742643,"Woodward Detroit Cvs, L.L.C.",MI,Mass Immunizer Roster Biller,O,18385.48,18385.48,668,112,https://npiregistry.cms.hhs.gov/provider-view/1285742643
1689114290,Billiter Kelli,KY,Nurse Practitioner,I,18378.56,26381.61,275,190,https://npiregistry.cms.hhs.gov/provider-view/1689114290
1134617582,Cvs Pharmacy Inc,CO,Mass Immunizer Roster Biller,O,18378.42,18378.42,262,92,https://npiregistry.cms.hhs.gov/provider-view/1134617582
1871555730,Cook Hubert,TX,Obstetrics & Gynecology,I,18374.45,27856.77,294,224,https://npiregistry.cms.hhs.gov/provider-view/1871555730
1477570232,Tripodi Peter,PA,Licensed Clinical Social Worker,I,18370.11,23843.74,223,18,https://npiregistry.cms.hhs.gov/provider-view/1477570232
1649232018,Rhyne Miles,TN,Optometry,I,18356.65,26506.07,347,105,https://npiregistry.cms.hhs.gov/provider-view/1649232018
1205207735,Mcbay Cynthia,TX,"Psychologist, Clinical",I,18333.55,25236.32,278,79,https://npiregistry.cms.hhs.gov/provider-view/1205207735
1215039599,Rzadkowolsky-Raoli Anna,FL,Psychiatry,I,18313.47,24743.76,345,49,https://npiregistry.cms.hhs.gov/provider-view/1215039599
1568440501,Sample Thomas,FL,Certified Registered Nurse Anesthetist (CRNA),I,18311.9,23842.05,225,143,https://npiregistry.cms.hhs.gov/provider-view/1568440501
1578504999,Belleville Hometown Pharmacy Llc,WI,Mass Immunizer Roster Biller,O,18297.86,18297.86,309,98,https://npiregistry.cms.hhs.gov/provider-view/1578504999
1538307293,Thrifty Drug Stores Inc,MN,Mass Immunizer Roster Biller,O,18279.42,18279.42,247,92,https://npiregistry.cms.hhs.gov/provider-view/1538307293
1083950927,Cahill Leslie,PA,Certified Registered Nurse Anesthetist (CRNA),I,18276.01,22984.45,157,154,https://npiregistry.cms.hhs.gov/provider-view/1083950927
1770940512,Grabowski Krzysztof,OH,Certified Registered Nurse Anesthetist (CRNA),I,18238.62,22105.79,169,151,https://npiregistry.cms.hhs.gov/provider-view/1770940512
1932295029,Simons Michael,CA,Podiatry,I,18235.69,22887.78,444,17,https://npiregistry.cms.hhs.gov/provider-view/1932295029
1992209563,Harkcom Renata,LA,Hospitalist,I,18223.41,24363.47,153,136,https://npiregistry.cms.hhs.gov/provider-view/1992209563
1497874028,Feng Felix,CA,Radiation Oncology,I,18219.78,22983.23,169,77,https://npiregistry.cms.hhs.gov/provider-view/1497874028
1629182605,White Drug Co Of Jamestown Inc,ND,Mass Immunizer Roster Biller,O,18214.13,18214.13,256,98,https://npiregistry.cms.hhs.gov/provider-view/1629182605
1952300139,Haney James,NJ,Diagnostic Radiology,I,18210.91,25589.36,2686,2123,https://npiregistry.cms.hhs.gov/provider-view/1952300139
1669467882,Dalve Richard,WI,General Practice,I,18175.0,23517.27,896,99,https://npiregistry.cms.hhs.gov/provider-view/1669467882
1578529319,Sologub Tamara,FL,Anesthesiology,I,18168.1,22976.25,95,72,https://npiregistry.cms.hhs.gov/provider-view/1578529319
1922105659,Harmer Edward,NJ,Optometry,I,18164.86,27972.78,364,111,https://npiregistry.cms.hhs.gov/provider-view/1922105659
1790884096,"Woodward Detroit Cvs, L.L.C.",MI,Mass Immunizer Roster Biller,O,18152.56,18152.56,457,101,https://npiregistry.cms.hhs.gov/provider-view/1790884096
1649216029,Grundfest-Broniatowski Sharon,OH,General Surgery,I,18137.93,23124.35,87,53,https://npiregistry.cms.hhs.gov/provider-view/1649216029
1881976132,Rhodes Catherine,NC,Physical Therapist in Private Practice,I,18134.78,24377.94,913,40,https://npiregistry.cms.hhs.gov/provider-view/1881976132
1053432468,O'chab Kimberly,AL,Nurse Practitioner,I,18129.44,25022.77,566,134,https://npiregistry.cms.hhs.gov/provider-view/1053432468
1134524036,Knight Tristia,GA,Nurse Practitioner,I,18122.41,24882.28,369,154,https://npiregistry.cms.hhs.gov/provider-view/1134524036
1639186042,Applebaum Hal,FL,Cardiology,I,18105.18,32656.84,467,141,https://npiregistry.cms.hhs.gov/provider-view/1639186042
1932209822,Pfaff Charles,NM,Diagnostic Radiology,I,18099.39,29367.43,2828,2146,https://npiregistry.cms.hhs.gov/provider-view/1932209822
1558380691,Yarnell Bayliss,CA,Emergency Medicine,I,18097.4,22339.65,156,130,https://npiregistry.cms.hhs.gov/provider-view/1558380691
1518102052,Publix Super Markets Inc,FL,Centralized Flu,O,18092.95,18092.95,437,110,https://npiregistry.cms.hhs.gov/provider-view/1518102052
1689611162,Sanchez Victoria,AZ,Nurse Practitioner,I,18074.32,24050.02,354,27,https://npiregistry.cms.hhs.gov/provider-view/1689611162
1336242171,"Georgia Cvs Pharmacy, L.L.C.",GA,Mass Immunizer Roster Biller,O,18074.02,18074.02,775,130,https://npiregistry.cms.hhs.gov/provider-view/1336242171
1669575338,"Highland Park Cvs, L.L.C.",IL,Mass Immunizer Roster Biller,O,18069.6,18069.6,402,112,https://npiregistry.cms.hhs.gov/provider-view/1669575338
1750382115,Hortman Michael,GA,Chiropractic,I,18022.18,24949.91,667,81,https://npiregistry.cms.hhs.gov/provider-view/1750382115
1932198025,Vengrow Michael,TX,Neurology,I,18020.04,23173.41,553,76,https://npiregistry.cms.hhs.gov/provider-view/1932198025
1548392772,Hansen Daniel,IL,Physical Therapist in Private Practice,I,18015.1,23056.33,895,31,https://npiregistry.cms.hhs.gov/provider-view/1548392772
1366546152,"Pennsylvania Cvs Pharmacy, L.L.C.",PA,Mass Immunizer Roster Biller,O,18012.34,18012.34,1116,239,https://npiregistry.cms.hhs.gov/provider-view/1366546152
1689640880,Heather John,OH,Psychiatry,I,18002.66,24086.78,203,52,https://npiregistry.cms.hhs.gov/provider-view/1689640880
1083150452,Beck Sharon,AL,Nurse Practitioner,I,18001.31,25009.32,1150,153,https://npiregistry.cms.hhs.gov/provider-view/1083150452
1457344061,Martinez Robert,IL,Family Practice,I,17996.0,26947.14,265,48,https://npiregistry.cms.hhs.gov/provider-view/1457344061
1104801554,Jawad Jinaan,IL,Chiropractic,I,17987.74,26028.92,577,64,https://npiregistry.cms.hhs.gov/provider-view/1104801554
1538301437,Smolar Edward,FL,Endocrinology,I,17980.62,24953.79,209,77,https://npiregistry.cms.hhs.gov/provider-view/1538301437
1497720270,Them Theodore,PA,Preventive Medicine,I,17940.46,22998.14,270,161,https://npiregistry.cms.hhs.gov/provider-view/1497720270
1588086094,"Samson Merger Sub, Llc",FL,Mass Immunizer Roster Biller,O,17938.19,17938.19,1147,148,https://npiregistry.cms.hhs.gov/provider-view/1588086094
1194744136,Mojab Abdol,CA,Hematology-Oncology,I,17907.64,23456.05,2542,30,https://npiregistry.cms.hhs.gov/provider-view/1194744136
1992892061,Nealon Nancy,NY,Neurology,I,17878.56,26210.86,184,143,https://npiregistry.cms.hhs.gov/provider-view/1992892061
1821011578,Ibrahim Mohamed,CA,Hand Surgery,I,17860.82,27639.16,171,68,https://npiregistry.cms.hhs.gov/provider-view/1821011578
1265531560,"Woodward Detroit Cvs, L.L.C.",MI,Mass Immunizer Roster Biller,O,17852.92,17852.92,560,131,https://npiregistry.cms.hhs.gov/provider-view/1265531560
1578681458,Chandler Robert,OH,Physical Therapist in Private Practice,I,17840.62,23535.28,826,124,https://npiregistry.cms.hhs.gov/provider-view/1578681458
1336106921,Lee Won,CA,Geriatric Psychiatry,I,17803.41,22444.93,170,27,https://npiregistry.cms.hhs.gov/provider-view/1336106921
1508197864,Peppard Cory,WA,Certified Registered Nurse Anesthetist (CRNA),I,17794.79,22683.71,113,103,https://npiregistry.cms.hhs.gov/provider-view/1508197864
1558312678,Balbi Karen,NY,Physical Therapist in Private Practice,I,17793.64,23493.02,690,49,https://npiregistry.cms.hhs.gov/provider-view/1558312678
1639590383,Potter Terence,TX,Emergency Medicine,I,17777.99,22390.52,138,78,https://npiregistry.cms.hhs.gov/provider-view/1639590383
1134128598,Newhart William,PA,Chiropractic,I,17727.38,25942.9,676,65,https://npiregistry.cms.hhs.gov/provider-view/1134128598
1407489370,"Publix Super Markets, Inc.",FL,Centralized Flu,O,17707.06,17707.06,407,96,https://npiregistry.cms.hhs.gov/provider-view/1407489370
1386687838,Mccormack Joseph,MO,"Psychologist, Clinical",I,17699.47,23538.22,251,14,https://npiregistry.cms.hhs.gov/provider-view/1386687838
1447413299,Louisiana Cvs Pharmacy Llc,LA,Mass Immunizer Roster Biller,O,17686.52,17686.52,690,116,https://npiregistry.cms.hhs.gov/provider-view/1447413299
1750870820,"Weis Markets, Inc.",NJ,Mass Immunizer Roster Biller,O,17659.08,17659.08,370,111,https://npiregistry.cms.hhs.gov/provider-view/1750870820
1801091327,Isom Benjamin,FL,"Psychologist, Clinical",I,17651.18,23209.32,155,12,https://npiregistry.cms.hhs.gov/provider-view/1801091327
1447271754,Winn Dixie Stores Inc,FL,Centralized Flu,O,17641.6,17641.6,1259,142,https://npiregistry.cms.hhs.gov/provider-view/1447271754
1417182585,Emmett Colleena,WY,Licensed Clinical Social Worker,I,17637.93,24802.62,295,42,https://npiregistry.cms.hhs.gov/provider-view/1417182585
1720087927,Salkeld John,TX,Licensed Clinical Social Worker,I,17611.17,23770.67,265,28,https://npiregistry.cms.hhs.gov/provider-view/1720087927
1386651305,Klingensmith Drug Inc,PA,Mass Immunizer Roster Biller,O,17607.34,17607.34,326,105,https://npiregistry.cms.hhs.gov/provider-view/1386651305
1710072335,Wakefield Gail,TN,Nurse Practitioner,I,17592.4,22182.65,425,14,https://npiregistry.cms.hhs.gov/provider-view/1710072335
1891843447,Lee Thomas,NJ,Chiropractic,I,17578.81,22315.85,530,56,https://npiregistry.cms.hhs.gov/provider-view/1891843447
1609486562,"Phils Pill Pharmacy, Inc",NY,Mass Immunizer Roster Biller,O,17559.42,17559.42,1272,104,https://npiregistry.cms.hhs.gov/provider-view/1609486562
1336240506,Gambucci Anthony,CA,Chiropractic,I,17553.92,23558.64,781,52,https://npiregistry.cms.hhs.gov/provider-view/1336240506
1831129394,Pines Richard,ID,Psychiatry,I,17540.4,24980.13,304,43,https://npiregistry.cms.hhs.gov/provider-view/1831129394
1447984893,Shopovick Samantha,FL,Audiologist,I,17526.13,25836.87,894,429,https://npiregistry.cms.hhs.gov/provider-view/1447984893
1780885665,Tomsick Scott,CO,Diagnostic Radiology,I,17514.43,24266.01,1290,797,https://npiregistry.cms.hhs.gov/provider-view/1780885665
1508820960,Oehrlein Frederick,GA,Anesthesiology,I,17499.54,21911.92,178,162,https://npiregistry.cms.hhs.gov/provider-view/1508820960
1629288634,Griffin Janice,FL,Licensed Clinical Social Worker,I,17494.36,23606.95,217,29,https://npiregistry.cms.hhs.gov/provider-view/1629288634
1376784736,Yelk Dawn,OR,Licensed Clinical Social Worker,I,17467.89,22360.71,246,20,https://npiregistry.cms.hhs.gov/provider-view/1376784736
1568750081,Rayl Thomas,MN,Anesthesiology,I,17453.82,22215.71,225,160,https://npiregistry.cms.hhs.gov/provider-view/1568750081
1588140321,Oregon Cvs Pharmacy Llc,OR,Mass Immunizer Roster Biller,O,17441.13,17441.13,504,114,https://npiregistry.cms.hhs.gov/provider-view/1588140321
1346355039,Freund Blanche,FL,"Psychologist, Clinical",I,17425.02,22322.5,151,11,https://npiregistry.cms.hhs.gov/provider-view/1346355039
1528161023,North Carolina Cvs Pharmacy Llc,NC,Mass Immunizer Roster Biller,O,17418.99,17418.99,565,110,https://npiregistry.cms.hhs.gov/provider-view/1528161023
1952847717,Washington Cvs Pharmacy Llc,WA,Mass Immunizer Roster Biller,O,17403.25,17403.25,291,101,https://npiregistry.cms.hhs.gov/provider-view/1952847717
1881259356,Leletkina Oksana,FL,Certified Registered Nurse Anesthetist (CRNA),I,17400.92,22065.88,74,73,https://npiregistry.cms.hhs.gov/provider-view/1881259356
1326305160,Onuoha Kemjika,GA,Orthopedic Surgery,I,17398.43,23067.98,188,49,https://npiregistry.cms.hhs.gov/provider-view/1326305160
1821098559,Bruno Jennifer,VA,Physician Assistant,I,17395.37,24860.1,375,155,https://npiregistry.cms.hhs.gov/provider-view/1821098559
1598752131,Schachterle Steven,IA,Chiropractic,I,17385.54,26808.85,735,114,https://npiregistry.cms.hhs.gov/provider-view/1598752131
1265582357,Weaver Margaret,GA,"Psychologist, Clinical",I,17350.42,22407.63,160,17,https://npiregistry.cms.hhs.gov/provider-view/1265582357
1326161175,Togashi Lisa,HI,Family Practice,I,17347.38,24155.99,258,89,https://npiregistry.cms.hhs.gov/provider-view/1326161175
1356362727,Winn Dixie Stores Inc,FL,Centralized Flu,O,17320.34,17320.34,657,123,https://npiregistry.cms.hhs.gov/provider-view/1356362727
1134745508,Donaldson Kerry,TX,"Psychologist, Clinical",I,17253.29,22021.39,203,23,https://npiregistry.cms.hhs.gov/provider-view/1134745508
1982678538,Elkins Gregory,WV,Family Practice,I,17252.38,19028.13,560,263,https://npiregistry.cms.hhs.gov/provider-view/1982678538
1225777683,Bolduc Dana,MI,Nurse Practitioner,I,17240.95,23124.57,408,246,https://npiregistry.cms.hhs.gov/provider-view/1225777683
1730442773,Sekulovich Kelli,IL,Anesthesiology,I,17232.94,21313.15,122,113,https://npiregistry.cms.hhs.gov/provider-view/1730442773
1588318919,South Carolina Cvs Pharmacy Llc,SC,Mass Immunizer Roster Biller,O,17222.33,17222.33,294,93,https://npiregistry.cms.hhs.gov/provider-view/1588318919
1467045195,Mcclain Leah,TN,Certified Registered Nurse Anesthetist (CRNA),I,17193.64,21674.65,77,70,https://npiregistry.cms.hhs.gov/provider-view/1467045195
1194246959,Klanderud Dana,WA,Nurse Practitioner,I,17177.26,22738.68,228,119,https://npiregistry.cms.hhs.gov/provider-view/1194246959
1982788170,San Joaquin Drug Incorporated,CA,Mass Immunizer Roster Biller,O,17172.35,17172.35,383,113,https://npiregistry.cms.hhs.gov/provider-view/1982788170
1316258064,Kim William,PA,Psychiatry,I,17163.57,22635.73,212,38,https://npiregistry.cms.hhs.gov/provider-view/1316258064
1861886384,"Healthdirect Institutional Pharmacy Services, Inc.",MO,Mass Immunizer Roster Biller,O,17161.84,17161.84,260,95,https://npiregistry.cms.hhs.gov/provider-view/1861886384
1053332437,Winn Dixie Stores Inc,FL,Centralized Flu,O,17160.9,17160.9,1266,102,https://npiregistry.cms.hhs.gov/provider-view/1053332437
1386680528,Winans Thomas,AR,"Psychologist, Clinical",I,17146.18,23612.56,170,23,https://npiregistry.cms.hhs.gov/provider-view/1386680528
1679676316,"Alabama Cvs Pharmacy, L.L.C.",AL,Mass Immunizer Roster Biller,O,17131.98,17131.98,628,136,https://npiregistry.cms.hhs.gov/provider-view/1679676316
1588677009,O'malley Kathy,NY,Licensed Clinical Social Worker,I,17101.3,21654.19,297,19,https://npiregistry.cms.hhs.gov/provider-view/1588677009
1487644233,Glatt Kenneth,NY,"Psychologist, Clinical",I,17064.1,22234.98,175,17,https://npiregistry.cms.hhs.gov/provider-view/1487644233
1467473777,Winn Dixie Stores Inc,FL,Centralized Flu,O,17060.05,17060.05,1040,140,https://npiregistry.cms.hhs.gov/provider-view/1467473777
1801818505,Garfield Beach Cvs Llc,CA,Mass Immunizer Roster Biller,O,17057.6,17057.6,687,121,https://npiregistry.cms.hhs.gov/provider-view/1801818505
1699941757,Kearse Frank,IN,Emergency Medicine,I,17054.71,21530.65,242,225,https://npiregistry.cms.hhs.gov/provider-view/1699941757
1710174255,Owen Kenneth,CA,Physician Assistant,I,17048.86,22365.56,303,235,https://npiregistry.cms.hhs.gov/provider-view/1710174255
1437125135,Garcia Tony,NV,Physician Assistant,I,17043.74,29510.73,424,242,https://npiregistry.cms.hhs.gov/provider-view/1437125135
1376559179,Boeras Pupo Luis,PR,Internal Medicine,I,17043.02,21458.81,370,61,https://npiregistry.cms.hhs.gov/provider-view/1376559179
1871692186,"Mississippi Cvs Pharmacy, L.L.C.",MS,Mass Immunizer Roster Biller,O,17023.8,17023.8,317,98,https://npiregistry.cms.hhs.gov/provider-view/1871692186
1912000423,Hollingshead Kossuth,CA,Emergency Medicine,I,17017.79,22441.06,194,121,https://npiregistry.cms.hhs.gov/provider-view/1912000423
1053372011,Lloyd Patricia,VA,Physician Assistant,I,17012.68,25566.88,537,142,https://npiregistry.cms.hhs.gov/provider-view/1053372011
1528083763,Robbins Theodore,AL,General Practice,I,16999.13,22370.12,290,68,https://npiregistry.cms.hhs.gov/provider-view/1528083763
1700053162,Brush Nicholas,DE,Licensed Clinical Social Worker,I,16976.61,23114.63,388,11,https://npiregistry.cms.hhs.gov/provider-view/1700053162
1275526030,Bennett Allan,SC,Pathology,I,16949.05,21974.93,592,253,https://npiregistry.cms.hhs.gov/provider-view/1275526030
1679171557,Sampler Daria,IL,Nurse Practitioner,I,16928.37,21726.27,205,96,https://npiregistry.cms.hhs.gov/provider-view/1679171557
1417995226,Fernandez Sosa Isabel,PR,Internal Medicine,I,16922.11,24736.46,295,70,https://npiregistry.cms.hhs.gov/provider-view/1417995226
1649260142,Adams George,TX,Optometry,I,16916.71,27162.58,295,168,https://npiregistry.cms.hhs.gov/provider-view/1649260142
1699867168,New Jersey Cvs Pharmacy Llc,NJ,Mass Immunizer Roster Biller,O,16915.34,16915.34,424,85,https://npiregistry.cms.hhs.gov/provider-view/1699867168
1427024256,Kelly Cindy,FL,Internal Medicine,I,16901.49,23399.73,274,98,https://npiregistry.cms.hhs.gov/provider-view/1427024256
1285762112,Trompeter Pamela,FL,Licensed Clinical Social Worker,I,16894.91,21690.81,220,25,https://npiregistry.cms.hhs.gov/provider-view/1285762112
1114025699,Garfield Beach Cvs Llc,CA,Mass Immunizer Roster Biller,O,16883.77,16883.77,1170,144,https://npiregistry.cms.hhs.gov/provider-view/1114025699
1558338160,Schmidt Kenneth,IL,Diagnostic Radiology,I,16878.47,21250.64,248,162,https://npiregistry.cms.hhs.gov/provider-view/1558338160
1578563276,Bechtel Mark,MN,Diagnostic Radiology,I,16860.36,21945.29,1667,319,https://npiregistry.cms.hhs.gov/provider-view/1578563276
1861596835,"District Of Columbia Cvs Pharmacy, L.L.C.",DC,Mass Immunizer Roster Biller,O,16842.49,16842.49,340,100,https://npiregistry.cms.hhs.gov/provider-view/1861596835
1679667299,Robertson Donald,OR,Family Practice,I,16828.46,32237.24,569,225,https://npiregistry.cms.hhs.gov/provider-view/1679667299
1245251396,Mar Kenneth,VT,Pulmonary Disease,I,16827.57,22837.06,254,208,https://npiregistry.cms.hhs.gov/provider-view/1245251396
1538263389,"Cvs Albany, L.L.C.",NY,Mass Immunizer Roster Biller,O,16822.63,16822.63,986,130,https://npiregistry.cms.hhs.gov/provider-view/1538263389
1932211877,"Woodward Detroit Cvs, L.L.C.",MI,Mass Immunizer Roster Biller,O,16821.08,16821.08,582,105,https://npiregistry.cms.hhs.gov/provider-view/1932211877
1467496349,Bezirganian John,NY,Psychiatry,I,16807.75,24998.27,307,126,https://npiregistry.cms.hhs.gov/provider-view/1467496349
1619035284,Kemp Monica,SC,Chiropractic,I,16786.87,24208.79,696,70,https://npiregistry.cms.hhs.gov/provider-view/1619035284
1407813025,Doering David,KY,Gynecological Oncology,I,16771.55,21538.26,121,55,https://npiregistry.cms.hhs.gov/provider-view/1407813025
1720067796,Bois Pierre,UT,Physical Therapist in Private Practice,I,16767.16,23220.16,861,55,https://npiregistry.cms.hhs.gov/provider-view/1720067796
1053413344,"Woodward Detroit Cvs, L.L.C.",MI,Mass Immunizer Roster Biller,O,16746.33,16746.33,1234,150,https://npiregistry.cms.hhs.gov/provider-view/1053413344
1851797435,Maryland Cvs Pharmacy Llc,MD,Mass Immunizer Roster Biller,O,16740.58,16740.58,278,79,https://npiregistry.cms.hhs.gov/provider-view/1851797435
1265708663,"German Dobson Cvs, L.L.C.",AZ,Mass Immunizer Roster Biller,O,16707.85,16707.85,357,99,https://npiregistry.cms.hhs.gov/provider-view/1265708663
1427164649,Ernest James,OR,Certified Registered Nurse Anesthetist (CRNA),I,16704.7,21470.58,147,140,https://npiregistry.cms.hhs.gov/provider-view/1427164649
1932424991,"Tennessee Cvs Pharmacy, L.L.C.",TN,Mass Immunizer Roster Biller,O,16693.89,16693.89,391,97,https://npiregistry.cms.hhs.gov/provider-view/1932424991
1881643245,Russo Robert,NY,Podiatry,I,16668.05,24489.32,469,173,https://npiregistry.cms.hhs.gov/provider-view/1881643245
1194859553,Raymond-Martimbeau Pauline,TX,Family Practice,I,16647.38,21261.91,131,26,https://npiregistry.cms.hhs.gov/provider-view/1194859553
1134222995,North Carolina Cvs Pharmacy Llc,NC,Mass Immunizer Roster Biller,O,16635.73,16635.73,275,85,https://npiregistry.cms.hhs.gov/provider-view/1134222995
1336186071,Kraatz James,MI,General Surgery,I,16628.45,21079.01,141,55,https://npiregistry.cms.hhs.gov/provider-view/1336186071
1396727954,Cochran W,NC,Plastic and Reconstructive Surgery,I,16614.06,21590.66,312,64,https://npiregistry.cms.hhs.gov/provider-view/1396727954
1942287347,Fortier George,MN,General Surgery,I,16608.17,21257.92,77,47,https://npiregistry.cms.hhs.gov/provider-view/1942287347
1871696567,North Carolina Cvs Pharmacy Llc,NC,Mass Immunizer Roster Biller,O,16607.87,16607.87,291,97,https://npiregistry.cms.hhs.gov/provider-view/1871696567
1760474514,Mccollow Kimberly,MN,Radiation Oncology,I,16606.15,20842.54,99,16,https://npiregistry.cms.hhs.gov/provider-view/1760474514
1154328656,Goravanchi Soheil,NV,Anesthesiology,I,16591.08,22471.71,119,82,https://npiregistry.cms.hhs.gov/provider-view/1154328656
1770640880,Mathew Abraham,IL,Internal Medicine,I,16589.78,20481.64,168,76,https://npiregistry.cms.hhs.gov/provider-view/1770640880
1225060155,Bothwell James,TX,Orthopedic Surgery,I,16570.2,20862.1,128,30,https://npiregistry.cms.hhs.gov/provider-view/1225060155
1174630438,Major Michael,ME,Internal Medicine,I,16566.19,20808.85,168,149,https://npiregistry.cms.hhs.gov/provider-view/1174630438
1003388067,Alabama Cvs Pharmacy Llc,AL,Mass Immunizer Roster Biller,O,16553.66,16553.66,473,106,https://npiregistry.cms.hhs.gov/provider-view/1003388067
1942352141,Tam Roland,HI,Otolaryngology,I,16547.94,22710.71,324,181,https://npiregistry.cms.hhs.gov/provider-view/1942352141
1366728305,Greiner Jason,GA,Physical Therapist in Private Practice,I,16537.3,23798.41,874,46,https://npiregistry.cms.hhs.gov/provider-view/1366728305
1598313082,Washington Cvs Pharmacy L L C,WA,Mass Immunizer Roster Biller,O,16532.3,16532.3,467,138,https://npiregistry.cms.hhs.gov/provider-view/1598313082
1811091697,"Pennsylvania Cvs Pharmacy, L.L.C.",PA,Mass Immunizer Roster Biller,O,16505.42,16505.42,367,95,https://npiregistry.cms.hhs.gov/provider-view/1811091697
1669937918,Pitts Stephanie,GA,Nurse Practitioner,I,16479.79,24687.96,430,269,https://npiregistry.cms.hhs.gov/provider-view/1669937918
1881763332,Nemirovsky Natan,PA,Psychiatry,I,16473.56,28777.99,289,84,https://npiregistry.cms.hhs.gov/provider-view/1881763332
1912967803,Boyd Gary,TX,Gastroenterology,I,16464.6,21262.67,160,117,https://npiregistry.cms.hhs.gov/provider-view/1912967803
1962423251,Winn Dixie Stores Inc,FL,Centralized Flu,O,16459.95,16459.95,472,157,https://npiregistry.cms.hhs.gov/provider-view/1962423251
1164525663,North Carolina Cvs Pharmacy Llc,NC,Mass Immunizer Roster Biller,O,16459.9,16459.9,427,95,https://npiregistry.cms.hhs.gov/provider-view/1164525663
1245251545,Winn Dixie Stores Inc,FL,Centralized Flu,O,16448.59,16448.59,956,148,https://npiregistry.cms.hhs.gov/provider-view/1245251545
1083722458,"Woodward Detroit Cvs, L.L.C.",MI,Mass Immunizer Roster Biller,O,16442.83,16442.83,506,111,https://npiregistry.cms.hhs.gov/provider-view/1083722458
1649643263,Engler Michael,MI,Physician Assistant,I,16440.91,20992.89,188,100,https://npiregistry.cms.hhs.gov/provider-view/1649643263
1205896685,Thornton Russell,MO,Family Practice,I,16430.26,28502.08,225,142,https://npiregistry.cms.hhs.gov/provider-view/1205896685
1962409052,Ziegler Michael,MI,Physical Therapist in Private Practice,I,16407.57,21325.34,841,17,https://npiregistry.cms.hhs.gov/provider-view/1962409052
1194768960,Heinsen Charles,IN,Family Practice,I,16393.43,22090.91,248,105,https://npiregistry.cms.hhs.gov/provider-view/1194768960
1972701324,Abbasi Saleha,CA,Psychiatry,I,16387.32,21844.38,183,15,https://npiregistry.cms.hhs.gov/provider-view/1972701324
1023545084,Monahan Mary Lou,AZ,Nurse Practitioner,I,16365.41,27176.84,278,212,https://npiregistry.cms.hhs.gov/provider-view/1023545084
1396787073,Sismanis Aristides,VA,Otolaryngology,I,16347.99,23256.64,265,127,https://npiregistry.cms.hhs.gov/provider-view/1396787073
1578670410,Hometown Pharmacy Inc,MI,Mass Immunizer Roster Biller,O,16346.12,16346.12,445,76,https://npiregistry.cms.hhs.gov/provider-view/1578670410
1205836780,Mohr Kim,CO,Certified Clinical Nurse Specialist,I,16339.92,24459.2,290,63,https://npiregistry.cms.hhs.gov/provider-view/1205836780
1881689933,Purcell Richard,MO,Internal Medicine,I,16293.71,23374.63,397,254,https://npiregistry.cms.hhs.gov/provider-view/1881689933
1871567677,Brooks Jason,PA,Certified Registered Nurse Anesthetist (CRNA),I,16291.67,19133.58,179,174,https://npiregistry.cms.hhs.gov/provider-view/1871567677
1326229451,Oudkerk Collie,NY,Emergency Medicine,I,16286.46,20628.46,137,105,https://npiregistry.cms.hhs.gov/provider-view/1326229451
1801859178,Robeson Brian,NC,Physician Assistant,I,16270.33,23649.27,345,129,https://npiregistry.cms.hhs.gov/provider-view/1801859178
1083779698,Smith Sharon,IL,Emergency Medicine,I,16260.43,21229.15,179,158,https://npiregistry.cms.hhs.gov/provider-view/1083779698
1659818110,Dollarhide Rachel,OK,Physician Assistant,I,16253.88,21038.56,355,201,https://npiregistry.cms.hhs.gov/provider-view/1659818110
1386808640,Groves Donald,KS,Certified Registered Nurse Anesthetist (CRNA),I,16251.69,20573.05,249,242,https://npiregistry.cms.hhs.gov/provider-view/1386808640
1639259948,Edwards Robb,WI,General Surgery,I,16250.07,20306.1,132,70,https://npiregistry.cms.hhs.gov/provider-view/1639259948
1760587505,"Connecticut Cvs Pharmacy, L.L.C.",CT,Mass Immunizer Roster Biller,O,16247.2,16247.2,1172,173,https://npiregistry.cms.hhs.gov/provider-view/1760587505
1699802686,Rozental Tatyana,NY,Anesthesiology,I,16246.86,20435.89,90,86,https://npiregistry.cms.hhs.gov/provider-view/1699802686
1356352348,Sonnheim Barbara,NJ,Licensed Clinical Social Worker,I,16240.68,21151.83,270,12,https://npiregistry.cms.hhs.gov/provider-view/1356352348
1346945755,Maldonado Slade,TX,Nurse Practitioner,I,16239.35,20434.11,211,134,https://npiregistry.cms.hhs.gov/provider-view/1346945755
1487628848,Noreika Danielle,VA,Internal Medicine,I,16199.97,20602.76,218,97,https://npiregistry.cms.hhs.gov/provider-view/1487628848
1629099932,Winn Dixie Stores Inc,FL,Centralized Flu,O,16167.88,16167.88,1150,138,https://npiregistry.cms.hhs.gov/provider-view/1629099932
1356385728,Missouri Cvs Pharmacy Llc,MO,Mass Immunizer Roster Biller,O,16154.95,16154.95,228,74,https://npiregistry.cms.hhs.gov/provider-view/1356385728
1720040751,Shakil Amer,TX,Family Practice,I,16142.45,23759.63,224,141,https://npiregistry.cms.hhs.gov/provider-view/1720040751
1659312528,Nevada Cvs Pharmacy Llc,NV,Mass Immunizer Roster Biller,O,16136.89,16136.89,287,89,https://npiregistry.cms.hhs.gov/provider-view/1659312528
1255753026,"Samson Merger Sub, Llc",FL,Mass Immunizer Roster Biller,O,16128.34,16128.34,965,139,https://npiregistry.cms.hhs.gov/provider-view/1255753026
1710023866,Taylon Alain,NE,Endocrinology,I,16123.52,31296.02,729,165,https://npiregistry.cms.hhs.gov/provider-view/1710023866
1063494037,Fleming Alicia,NY,Licensed Clinical Social Worker,I,16119.05,21114.35,223,11,https://npiregistry.cms.hhs.gov/provider-view/1063494037
1790170843,Baltazar Gabriel,NY,Anesthesiology,I,16093.38,20854.78,243,150,https://npiregistry.cms.hhs.gov/provider-view/1790170843
1740447325,Ngai Ka Ming,NY,Emergency Medicine,I,16078.02,20990.02,197,134,https://npiregistry.cms.hhs.gov/provider-view/1740447325
1730189846,Arzeno George,PR,Ophthalmology,I,16067.83,22732.88,296,52,https://npiregistry.cms.hhs.gov/provider-view/1730189846
1033421615,Helal Omar,IL,Certified Registered Nurse Anesthetist (CRNA),I,16060.91,20418.34,124,124,https://npiregistry.cms.hhs.gov/provider-view/1033421615
1093778649,Dostzada Ghulam,CA,Internal Medicine,I,16053.85,22024.68,249,68,https://npiregistry.cms.hhs.gov/provider-view/1093778649
1508926353,Lindberg Douglas,WI,Family Practice,I,16040.74,21982.43,355,217,https://npiregistry.cms.hhs.gov/provider-view/1508926353
1043241854,Bickley Gregory,OH,Anesthesiology Assistant,I,16035.05,20055.94,175,173,https://npiregistry.cms.hhs.gov/provider-view/1043241854
1790012151,Brittsan Carol,SC,Physician Assistant,I,16031.14,22256.25,223,65,https://npiregistry.cms.hhs.gov/provider-view/1790012151
1619132412,Yeremsky Robert,PA,Physical Therapist in Private Practice,I,16020.98,20108.11,814,32,https://npiregistry.cms.hhs.gov/provider-view/1619132412
1285699017,Leonardo James,PA,Hematology-Oncology,I,16020.97,22260.93,263,144,https://npiregistry.cms.hhs.gov/provider-view/1285699017
1710924188,Lischner Mark,CA,Pulmonary Disease,I,15959.22,25080.96,189,165,https://npiregistry.cms.hhs.gov/provider-view/1710924188
1619983822,Berger Joseph,NY,Obstetrics & Gynecology,I,15946.98,20687.54,255,89,https://npiregistry.cms.hhs.gov/provider-view/1619983822
1912073446,Conley Mary,NM,"Psychologist, Clinical",I,15938.95,20946.2,186,12,https://npiregistry.cms.hhs.gov/provider-view/1912073446
1033212782,Georgia Cvs Pharmacy Llc,GA,Mass Immunizer Roster Biller,O,15914.18,15914.18,327,89,https://npiregistry.cms.hhs.gov/provider-view/1033212782
1326356668,Machado Leonardo,PA,Internal Medicine,I,15880.36,22213.64,427,106,https://npiregistry.cms.hhs.gov/provider-view/1326356668
1770537573,Abrams Gary,SC,Gastroenterology,I,15879.58,21119.68,196,194,https://npiregistry.cms.hhs.gov/provider-view/1770537573
1538146840,Nazo Samir,CA,Family Practice,I,15838.36,23171.55,246,90,https://npiregistry.cms.hhs.gov/provider-view/1538146840
1568574499,"Woodward Detroit Cvs, L.L.C.",MI,Mass Immunizer Roster Biller,O,15837.55,15837.55,1207,157,https://npiregistry.cms.hhs.gov/provider-view/1568574499
1083717748,Ohio Cvs Stores Llc,OH,Mass Immunizer Roster Biller,O,15830.77,15830.77,1309,148,https://npiregistry.cms.hhs.gov/provider-view/1083717748
1669518270,Michelles Pharmacy Inc,IL,Pharmacy,O,15811.02,15811.02,246,92,https://npiregistry.cms.hhs.gov/provider-view/1669518270
1457787285,Filipovska Vera,PA,Nurse Practitioner,I,15810.42,19794.82,221,45,https://npiregistry.cms.hhs.gov/provider-view/1457787285
1811081144,Wachs Michael,CO,General Surgery,I,15806.83,19787.41,21,14,https://npiregistry.cms.hhs.gov/provider-view/1811081144
1518163120,Schmitz Rebecca,IA,Licensed Clinical Social Worker,I,15794.75,21150.33,221,13,https://npiregistry.cms.hhs.gov/provider-view/1518163120
1972978013,Best Karyn,WA,Occupational Therapist in Private Practice,I,15784.85,21274.05,666,30,https://npiregistry.cms.hhs.gov/provider-view/1972978013
1255564738,South Loop Mri Centers Inc,TX,Independent Diagnostic Testing Facility (IDTF),O,15765.44,23054.87,3763,98,https://npiregistry.cms.hhs.gov/provider-view/1255564738
1811090558,Ohio Cvs Stores Llc,OH,Mass Immunizer Roster Biller,O,15733.86,15733.86,355,85,https://npiregistry.cms.hhs.gov/provider-view/1811090558
1881799948,Sherman Arthur,NY,Psychiatry,I,15725.41,21206.01,175,12,https://npiregistry.cms.hhs.gov/provider-view/1881799948
1841265659,Schoen Jeane,IL,Registered Dietitian or Nutrition Professional,I,15711.45,20234.05,571,106,https://npiregistry.cms.hhs.gov/provider-view/1841265659
1699136176,New Iberia Medicine Shoppe Inc,LA,Pharmacy,O,15702.03,15705.75,315,118,https://npiregistry.cms.hhs.gov/provider-view/1699136176
1407898604,Garfield Beach Cvs Llc,CA,Mass Immunizer Roster Biller,O,15698.43,15698.43,1227,143,https://npiregistry.cms.hhs.gov/provider-view/1407898604
1609820968,Falla Juan,FL,Family Practice,I,15698.4,23766.23,258,122,https://npiregistry.cms.hhs.gov/provider-view/1609820968
1598807026,Rub Jeffrey,NE,Chiropractic,I,15697.49,20905.91,553,52,https://npiregistry.cms.hhs.gov/provider-view/1598807026
1679842553,Anderson Christopher,WI,Chiropractic,I,15694.98,21977.64,646,65,https://npiregistry.cms.hhs.gov/provider-view/1679842553
1831160720,Greenberg Jason,NY,Neurology,I,15691.29,19694.18,281,49,https://npiregistry.cms.hhs.gov/provider-view/1831160720
1124051081,Hissa Edwin,OH,Orthopedic Surgery,I,15672.51,21012.1,126,86,https://npiregistry.cms.hhs.gov/provider-view/1124051081
1063413086,Adams Pharmacy And Home Care Inc.,AL,Mass Immunizer Roster Biller,O,15668.24,15668.24,261,120,https://npiregistry.cms.hhs.gov/provider-view/1063413086
1154566784,Astrup Drug Inc,MN,Mass Immunizer Roster Biller,O,15668.15,15668.15,234,91,https://npiregistry.cms.hhs.gov/provider-view/1154566784
1295779569,Garfield Beach Cvs Llc,CA,Mass Immunizer Roster Biller,O,15658.22,15658.22,1013,121,https://npiregistry.cms.hhs.gov/provider-view/1295779569
1538240932,Cymrot Barbara,CA,Occupational Therapist in Private Practice,I,15653.89,22089.2,517,90,https://npiregistry.cms.hhs.gov/provider-view/1538240932
1538724349,Sarasek Megan,IL,Licensed Clinical Social Worker,I,15648.87,19640.83,291,32,https://npiregistry.cms.hhs.gov/provider-view/1538724349
1366518409,Pollard-Thomas Paula,GA,Family Practice,I,15643.83,23293.38,589,146,https://npiregistry.cms.hhs.gov/provider-view/1366518409
1205881968,Goldschmidt Ronald,CA,Family Practice,I,15643.05,19918.72,202,67,https://npiregistry.cms.hhs.gov/provider-view/1205881968
1245328400,Cioffi Joseph,NJ,Chiropractic,I,15624.45,21596.14,487,27,https://npiregistry.cms.hhs.gov/provider-view/1245328400
1598709727,Singh Vijay,TN,Family Practice,I,15614.57,22287.2,190,21,https://npiregistry.cms.hhs.gov/provider-view/1598709727
1912954041,Orth Frank,CO,Emergency Medicine,I,15609.59,22484.4,248,156,https://npiregistry.cms.hhs.gov/provider-view/1912954041
1013330547,Ledvina Kristin,IA,Certified Registered Nurse Anesthetist (CRNA),I,15607.91,19648.57,139,139,https://npiregistry.cms.hhs.gov/provider-view/1013330547
1003015140,Bauer Jenny,MN,Nurse Practitioner,I,15607.47,21563.45,429,214,https://npiregistry.cms.hhs.gov/provider-view/1003015140
1144295056,La Duca Robert,NY,Family Practice,I,15607.04,20421.52,214,67,https://npiregistry.cms.hhs.gov/provider-view/1144295056
1942275755,Heitman Christina,IA,Chiropractic,I,15602.19,21862.77,608,84,https://npiregistry.cms.hhs.gov/provider-view/1942275755
1093720674,Murray Kevin,VA,Internal Medicine,I,15596.23,20661.03,210,73,https://npiregistry.cms.hhs.gov/provider-view/1093720674
1043314867,Cvs Pharmacy Inc,TX,Mass Immunizer Roster Biller,O,15585.07,15585.07,544,103,https://npiregistry.cms.hhs.gov/provider-view/1043314867
1053862318,Waunakee Hometown Pharmacy Llc,WI,Pharmacy,O,15579.84,15579.84,277,96,https://npiregistry.cms.hhs.gov/provider-view/1053862318
1730756461,Leslie William,MI,Nurse Practitioner,I,15579.64,22122.56,336,122,https://npiregistry.cms.hhs.gov/provider-view/1730756461
1336134071,Deutmeyer David,TX,Anesthesiology,I,15558.68,20739.32,181,156,https://npiregistry.cms.hhs.gov/provider-view/1336134071
1710441100,"Publix Super Markets, Inc.",FL,Centralized Flu,O,15554.89,15554.89,258,104,https://npiregistry.cms.hhs.gov/provider-view/1710441100
1972524346,Winn Dixie Stores Inc,FL,Centralized Flu,O,15533.59,15533.59,568,122,https://npiregistry.cms.hhs.gov/provider-view/1972524346
1386736627,Verica Christopher,PA,Nurse Practitioner,I,15531.44,22271.05,354,94,https://npiregistry.cms.hhs.gov/provider-view/1386736627
1235237975,Broomfield James,NE,Family Practice,I,15508.97,28957.0,219,96,https://npiregistry.cms.hhs.gov/provider-view/1235237975
1093818775,North Carolina Cvs Pharmacy Llc,NC,Mass Immunizer Roster Biller,O,15496.42,15496.42,340,88,https://npiregistry.cms.hhs.gov/provider-view/1093818775
1124220165,O'connor Terrence,OR,Emergency Medicine,I,15491.07,21621.34,189,152,https://npiregistry.cms.hhs.gov/provider-view/1124220165
1487757258,"Highland Park Cvs, L.L.C.",IL,Mass Immunizer Roster Biller,O,15475.84,15475.84,261,97,https://npiregistry.cms.hhs.gov/provider-view/1487757258
1598866428,Medina Richard,NJ,Gastroenterology,I,15475.36,22137.93,176,71,https://npiregistry.cms.hhs.gov/provider-view/1598866428
1922151349,Romano Robert,MA,"Psychologist, Clinical",I,15464.21,19778.15,133,11,https://npiregistry.cms.hhs.gov/provider-view/1922151349
1013947324,Sands James,CA,Family Practice,I,15437.8,22627.85,273,66,https://npiregistry.cms.hhs.gov/provider-view/1013947324
1124046859,Moran Christopher,MO,Diagnostic Radiology,I,15434.03,19283.5,102,14,https://npiregistry.cms.hhs.gov/provider-view/1124046859
1841234119,Garfield Beach Cvs Llc,CA,Mass Immunizer Roster Biller,O,15433.68,15433.68,568,100,https://npiregistry.cms.hhs.gov/provider-view/1841234119
1598714602,Maccourt Duncan,MA,Psychiatry,I,15429.85,19309.81,186,66,https://npiregistry.cms.hhs.gov/provider-view/1598714602
1841299799,Williams Teresa,PA,"Psychologist, Clinical",I,15413.35,20353.86,217,20,https://npiregistry.cms.hhs.gov/provider-view/1841299799
1144266297,Nevada Cvs Pharmacy Llc,NV,Mass Immunizer Roster Biller,O,15365.04,15365.04,524,99,https://npiregistry.cms.hhs.gov/provider-view/1144266297
1730174665,Copeland Robert,GA,Cardiology,I,15362.22,21608.28,2736,1504,https://npiregistry.cms.hhs.gov/provider-view/1730174665
1972594539,Green Arthur,GA,Internal Medicine,I,15359.46,27160.6,483,101,https://npiregistry.cms.hhs.gov/provider-view/1972594539
1841217478,Johns Deborah,MO,Certified Registered Nurse Anesthetist (CRNA),I,15352.94,18271.87,126,126,https://npiregistry.cms.hhs.gov/provider-view/1841217478
1356303531,Furtado Joseph,MA,Nurse Practitioner,I,15334.9,19397.33,213,159,https://npiregistry.cms.hhs.gov/provider-view/1356303531
1902995905,Valdez Natalie,FL,Anesthesiology,I,15322.21,19302.95,76,67,https://npiregistry.cms.hhs.gov/provider-view/1902995905
1992809875,Holiday Cvs Llc,FL,Mass Immunizer Roster Biller,O,15317.32,15317.32,467,97,https://npiregistry.cms.hhs.gov/provider-view/1992809875
1770070906,Tye Erik,CA,Orthopedic Surgery,I,15295.09,19196.86,116,107,https://npiregistry.cms.hhs.gov/provider-view/1770070906
1629180344,Gandhi Kirit,NJ,Internal Medicine,I,15262.52,19565.41,210,41,https://npiregistry.cms.hhs.gov/provider-view/1629180344
1851359418,Lagoduke Nikolai,PA,Internal Medicine,I,15220.37,23419.24,288,266,https://npiregistry.cms.hhs.gov/provider-view/1851359418
1124363791,Smythe Jared,NY,Chiropractic,I,15219.73,21340.65,554,55,https://npiregistry.cms.hhs.gov/provider-view/1124363791
1750056321,Phillips Susan,TX,Nurse Practitioner,I,15215.33,22705.49,407,358,https://npiregistry.cms.hhs.gov/provider-view/1750056321
1144367913,Dane Samantha,CT,Emergency Medicine,I,15194.12,18946.26,182,87,https://npiregistry.cms.hhs.gov/provider-view/1144367913
1538587399,Neessen Kori,CO,Emergency Medicine,I,15176.18,19146.16,187,119,https://npiregistry.cms.hhs.gov/provider-view/1538587399
1851382964,Mccauley Thomas,RI,Ophthalmology,I,15170.65,26466.75,312,194,https://npiregistry.cms.hhs.gov/provider-view/1851382964
1750436556,Berge Steven,MI,Physician Assistant,I,15166.95,18094.34,208,134,https://npiregistry.cms.hhs.gov/provider-view/1750436556
1326364860,Kirkova Yordanka,DC,Hospice and Palliative Care,I,15131.37,19556.27,142,80,https://npiregistry.cms.hhs.gov/provider-view/1326364860
1861038523,Williams Sylvester,KY,Nurse Practitioner,I,15110.58,21452.07,428,255,https://npiregistry.cms.hhs.gov/provider-view/1861038523
1790706091,Winn Dixie Stores Inc,FL,Centralized Flu,O,15094.36,15094.36,1070,147,https://npiregistry.cms.hhs.gov/provider-view/1790706091
1639174527,Finch Dana,OR,Nurse Practitioner,I,15088.57,26869.33,319,201,https://npiregistry.cms.hhs.gov/provider-view/1639174527
1902820954,Haggerty Phillip,TN,Anesthesiology,I,15076.69,20055.84,171,79,https://npiregistry.cms.hhs.gov/provider-view/1902820954
1891793113,Sachs Ira,PA,Orthopedic Surgery,I,15070.34,23614.56,956,70,https://npiregistry.cms.hhs.gov/provider-view/1891793113
1851315055,Hamme Larry,OH,"Psychologist, Clinical",I,15053.51,19852.57,140,13,https://npiregistry.cms.hhs.gov/provider-view/1851315055
1194828806,Ohio Cvs Stores Llc,OH,Mass Immunizer Roster Biller,O,15049.58,15049.58,287,72,https://npiregistry.cms.hhs.gov/provider-view/1194828806
1013010479,Ohio Cvs Stores Llc,OH,Mass Immunizer Roster Biller,O,15024.24,15024.24,233,75,https://npiregistry.cms.hhs.gov/provider-view/1013010479
1891797346,Karl Diane,OR,Endocrinology,I,15020.3,21047.59,283,61,https://npiregistry.cms.hhs.gov/provider-view/1891797346
1164477584,Martinez-Mercado Felix,KS,Psychiatry,I,15020.19,21426.3,175,33,https://npiregistry.cms.hhs.gov/provider-view/1164477584
1003915307,Cvs Pharmacy Inc,MA,Mass Immunizer Roster Biller,O,15020.0,15020.0,1037,161,https://npiregistry.cms.hhs.gov/provider-view/1003915307
1215397476,Cvs Pharmacy Inc,TX,Mass Immunizer Roster Biller,O,15008.34,15008.34,391,85,https://npiregistry.cms.hhs.gov/provider-view/1215397476
1194365304,Payne Daniel,NY,Certified Registered Nurse Anesthetist (CRNA),I,15006.42,18831.95,86,85,https://npiregistry.cms.hhs.gov/provider-view/1194365304
1366969800,Cvs Albany Llc,NY,Mass Immunizer Roster Biller,O,14980.82,14980.82,211,80,https://npiregistry.cms.hhs.gov/provider-view/1366969800
1417976028,Moore Danny,MS,Internal Medicine,I,14978.2,18799.39,204,83,https://npiregistry.cms.hhs.gov/provider-view/1417976028
1326269655,Stam John,MI,Hospitalist,I,14974.04,20000.73,129,127,https://npiregistry.cms.hhs.gov/provider-view/1326269655
1730129792,Stellabotte Joseph,PA,Internal Medicine,I,14967.68,27074.36,393,179,https://npiregistry.cms.hhs.gov/provider-view/1730129792
1184611824,Sorinolu-Famuyiwa Maria,NC,Certified Registered Nurse Anesthetist (CRNA),I,14951.09,19526.55,162,159,https://npiregistry.cms.hhs.gov/provider-view/1184611824
1427055631,Nguyen Hai,CA,Internal Medicine,I,14936.43,21570.27,202,43,https://npiregistry.cms.hhs.gov/provider-view/1427055631
1912956376,Peterson Dale,WA,Emergency Medicine,I,14933.12,20072.41,269,186,https://npiregistry.cms.hhs.gov/provider-view/1912956376
1255583332,Arnold Arthur,FL,General Practice,I,14924.31,19834.1,341,57,https://npiregistry.cms.hhs.gov/provider-view/1255583332
1295833267,Sayers Mary,IL,Licensed Clinical Social Worker,I,14913.2,20026.07,190,14,https://npiregistry.cms.hhs.gov/provider-view/1295833267
1902930738,Kopiec-Levine Esther,NY,Physician Assistant,I,14907.06,22494.0,390,100,https://npiregistry.cms.hhs.gov/provider-view/1902930738
1124094396,Neracker Michel,NY,Physician Assistant,I,14900.56,21150.8,946,129,https://npiregistry.cms.hhs.gov/provider-view/1124094396
1851388391,Koepke Keith,OH,Internal Medicine,I,14883.94,23120.51,339,91,https://npiregistry.cms.hhs.gov/provider-view/1851388391
1902941818,Parker Drug Company,NC,Pharmacy,O,14883.08,14883.08,447,147,https://npiregistry.cms.hhs.gov/provider-view/1902941818
1043219363,Levinson Bradley,PA,Gastroenterology,I,14789.78,18897.61,93,43,https://npiregistry.cms.hhs.gov/provider-view/1043219363
1376582825,Gehman Donald,PA,Chiropractic,I,14786.19,20565.33,501,50,https://npiregistry.cms.hhs.gov/provider-view/1376582825
1861595589,"Alabama Cvs Pharmacy, L.L.C.",AL,Mass Immunizer Roster Biller,O,14766.25,14766.25,340,82,https://npiregistry.cms.hhs.gov/provider-view/1861595589
1104847409,Winn Dixie Stores Inc,FL,Centralized Flu,O,14750.75,14750.75,1142,130,https://npiregistry.cms.hhs.gov/provider-view/1104847409
1609970532,"Georgia Cvs Pharmacy, L.L.C.",GA,Mass Immunizer Roster Biller,O,14711.42,14711.42,290,87,https://npiregistry.cms.hhs.gov/provider-view/1609970532
1134112220,Bullen James,MI,Internal Medicine,I,14694.13,27877.93,990,794,https://npiregistry.cms.hhs.gov/provider-view/1134112220
1578629655,Mirzadzhanov Igor,NY,Physical Therapist in Private Practice,I,14692.61,19470.05,890,25,https://npiregistry.cms.hhs.gov/provider-view/1578629655
1972276350,Tran Tam,IL,Optometry,I,14675.08,21688.32,531,115,https://npiregistry.cms.hhs.gov/provider-view/1972276350
1386864254,Elkaramany Hany,MN,Internal Medicine,I,14666.17,19263.93,118,116,https://npiregistry.cms.hhs.gov/provider-view/1386864254
1184645467,Winn Dixie Stores Inc,AL,Centralized Flu,O,14652.92,14652.92,804,131,https://npiregistry.cms.hhs.gov/provider-view/1184645467
1275631814,Cvs Albany Llc,NY,Mass Immunizer Roster Biller,O,14645.49,14645.49,316,79,https://npiregistry.cms.hhs.gov/provider-view/1275631814
1669455002,Oda Yoshio,HI,Internal Medicine,I,14633.98,22006.61,162,41,https://npiregistry.cms.hhs.gov/provider-view/1669455002
1255352019,Curchin Thomas,VT,Family Practice,I,14621.77,25934.76,282,205,https://npiregistry.cms.hhs.gov/provider-view/1255352019
1245213180,Fitzgibbon Leo,PA,Thoracic Surgery,I,14611.13,18297.87,40,24,https://npiregistry.cms.hhs.gov/provider-view/1245213180
1316041395,Holiday Cvs Llc,FL,Mass Immunizer Roster Biller,O,14596.12,14596.12,560,121,https://npiregistry.cms.hhs.gov/provider-view/1316041395
1346383239,Staffeld Karen,ME,Licensed Clinical Social Worker,I,14593.94,19578.41,199,13,https://npiregistry.cms.hhs.gov/provider-view/1346383239
1487661930,Lee Bumyong,IL,Psychiatry,I,14586.96,22480.59,201,69,https://npiregistry.cms.hhs.gov/provider-view/1487661930
1285395210,"Virginia Cvs Pharmacy, L.L.C.",VA,Mass Immunizer Roster Biller,O,14586.35,14586.35,335,82,https://npiregistry.cms.hhs.gov/provider-view/1285395210
1417159641,Stotler Michal,CO,Internal Medicine,I,14584.21,18507.87,150,72,https://npiregistry.cms.hhs.gov/provider-view/1417159641
1780645044,Smith Paul,AL,Internal Medicine,I,14581.52,25306.5,262,54,https://npiregistry.cms.hhs.gov/provider-view/1780645044
1518552470,Cvs Albany Llc,NY,Mass Immunizer Roster Biller,O,14549.53,14549.53,209,65,https://npiregistry.cms.hhs.gov/provider-view/1518552470
1497775027,Mona James,MN,Emergency Medicine,I,14545.5,19510.32,369,189,https://npiregistry.cms.hhs.gov/provider-view/1497775027
1639782030,Santos Claudio,NY,Nurse Practitioner,I,14521.23,20028.98,562,40,https://npiregistry.cms.hhs.gov/provider-view/1639782030
1326017195,Miller Otto,TX,Cardiac Surgery,I,14504.81,18455.96,46,33,https://npiregistry.cms.hhs.gov/provider-view/1326017195
1811091713,Holiday Cvs Llc,FL,Mass Immunizer Roster Biller,O,14493.19,14493.19,445,100,https://npiregistry.cms.hhs.gov/provider-view/1811091713
1891460358,Cvs Pharmacy Inc,CO,Mass Immunizer Roster Biller,O,14488.18,14488.18,266,89,https://npiregistry.cms.hhs.gov/provider-view/1891460358
1669766069,Sanders Ellen,GA,Family Practice,I,14462.64,16186.44,875,173,https://npiregistry.cms.hhs.gov/provider-view/1669766069
1144211657,Jackson Robert,CO,Chiropractic,I,14441.92,20107.73,508,53,https://npiregistry.cms.hhs.gov/provider-view/1144211657
1689920605,Lopez Ramos Yanira,NY,Emergency Medicine,I,14438.89,18880.42,140,102,https://npiregistry.cms.hhs.gov/provider-view/1689920605
1487676862,Ambrose John,MA,Certified Registered Nurse Anesthetist (CRNA),I,14431.45,17658.07,179,176,https://npiregistry.cms.hhs.gov/provider-view/1487676862
1346284791,Longs Drug Stores California Llc,CA,Mass Immunizer Roster Biller,O,14406.73,14406.73,1116,140,https://npiregistry.cms.hhs.gov/provider-view/1346284791
1770541773,Tornatore Frank,CA,"Psychologist, Clinical",I,14392.09,18621.91,125,20,https://npiregistry.cms.hhs.gov/provider-view/1770541773
1982760195,Siller James,CA,Chiropractic,I,14378.57,20411.26,498,59,https://npiregistry.cms.hhs.gov/provider-view/1982760195
1124121850,"Alabama Cvs Pharmacy, L.L.C.",AL,Mass Immunizer Roster Biller,O,14371.94,14371.94,349,87,https://npiregistry.cms.hhs.gov/provider-view/1124121850
1477787927,"Cvs Pharmacy, Inc.",TX,Mass Immunizer Roster Biller,O,14371.03,14371.03,1186,139,https://npiregistry.cms.hhs.gov/provider-view/1477787927
1033761788,"Pennsylvania Cvs Pharmacy, Llc",PA,Mass Immunizer Roster Biller,O,14369.23,14369.23,250,64,https://npiregistry.cms.hhs.gov/provider-view/1033761788
1790781045,Parrish W.,NH,Chiropractic,I,14334.8,19972.48,386,28,https://npiregistry.cms.hhs.gov/provider-view/1790781045
1033468319,Cappell Joan,FL,Nurse Practitioner,I,14322.97,19521.45,210,35,https://npiregistry.cms.hhs.gov/provider-view/1033468319
1063685717,Iroetugo Innocent,SC,Internal Medicine,I,14316.31,18226.74,162,97,https://npiregistry.cms.hhs.gov/provider-view/1063685717
1982745477,Lamas Drug Inc,MA,Mass Immunizer Roster Biller,O,14305.34,14305.34,236,110,https://npiregistry.cms.hhs.gov/provider-view/1982745477
1538768981,Dahlen Heather,FL,Nurse Practitioner,I,14298.21,18242.21,135,87,https://npiregistry.cms.hhs.gov/provider-view/1538768981
1700828613,Ellis George,LA,Ophthalmology,I,14289.86,18473.88,190,45,https://npiregistry.cms.hhs.gov/provider-view/1700828613
1790707321,Winn Dixie Stores Inc,FL,Centralized Flu,O,14285.48,14285.48,904,117,https://npiregistry.cms.hhs.gov/provider-view/1790707321
1962832428,Lenz Patricia,NE,Nurse Practitioner,I,14283.08,21040.24,328,104,https://npiregistry.cms.hhs.gov/provider-view/1962832428
1770686412,"Alabama Cvs Pharmacy, L.L.C.",AL,Mass Immunizer Roster Biller,O,14282.9,14282.9,188,66,https://npiregistry.cms.hhs.gov/provider-view/1770686412
1437403565,Cvs Pharmacy Inc,TX,Mass Immunizer Roster Biller,O,14261.35,14261.35,1199,128,https://npiregistry.cms.hhs.gov/provider-view/1437403565
1376819276,Duff Eric,NM,Licensed Clinical Social Worker,I,14258.6,19453.23,250,14,https://npiregistry.cms.hhs.gov/provider-view/1376819276
1295185726,Coulter Armanda,TX,Licensed Clinical Social Worker,I,14251.66,17887.56,256,44,https://npiregistry.cms.hhs.gov/provider-view/1295185726
1164412607,Brun Erwin,DC,Pathology,I,14220.48,17891.05,625,56,https://npiregistry.cms.hhs.gov/provider-view/1164412607
1023029261,Tempey Damon,MI,"Psychologist, Clinical",I,14215.79,18977.46,154,13,https://npiregistry.cms.hhs.gov/provider-view/1023029261
1528069085,Wnuk William,NY,Internal Medicine,I,14209.95,17784.04,314,148,https://npiregistry.cms.hhs.gov/provider-view/1528069085
1356393508,Decastro Oscar,NY,Cardiology,I,14204.13,19087.12,234,51,https://npiregistry.cms.hhs.gov/provider-view/1356393508
1447447453,Publix Alabama Llc,AL,Centralized Flu,O,14156.07,14156.07,210,83,https://npiregistry.cms.hhs.gov/provider-view/1447447453
1598783722,Kasofsky Martin,OH,Internal Medicine,I,14155.64,19042.45,201,136,https://npiregistry.cms.hhs.gov/provider-view/1598783722
1063571479,Holst Louis,TX,Family Practice,I,14143.2,19946.03,193,61,https://npiregistry.cms.hhs.gov/provider-view/1063571479
1639170681,Nugent Patricia,CT,Physician Assistant,I,14141.04,19822.65,249,137,https://npiregistry.cms.hhs.gov/provider-view/1639170681
1821657891,"Samson Merger Sub, Llc",GA,Mass Immunizer Roster Biller,O,14120.03,14120.03,985,100,https://npiregistry.cms.hhs.gov/provider-view/1821657891
1013991207,Rangaswamy Prabhakaran,NJ,Psychiatry,I,14090.94,20299.71,393,43,https://npiregistry.cms.hhs.gov/provider-view/1013991207
1356491161,Rosenblatt Solon,CO,Orthopedic Surgery,I,14088.71,17767.28,27,17,https://npiregistry.cms.hhs.gov/provider-view/1356491161
1679189617,Laughlin Mikayla,GA,Anesthesiology Assistant,I,14050.25,17602.38,171,169,https://npiregistry.cms.hhs.gov/provider-view/1679189617
1891736104,Krisciunas Victor,OR,Family Practice,I,14041.95,23334.0,352,136,https://npiregistry.cms.hhs.gov/provider-view/1891736104
1003836255,Orme James,UT,Critical Care (Intensivists),I,14020.97,17937.93,134,69,https://npiregistry.cms.hhs.gov/provider-view/1003836255
1649213083,Nolen John,AR,Family Practice,I,13960.74,25834.3,481,128,https://npiregistry.cms.hhs.gov/provider-view/1649213083
1598735912,Swanson Thomas,CA,Optometry,I,13959.06,24517.78,273,128,https://npiregistry.cms.hhs.gov/provider-view/1598735912
1609494178,Virginia Cvs Pharmacy Llc,VA,Mass Immunizer Roster Biller,O,13957.52,13957.52,198,71,https://npiregistry.cms.hhs.gov/provider-view/1609494178
1437117538,Versich Mark,MN,Family Practice,I,13944.68,21202.7,243,87,https://npiregistry.cms.hhs.gov/provider-view/1437117538
1871102541,Zeb Abby,MO,Nurse Practitioner,I,13942.67,19179.7,272,137,https://npiregistry.cms.hhs.gov/provider-view/1871102541
1154621928,Desmarais Bryan,MA,Physician Assistant,I,13941.6,21618.45,997,129,https://npiregistry.cms.hhs.gov/provider-view/1154621928
1881664233,Dunn Nancy,MA,Certified Registered Nurse Anesthetist (CRNA),I,13940.92,17389.31,184,180,https://npiregistry.cms.hhs.gov/provider-view/1881664233
1255767513,Glaze Nicholas,TX,Nurse Practitioner,I,13909.52,19900.32,399,169,https://npiregistry.cms.hhs.gov/provider-view/1255767513
1376996967,Jeong Paul,VA,Hospitalist,I,13906.82,17809.23,152,99,https://npiregistry.cms.hhs.gov/provider-view/1376996967
1720152234,Rank Aaron,TN,Anesthesiology,I,13903.13,17694.14,134,72,https://npiregistry.cms.hhs.gov/provider-view/1720152234
1871514166,Winn Dixie Stores Inc,FL,Centralized Flu,O,13877.27,13877.27,634,124,https://npiregistry.cms.hhs.gov/provider-view/1871514166
1992166623,Rayne Medicine Shoppe Inc,LA,Pharmacy,O,13870.68,13881.84,713,103,https://npiregistry.cms.hhs.gov/provider-view/1992166623
1841686581,1st America Infusion Services Llc,MS,Home Infusion Therapy Services,O,13861.46,17616.82,754,12,https://npiregistry.cms.hhs.gov/provider-view/1841686581
1003837311,Winn Dixie Stores Inc,FL,Centralized Flu,O,13859.75,13859.75,817,121,https://npiregistry.cms.hhs.gov/provider-view/1003837311
1205012960,Reddy Venkataramana,CA,Hospitalist,I,13853.2,17387.6,156,34,https://npiregistry.cms.hhs.gov/provider-view/1205012960
1104862879,Duggan David,NY,Hematology-Oncology,I,13851.48,17512.09,222,57,https://npiregistry.cms.hhs.gov/provider-view/1104862879
1184867327,Cvs Pharmacy Inc,TX,Mass Immunizer Roster Biller,O,13825.96,13825.96,236,71,https://npiregistry.cms.hhs.gov/provider-view/1184867327
1336113455,Hogg Cindy,TN,Nurse Practitioner,I,13824.28,18454.03,273,220,https://npiregistry.cms.hhs.gov/provider-view/1336113455
1477886729,Ali Rose,NY,Nurse Practitioner,I,13793.18,19562.11,224,206,https://npiregistry.cms.hhs.gov/provider-view/1477886729
1821054032,Juriga Barbara,PA,Cardiology,I,13790.53,18323.7,272,148,https://npiregistry.cms.hhs.gov/provider-view/1821054032
1588787006,Lane Brian,MI,Urology,I,13762.39,18126.86,336,49,https://npiregistry.cms.hhs.gov/provider-view/1588787006
1013097500,Braunschweig Ira,NY,Hematology-Oncology,I,13761.58,18184.33,156,69,https://npiregistry.cms.hhs.gov/provider-view/1013097500
1528161379,"Georgia Cvs Pharmacy, L.L.C.",GA,Mass Immunizer Roster Biller,O,13727.5,13727.5,356,73,https://npiregistry.cms.hhs.gov/provider-view/1528161379
1639191984,Mitchell Edith,PA,Medical Oncology,I,13725.39,19167.28,166,60,https://npiregistry.cms.hhs.gov/provider-view/1639191984
1366463655,Winn Dixie Stores Inc,AL,Centralized Flu,O,13718.48,13718.48,1086,134,https://npiregistry.cms.hhs.gov/provider-view/1366463655
1881794295,Atwood Peggy,OK,Physician Assistant,I,13717.42,22504.78,323,67,https://npiregistry.cms.hhs.gov/provider-view/1881794295
1083996599,Summerville Anita,MI,Physician Assistant,I,13715.95,18096.54,262,141,https://npiregistry.cms.hhs.gov/provider-view/1083996599
1659474492,Ohio Cvs Stores Llc,OH,Mass Immunizer Roster Biller,O,13713.56,13713.56,191,71,https://npiregistry.cms.hhs.gov/provider-view/1659474492
1962423343,Winn Dixie Stores Inc,GA,Centralized Flu,O,13700.68,13700.68,751,111,https://npiregistry.cms.hhs.gov/provider-view/1962423343
1477984847,Taub Tracy,MI,Licensed Clinical Social Worker,I,13696.9,17851.31,178,16,https://npiregistry.cms.hhs.gov/provider-view/1477984847
1366490526,Puras Baez Antonio,PR,Urology,I,13696.67,18715.88,143,67,https://npiregistry.cms.hhs.gov/provider-view/1366490526
1124131198,Roman Arlene,MI,Psychiatry,I,13696.61,17687.82,212,11,https://npiregistry.cms.hhs.gov/provider-view/1124131198
1396732582,Cohn Felicia.,NY,Licensed Clinical Social Worker,I,13684.18,17410.08,211,11,https://npiregistry.cms.hhs.gov/provider-view/1396732582
1396781498,Docyk Stanley,NY,Emergency Medicine,I,13678.68,17964.51,191,177,https://npiregistry.cms.hhs.gov/provider-view/1396781498
1821364548,Iyer Venkataraman,PA,Anesthesiology,I,13652.43,17141.59,187,139,https://npiregistry.cms.hhs.gov/provider-view/1821364548
1174675664,Crausman Burt,CA,"Psychologist, Clinical",I,13650.72,17656.72,114,12,https://npiregistry.cms.hhs.gov/provider-view/1174675664
1255374013,Longs Drug Stores California Llc,CA,Mass Immunizer Roster Biller,O,13647.25,13647.25,952,135,https://npiregistry.cms.hhs.gov/provider-view/1255374013
1538133681,Pino John,TN,Optometry,I,13645.23,21904.38,742,158,https://npiregistry.cms.hhs.gov/provider-view/1538133681
1467452615,Link Steven,NY,Certified Registered Nurse Anesthetist (CRNA),I,13642.71,17169.72,71,70,https://npiregistry.cms.hhs.gov/provider-view/1467452615
1225066616,Chase Connor,TX,Family Practice,I,13642.51,17290.39,266,52,https://npiregistry.cms.hhs.gov/provider-view/1225066616
1124077615,Maniatis Theodore,NY,Pulmonary Disease,I,13635.01,20690.35,165,103,https://npiregistry.cms.hhs.gov/provider-view/1124077615
1306949052,Holiday Cvs Llc,FL,Mass Immunizer Roster Biller,O,13611.18,13611.18,410,89,https://npiregistry.cms.hhs.gov/provider-view/1306949052
1992768576,Leung Yan,CA,Endocrinology,I,13610.5,19771.48,134,74,https://npiregistry.cms.hhs.gov/provider-view/1992768576
1710915046,Stancil John,OH,Chiropractic,I,13603.59,18036.91,474,35,https://npiregistry.cms.hhs.gov/provider-view/1710915046
1487894614,Callahan Margaret,MA,Certified Clinical Nurse Specialist,I,13602.22,21452.96,230,64,https://npiregistry.cms.hhs.gov/provider-view/1487894614
1831733161,Johnson Nicholas,FL,Physical Therapist in Private Practice,I,13597.86,17215.74,651,24,https://npiregistry.cms.hhs.gov/provider-view/1831733161
1164901039,Richard-Azinord Erlande,GA,Nurse Practitioner,I,13597.66,17673.19,225,67,https://npiregistry.cms.hhs.gov/provider-view/1164901039
1558365288,Voter Eric,WI,Emergency Medicine,I,13576.87,20008.89,166,157,https://npiregistry.cms.hhs.gov/provider-view/1558365288
1881799617,District Of Columbia Cvs Pharmacy Llc,DC,Mass Immunizer Roster Biller,O,13576.51,13576.51,235,70,https://npiregistry.cms.hhs.gov/provider-view/1881799617
1457434433,Nelson Howard,PA,Podiatry,I,13569.07,20068.08,295,53,https://npiregistry.cms.hhs.gov/provider-view/1457434433
1215962352,Mcclung Robert,TX,Psychiatry,I,13566.68,17401.69,213,31,https://npiregistry.cms.hhs.gov/provider-view/1215962352
1770506479,Wilkes Shelby,GA,Ophthalmology,I,13558.27,18657.27,209,75,https://npiregistry.cms.hhs.gov/provider-view/1770506479
1386691608,Lonetta Christopher,FL,Certified Registered Nurse Anesthetist (CRNA),I,13551.07,16980.51,107,102,https://npiregistry.cms.hhs.gov/provider-view/1386691608
1982707642,West Virginia Cvs Pharmacy Llc,WV,Mass Immunizer Roster Biller,O,13532.95,13532.95,252,84,https://npiregistry.cms.hhs.gov/provider-view/1982707642
1689636219,Florida Outpatient Surgery Center Ltd,FL,Ambulatory Surgical Center,O,13522.71,17441.88,218,15,https://npiregistry.cms.hhs.gov/provider-view/1689636219
1730249046,Poe Steven,TN,Certified Registered Nurse Anesthetist (CRNA),I,13516.69,17206.28,102,94,https://npiregistry.cms.hhs.gov/provider-view/1730249046
1568772812,Hayes Gayle,NY,Licensed Clinical Social Worker,I,13511.8,18684.14,297,45,https://npiregistry.cms.hhs.gov/provider-view/1568772812
1104894898,Jones Peter,PA,Certified Registered Nurse Anesthetist (CRNA),I,13501.89,16625.28,244,243,https://npiregistry.cms.hhs.gov/provider-view/1104894898
1972090900,Nour Ahmed,NY,Hospitalist,I,13499.19,17322.74,208,74,https://npiregistry.cms.hhs.gov/provider-view/1972090900
1790713642,Levens Jack,TX,Licensed Clinical Social Worker,I,13498.94,19024.54,193,12,https://npiregistry.cms.hhs.gov/provider-view/1790713642
1992987358,Fondal Maria,GA,Rheumatology,I,13495.42,18592.06,168,67,https://npiregistry.cms.hhs.gov/provider-view/1992987358
1477529774,Gallentine Sandra,NE,Anesthesiology,I,13491.93,16850.24,180,80,https://npiregistry.cms.hhs.gov/provider-view/1477529774
1568911873,Reilly Jennifer,NY,Nurse Practitioner,I,13483.38,16952.16,270,176,https://npiregistry.cms.hhs.gov/provider-view/1568911873
1942373980,Woodard Charles,LA,Cardiology,I,13482.35,19460.69,326,130,https://npiregistry.cms.hhs.gov/provider-view/1942373980
1144396912,Bezon Dan,NH,Chiropractic,I,13480.9,19822.34,508,70,https://npiregistry.cms.hhs.gov/provider-view/1144396912
1871696393,Georgia Cvs Pharmacy Llc,GA,Mass Immunizer Roster Biller,O,13477.85,13477.85,337,89,https://npiregistry.cms.hhs.gov/provider-view/1871696393
1366428989,Knauss Jeffrey,PA,"Psychologist, Clinical",I,13470.42,16853.76,136,21,https://npiregistry.cms.hhs.gov/provider-view/1366428989
1922365329,Ohio Cvs Stores Llc,OH,Mass Immunizer Roster Biller,O,13460.81,13460.81,290,78,https://npiregistry.cms.hhs.gov/provider-view/1922365329
1861574451,Smart John,KY,Family Practice,I,13447.41,17843.73,253,80,https://npiregistry.cms.hhs.gov/provider-view/1861574451
1174834394,Peterson Michael,UT,Diagnostic Radiology,I,13444.85,18281.43,456,357,https://npiregistry.cms.hhs.gov/provider-view/1174834394
1811987274,Stamp William,OH,Chiropractic,I,13443.75,20468.62,816,117,https://npiregistry.cms.hhs.gov/provider-view/1811987274
1093700213,Abrokwah Samuel,NY,Anesthesiology,I,13438.07,17100.52,52,52,https://npiregistry.cms.hhs.gov/provider-view/1093700213
1952404014,Cvs Albany Llc,NY,Mass Immunizer Roster Biller,O,13424.22,13424.22,1083,164,https://npiregistry.cms.hhs.gov/provider-view/1952404014
1134160005,Highland Park Cvs Llc,IL,Mass Immunizer Roster Biller,O,13404.7,13404.7,1003,126,https://npiregistry.cms.hhs.gov/provider-view/1134160005
1801885280,Meyerrose Gary,TN,Cardiology,I,13384.67,17383.38,125,30,https://npiregistry.cms.hhs.gov/provider-view/1801885280
1568436137,Rana Shamsuddin,NY,Pulmonary Disease,I,13384.19,17874.33,252,125,https://npiregistry.cms.hhs.gov/provider-view/1568436137
1942267307,O'neill John,MI,Certified Registered Nurse Anesthetist (CRNA),I,13378.42,16917.7,133,122,https://npiregistry.cms.hhs.gov/provider-view/1942267307
1174544480,Winn Dixie Stores Inc,FL,Centralized Flu,O,13376.07,13376.07,862,101,https://npiregistry.cms.hhs.gov/provider-view/1174544480
1477081743,"Lewis Family Drug, Llc",SD,Mass Immunizer Roster Biller,O,13346.74,13346.74,150,38,https://npiregistry.cms.hhs.gov/provider-view/1477081743
1932120300,Winn Dixie Stores Inc,FL,Centralized Flu,O,13341.54,13341.54,695,103,https://npiregistry.cms.hhs.gov/provider-view/1932120300
1477519817,Wilson Barclay,PA,Family Practice,I,13341.49,23668.49,399,79,https://npiregistry.cms.hhs.gov/provider-view/1477519817
1063941649,Melot Joshua,PA,Internal Medicine,I,13334.36,16675.57,165,90,https://npiregistry.cms.hhs.gov/provider-view/1063941649
1013938315,Winn Dixie Stores Inc,FL,Centralized Flu,O,13321.9,13321.9,294,93,https://npiregistry.cms.hhs.gov/provider-view/1013938315
1578559431,Niles Christopher,TX,Anesthesiology,I,13321.38,16700.53,213,186,https://npiregistry.cms.hhs.gov/provider-view/1578559431
1578070561,Williams Claudia,VT,Nurse Practitioner,I,13318.89,17082.22,214,99,https://npiregistry.cms.hhs.gov/provider-view/1578070561
1710952601,Lewin Steven,MI,Diagnostic Radiology,I,13309.96,18327.05,167,149,https://npiregistry.cms.hhs.gov/provider-view/1710952601
1396798641,Kropf David,MO,Otolaryngology,I,13297.71,19136.47,291,184,https://npiregistry.cms.hhs.gov/provider-view/1396798641
1346262227,Moadel Sara,FL,Licensed Clinical Social Worker,I,13294.2,16911.64,221,11,https://npiregistry.cms.hhs.gov/provider-view/1346262227
1164585782,Cvs Pharmacy Inc,TX,Mass Immunizer Roster Biller,O,13284.04,13284.04,637,118,https://npiregistry.cms.hhs.gov/provider-view/1164585782
1033157557,Makkapati Brahmananda,IA,Psychiatry,I,13245.5,19216.22,221,88,https://npiregistry.cms.hhs.gov/provider-view/1033157557
1467974097,Dominguez Christine,TN,Nurse Practitioner,I,13209.89,18111.59,171,65,https://npiregistry.cms.hhs.gov/provider-view/1467974097
1699793935,Rutledge John,FL,Anesthesiology,I,13198.94,16746.15,79,67,https://npiregistry.cms.hhs.gov/provider-view/1699793935
1306147723,Reznikov Artem,TX,Certified Registered Nurse Anesthetist (CRNA),I,13153.86,16602.0,63,53,https://npiregistry.cms.hhs.gov/provider-view/1306147723
1245600378,Master Monica,TN,Nurse Practitioner,I,13152.48,26229.68,465,166,https://npiregistry.cms.hhs.gov/provider-view/1245600378
1629152095,Reuter Lawrence,GA,Chiropractic,I,13139.31,18142.1,511,61,https://npiregistry.cms.hhs.gov/provider-view/1629152095
1932176260,Huerter Shirley,NE,Cardiology,I,13120.67,20334.22,397,221,https://npiregistry.cms.hhs.gov/provider-view/1932176260
1366745077,Vernaglia Louise,FL,Physical Therapist in Private Practice,I,13114.56,16891.4,756,22,https://npiregistry.cms.hhs.gov/provider-view/1366745077
1811998214,Pleasant Jonathan,TN,Physician Assistant,I,13109.05,17823.45,533,140,https://npiregistry.cms.hhs.gov/provider-view/1811998214
1922083260,Khan Muhammad,MN,Psychiatry,I,13099.7,17541.35,249,35,https://npiregistry.cms.hhs.gov/provider-view/1922083260
1336745561,Socastee Pharmacy,SC,Mass Immunizer Roster Biller,O,13071.94,13071.94,280,111,https://npiregistry.cms.hhs.gov/provider-view/1336745561
1750302055,Winn Dixie Stores Inc,FL,Centralized Flu,O,13058.62,13058.62,523,118,https://npiregistry.cms.hhs.gov/provider-view/1750302055
1184003261,Oghina Okeyo,AR,Nurse Practitioner,I,13037.32,17059.42,124,121,https://npiregistry.cms.hhs.gov/provider-view/1184003261
1255435228,Holiday Cvs Llc,FL,Mass Immunizer Roster Biller,O,13035.07,13035.07,511,90,https://npiregistry.cms.hhs.gov/provider-view/1255435228
1275237331,Buhler Holly,IL,Nurse Practitioner,I,13034.62,16360.79,214,70,https://npiregistry.cms.hhs.gov/provider-view/1275237331
1548363237,"Tennessee Cvs Pharmacy, L.L.C.",TN,Mass Immunizer Roster Biller,O,13031.89,13031.89,1147,125,https://npiregistry.cms.hhs.gov/provider-view/1548363237
1417978701,Winn Dixie Stores Inc,FL,Centralized Flu,O,13006.72,13006.72,349,101,https://npiregistry.cms.hhs.gov/provider-view/1417978701
1912089236,Bishburg Eliahu,NJ,Infectious Disease,I,13004.28,17060.25,176,105,https://npiregistry.cms.hhs.gov/provider-view/1912089236
1104930197,"Woodward Detroit Cvs, L.L.C.",MI,Mass Immunizer Roster Biller,O,12998.3,12998.3,355,78,https://npiregistry.cms.hhs.gov/provider-view/1104930197
1609897909,Winn Dixie Stores Inc,FL,Centralized Flu,O,12989.45,12989.45,665,111,https://npiregistry.cms.hhs.gov/provider-view/1609897909
1619010899,Holden Thomas,CA,Optometry,I,12985.45,19639.54,195,116,https://npiregistry.cms.hhs.gov/provider-view/1619010899
1447475470,Morris Linda,AL,Nurse Practitioner,I,12971.56,17360.15,153,131,https://npiregistry.cms.hhs.gov/provider-view/1447475470
1144241456,Winn Dixie Stores Inc,FL,Centralized Flu,O,12953.67,12953.67,530,90,https://npiregistry.cms.hhs.gov/provider-view/1144241456
1750354155,Wight Clinton,TN,Hospitalist,I,12945.93,16247.26,173,100,https://npiregistry.cms.hhs.gov/provider-view/1750354155
1932210861,Bennett Francie,WA,Licensed Clinical Social Worker,I,12945.19,17239.61,149,12,https://npiregistry.cms.hhs.gov/provider-view/1932210861
1114245388,Page Marilou,PA,Thoracic Surgery,I,12939.37,16246.81,38,32,https://npiregistry.cms.hhs.gov/provider-view/1114245388
1215958525,Winn Dixie Stores Inc,FL,Centralized Flu,O,12936.15,12936.15,715,111,https://npiregistry.cms.hhs.gov/provider-view/1215958525
1467407460,Hohenhaus Jay,PA,Certified Registered Nurse Anesthetist (CRNA),I,12932.04,15739.71,100,95,https://npiregistry.cms.hhs.gov/provider-view/1467407460
1184699480,Erlandson Linda,ID,Nurse Practitioner,I,12893.41,17225.3,269,176,https://npiregistry.cms.hhs.gov/provider-view/1184699480
1982708780,Cvs Pharmacy Inc,TX,Mass Immunizer Roster Biller,O,12890.08,12890.08,208,64,https://npiregistry.cms.hhs.gov/provider-view/1982708780
1760430573,Davis Marion,SC,Family Practice,I,12883.78,22800.92,1013,131,https://npiregistry.cms.hhs.gov/provider-view/1760430573
1205566122,Garofano Andrew,PA,Nurse Practitioner,I,12883.75,18298.98,342,215,https://npiregistry.cms.hhs.gov/provider-view/1205566122
1033139415,Duggirala Chandrudu,PA,Psychiatry,I,12879.82,16185.73,193,16,https://npiregistry.cms.hhs.gov/provider-view/1033139415
1417999145,Glaser Theresa,MD,Certified Registered Nurse Anesthetist (CRNA),I,12851.76,16130.26,52,51,https://npiregistry.cms.hhs.gov/provider-view/1417999145
1649257171,Lerman Amir,MN,Cardiology,I,12832.27,16203.41,140,67,https://npiregistry.cms.hhs.gov/provider-view/1649257171
1376625707,Lachant Neil,NJ,Hematology-Oncology,I,12828.01,16818.85,149,108,https://npiregistry.cms.hhs.gov/provider-view/1376625707
1104910314,Kausch Otto,OH,Psychiatry,I,12826.15,17411.19,221,21,https://npiregistry.cms.hhs.gov/provider-view/1104910314
1598768772,Hurt George,VA,Neurosurgery,I,12810.45,16025.44,130,63,https://npiregistry.cms.hhs.gov/provider-view/1598768772
1386748200,Holiday Cvs Llc,FL,Mass Immunizer Roster Biller,O,12772.48,12772.48,948,113,https://npiregistry.cms.hhs.gov/provider-view/1386748200
1700956364,Domzalski James,FL,Chiropractic,I,12771.86,17978.77,467,48,https://npiregistry.cms.hhs.gov/provider-view/1700956364
1609226737,Nilsson Kody,UT,Family Practice,I,12769.79,16235.11,120,118,https://npiregistry.cms.hhs.gov/provider-view/1609226737
1093776726,Shoichet Sandor,MI,Internal Medicine,I,12761.7,17374.46,251,151,https://npiregistry.cms.hhs.gov/provider-view/1093776726
1386109783,Holland Pamela,OH,Nurse Practitioner,I,12758.89,17984.64,207,54,https://npiregistry.cms.hhs.gov/provider-view/1386109783
1689109886,"Publix Super Markets, Inc.",FL,Centralized Flu,O,12758.44,12758.44,209,68,https://npiregistry.cms.hhs.gov/provider-view/1689109886
1619209327,Triplett Mark,LA,Mass Immunizer Roster Biller,I,12719.42,12719.42,974,93,https://npiregistry.cms.hhs.gov/provider-view/1619209327
1134480676,Wal-Mart Stores East Lp,WI,Mass Immunizer Roster Biller,O,12700.95,12700.95,218,57,https://npiregistry.cms.hhs.gov/provider-view/1134480676
1255367330,Levitz Steven,NY,Podiatry,I,12692.22,19883.53,274,149,https://npiregistry.cms.hhs.gov/provider-view/1255367330
1770905465,"Samson Merger Sub, Llc",FL,Mass Immunizer Roster Biller,O,12686.07,12686.07,694,106,https://npiregistry.cms.hhs.gov/provider-view/1770905465
1053344051,Mikkilineni Hymavati,GA,Internal Medicine,I,12663.66,20188.23,322,49,https://npiregistry.cms.hhs.gov/provider-view/1053344051
1881773331,"District Of Columbia Cvs Pharmacy, L.L.C.",DC,Mass Immunizer Roster Biller,O,12662.44,12662.44,255,70,https://npiregistry.cms.hhs.gov/provider-view/1881773331
1427056811,Schrand Mark,OH,Internal Medicine,I,12658.28,18624.74,229,118,https://npiregistry.cms.hhs.gov/provider-view/1427056811
1205876422,Kellams Michael,IN,Anesthesiology,I,12652.09,15747.72,92,65,https://npiregistry.cms.hhs.gov/provider-view/1205876422
1023341468,Bucher Sharlene,OH,Certified Registered Nurse Anesthetist (CRNA),I,12649.96,16112.1,79,79,https://npiregistry.cms.hhs.gov/provider-view/1023341468
1972053312,Swelnis Erin,TX,Nurse Practitioner,I,12616.49,15141.81,180,109,https://npiregistry.cms.hhs.gov/provider-view/1972053312
1013916493,Reimer Craig,PA,Internal Medicine,I,12594.67,20230.42,169,49,https://npiregistry.cms.hhs.gov/provider-view/1013916493
1053572180,Brecher Melinda,MA,Licensed Clinical Social Worker,I,12581.42,16780.9,243,13,https://npiregistry.cms.hhs.gov/provider-view/1053572180
1710939582,Medcalf Mark,CA,Physical Therapist in Private Practice,I,12566.5,18848.8,600,45,https://npiregistry.cms.hhs.gov/provider-view/1710939582
1609853498,Schmidt Elaine,MI,Family Practice,I,12549.32,19270.79,200,102,https://npiregistry.cms.hhs.gov/provider-view/1609853498
1053401083,Rutland Drugs Inc,MA,Mass Immunizer Roster Biller,O,12526.14,12526.14,213,96,https://npiregistry.cms.hhs.gov/provider-view/1053401083
1992714315,Julius Demetrios,VA,Psychiatry,I,12522.52,17921.32,101,70,https://npiregistry.cms.hhs.gov/provider-view/1992714315
1376647248,Holiday Cvs Llc,FL,Mass Immunizer Roster Biller,O,12521.09,12521.09,933,136,https://npiregistry.cms.hhs.gov/provider-view/1376647248
1184678062,Miller Toby,MO,Nurse Practitioner,I,12514.6,15615.28,150,119,https://npiregistry.cms.hhs.gov/provider-view/1184678062
1104308360,Wait Jacqueline,NC,Nurse Practitioner,I,12505.59,16606.19,377,28,https://npiregistry.cms.hhs.gov/provider-view/1104308360
1073281069,Durrett Virginia,AZ,Nurse Practitioner,I,12503.08,16948.27,197,95,https://npiregistry.cms.hhs.gov/provider-view/1073281069
1750468153,Rankin Lisa,GA,Nurse Practitioner,I,12486.56,17241.26,396,131,https://npiregistry.cms.hhs.gov/provider-view/1750468153
1437220829,Mccloud Danny,TN,Licensed Clinical Social Worker,I,12484.55,15997.36,150,17,https://npiregistry.cms.hhs.gov/provider-view/1437220829
1386838886,Albright Jonette,TX,Nurse Practitioner,I,12462.24,16824.53,220,42,https://npiregistry.cms.hhs.gov/provider-view/1386838886
1790889608,Connecticut Cvs Pharmacy Llc,CT,Mass Immunizer Roster Biller,O,12461.68,12461.68,222,74,https://npiregistry.cms.hhs.gov/provider-view/1790889608
1528586344,Goodfellow Robert,MD,Nurse Practitioner,I,12437.81,15620.79,204,67,https://npiregistry.cms.hhs.gov/provider-view/1528586344
1972594638,Vachon Claude,TN,Anesthesiology,I,12403.08,15918.36,159,141,https://npiregistry.cms.hhs.gov/provider-view/1972594638
1700815388,Marsiglio Angel,MI,Licensed Clinical Social Worker,I,12402.43,16518.68,151,12,https://npiregistry.cms.hhs.gov/provider-view/1700815388
1427153253,"District Of Columbia Cvs Pharmacy, L.L.C.",DC,Mass Immunizer Roster Biller,O,12387.39,12387.39,244,72,https://npiregistry.cms.hhs.gov/provider-view/1427153253
1184661357,Barling Phillip,AR,"Psychologist, Clinical",I,12371.88,17049.22,178,23,https://npiregistry.cms.hhs.gov/provider-view/1184661357
1801999321,"Alabama Cvs Pharmacy, L.L.C.",AL,Mass Immunizer Roster Biller,O,12362.64,12362.64,270,68,https://npiregistry.cms.hhs.gov/provider-view/1801999321
1902992035,Whitler James,IN,Pathology,I,12359.19,16687.51,452,215,https://npiregistry.cms.hhs.gov/provider-view/1902992035
1083927461,Kostovick Nancy,ME,Physical Therapist in Private Practice,I,12356.22,16262.97,574,15,https://npiregistry.cms.hhs.gov/provider-view/1083927461
1174635015,"Woodward Detroit Cvs, L.L.C.",MI,Mass Immunizer Roster Biller,O,12337.76,12337.76,556,81,https://npiregistry.cms.hhs.gov/provider-view/1174635015
1265535967,North Carolina Cvs Pharmacy Llc,NC,Mass Immunizer Roster Biller,O,12336.4,12336.4,230,62,https://npiregistry.cms.hhs.gov/provider-view/1265535967
1023541547,Cook Andrea,WI,Occupational Therapist in Private Practice,I,12335.4,15791.33,579,34,https://npiregistry.cms.hhs.gov/provider-view/1023541547
1275553810,Evans Patrick,MS,"Psychologist, Clinical",I,12332.59,16360.4,117,16,https://npiregistry.cms.hhs.gov/provider-view/1275553810
1346526035,Selby Andrew,OR,Physician Assistant,I,12301.76,19878.13,313,136,https://npiregistry.cms.hhs.gov/provider-view/1346526035
1578225132,Whitton Elizabeth,IL,Nurse Practitioner,I,12294.15,16889.59,243,95,https://npiregistry.cms.hhs.gov/provider-view/1578225132
1841393535,North Carolina Cvs Pharmacy Llc,NC,Mass Immunizer Roster Biller,O,12288.92,12288.92,340,68,https://npiregistry.cms.hhs.gov/provider-view/1841393535
1649256355,Tiffany John,DE,Family Practice,I,12285.8,20638.95,188,134,https://npiregistry.cms.hhs.gov/provider-view/1649256355
1598394504,"Amanah Investments, Llc",TX,Mass Immunizer Roster Biller,O,12276.2,12276.2,188,85,https://npiregistry.cms.hhs.gov/provider-view/1598394504
1184634768,Legouri Richard,NY,Orthopedic Surgery,I,12264.95,19960.3,3209,72,https://npiregistry.cms.hhs.gov/provider-view/1184634768
1720117138,Graham Robert,CA,Family Practice,I,12240.92,20894.64,229,122,https://npiregistry.cms.hhs.gov/provider-view/1720117138
1083718936,"Highland Park Cvs, L.L.C.",IL,Mass Immunizer Roster Biller,O,12225.26,12225.26,824,149,https://npiregistry.cms.hhs.gov/provider-view/1083718936
1851495568,Mims Richard,GA,Anesthesiology,I,12209.73,15301.94,88,65,https://npiregistry.cms.hhs.gov/provider-view/1851495568
1760425599,Longs Drug Stores California Llc,CA,Mass Immunizer Roster Biller,O,12204.69,12204.69,735,110,https://npiregistry.cms.hhs.gov/provider-view/1760425599
1821074717,Thorp Darin,TX,Anesthesiology,I,12183.89,15883.68,90,81,https://npiregistry.cms.hhs.gov/provider-view/1821074717
1295718641,Hussain Jamil,IL,Family Practice,I,12149.25,17642.44,155,39,https://npiregistry.cms.hhs.gov/provider-view/1295718641
1881650398,Pena Mario,TX,Family Practice,I,12148.85,15685.57,496,77,https://npiregistry.cms.hhs.gov/provider-view/1881650398
1326260266,Seemann Nancy,KS,Licensed Clinical Social Worker,I,12139.23,18005.9,197,40,https://npiregistry.cms.hhs.gov/provider-view/1326260266
1780789511,Holiday Cvs Llc,FL,Mass Immunizer Roster Biller,O,12131.78,12131.78,284,74,https://npiregistry.cms.hhs.gov/provider-view/1780789511
1063633543,Faulkner Brenda,IN,Chiropractic,I,12120.59,15940.82,363,25,https://npiregistry.cms.hhs.gov/provider-view/1063633543
1104411248,Craig Courtney,CO,Occupational Therapist in Private Practice,I,12109.6,15198.33,660,13,https://npiregistry.cms.hhs.gov/provider-view/1104411248
1376584599,Nguyen Lien,CA,Ophthalmology,I,12099.55,17789.25,214,53,https://npiregistry.cms.hhs.gov/provider-view/1376584599
1669575171,Ohio Cvs Stores Llc,OH,Mass Immunizer Roster Biller,O,12072.81,12072.81,372,71,https://npiregistry.cms.hhs.gov/provider-view/1669575171
1427055466,Veeramasuneni Raghu,MI,Psychiatry,I,12056.97,17686.75,224,37,https://npiregistry.cms.hhs.gov/provider-view/1427055466
1316976400,Mayhew-Belatski Barbara,VT,Licensed Clinical Social Worker,I,12053.91,16341.06,195,14,https://npiregistry.cms.hhs.gov/provider-view/1316976400
1013505825,Oregon Cvs Pharmacy Llc,OR,Mass Immunizer Roster Biller,O,12052.07,12052.07,391,95,https://npiregistry.cms.hhs.gov/provider-view/1013505825
1861574980,Savalia Ramesh,IL,General Practice,I,12048.85,18260.42,208,39,https://npiregistry.cms.hhs.gov/provider-view/1861574980
1174505218,Sangkam Cherdkiat,IN,Cardiology,I,12048.64,16329.57,126,45,https://npiregistry.cms.hhs.gov/provider-view/1174505218
1801996152,Booser Daniel,TX,Medical Oncology,I,12033.41,18711.19,189,106,https://npiregistry.cms.hhs.gov/provider-view/1801996152
1427023191,Donovan Cathy,MN,Family Practice,I,12033.35,18059.37,307,88,https://npiregistry.cms.hhs.gov/provider-view/1427023191
1609837541,Fulton Donald,CT,Optometry,I,12030.57,19292.31,210,157,https://npiregistry.cms.hhs.gov/provider-view/1609837541
1306047543,Williams George,TX,Anesthesiology,I,12022.39,15118.31,77,32,https://npiregistry.cms.hhs.gov/provider-view/1306047543
1356361075,Pruitt Fred,OH,Internal Medicine,I,12021.63,18917.37,267,47,https://npiregistry.cms.hhs.gov/provider-view/1356361075
1457685745,Johanson David,NC,Physical Therapist in Private Practice,I,12016.32,18034.93,676,34,https://npiregistry.cms.hhs.gov/provider-view/1457685745
1912372509,Chang Han-Ding,VA,Certified Registered Nurse Anesthetist (CRNA),I,12013.49,15078.11,62,62,https://npiregistry.cms.hhs.gov/provider-view/1912372509
1700238151,Nolette Maryjane,FL,Nurse Practitioner,I,12008.53,16708.65,159,64,https://npiregistry.cms.hhs.gov/provider-view/1700238151
1326048166,Degalan Mark,OH,Diagnostic Radiology,I,11983.52,18387.73,423,343,https://npiregistry.cms.hhs.gov/provider-view/1326048166
1851638944,Keating Druann,NE,Licensed Clinical Social Worker,I,11979.79,15832.78,163,31,https://npiregistry.cms.hhs.gov/provider-view/1851638944
1255443933,Shiffer Ellen,PA,Physician Assistant,I,11973.78,16191.84,243,121,https://npiregistry.cms.hhs.gov/provider-view/1255443933
1912340993,Mempin Marion-Vincent,NY,Emergency Medicine,I,11970.16,14566.82,203,88,https://npiregistry.cms.hhs.gov/provider-view/1912340993
1689126294,Ndagire Joyce,VA,Nurse Practitioner,I,11955.14,14266.85,234,119,https://npiregistry.cms.hhs.gov/provider-view/1689126294
1740457365,Guzman Arrieta Edgar,FL,Vascular Surgery,I,11944.86,19121.43,165,84,https://npiregistry.cms.hhs.gov/provider-view/1740457365
1922195056,Smith Terrence,TN,Gastroenterology,I,11935.12,15941.69,115,77,https://npiregistry.cms.hhs.gov/provider-view/1922195056
1164463030,Wisconsin Cvs Pharmacy Llc,WI,Mass Immunizer Roster Biller,O,11934.37,11934.37,179,55,https://npiregistry.cms.hhs.gov/provider-view/1164463030
1336198837,Waxman Frank,FL,Family Practice,I,11931.79,17755.8,165,102,https://npiregistry.cms.hhs.gov/provider-view/1336198837
1295849594,Berson Douglas,MO,Allergy/ Immunology,I,11919.46,18631.58,1311,51,https://npiregistry.cms.hhs.gov/provider-view/1295849594
1548364359,Cvs Pharmacy Inc,TX,Mass Immunizer Roster Biller,O,11916.46,11916.46,219,67,https://npiregistry.cms.hhs.gov/provider-view/1548364359
1275577645,Missouri Cvs Pharmacy Llc,MO,Mass Immunizer Roster Biller,O,11896.44,11896.44,161,64,https://npiregistry.cms.hhs.gov/provider-view/1275577645
1831685247,Herring Russell,MT,Nurse Practitioner,I,11883.72,15940.0,212,77,https://npiregistry.cms.hhs.gov/provider-view/1831685247
1073585659,Suhr Jeffrey,IA,Chiropractic,I,11881.28,17981.98,479,90,https://npiregistry.cms.hhs.gov/provider-view/1073585659
1316312333,"Winn-Dixie Stores, Inc.",FL,Centralized Flu,O,11859.64,11859.64,419,109,https://npiregistry.cms.hhs.gov/provider-view/1316312333
1114436458,Myers Kimberly,KY,Nurse Practitioner,I,11853.81,15653.21,368,206,https://npiregistry.cms.hhs.gov/provider-view/1114436458
1437220217,Alemayehu Dereje,VA,Internal Medicine,I,11817.37,15057.3,174,23,https://npiregistry.cms.hhs.gov/provider-view/1437220217
1679798755,Mathieson Michael,NY,Physician Assistant,I,11802.8,15044.16,197,170,https://npiregistry.cms.hhs.gov/provider-view/1679798755
1194746404,Winn Dixie Stores Inc,FL,Centralized Flu,O,11799.77,11799.77,393,90,https://npiregistry.cms.hhs.gov/provider-view/1194746404
1144754425,Zapf Matthew,TN,Anesthesiology,I,11786.43,15112.51,192,128,https://npiregistry.cms.hhs.gov/provider-view/1144754425
1821095233,Wong Ching,NY,Internal Medicine,I,11782.22,15097.19,2269,25,https://npiregistry.cms.hhs.gov/provider-view/1821095233
1407959968,North Carolina Cvs Pharmacy Llc,NC,Mass Immunizer Roster Biller,O,11770.79,11770.79,243,72,https://npiregistry.cms.hhs.gov/provider-view/1407959968
1437253309,Holiday Cvs Llc,FL,Mass Immunizer Roster Biller,O,11768.77,11768.77,391,75,https://npiregistry.cms.hhs.gov/provider-view/1437253309
1346343001,West Virginia Cvs Pharmacy Llc,WV,Mass Immunizer Roster Biller,O,11766.98,11766.98,207,54,https://npiregistry.cms.hhs.gov/provider-view/1346343001
1659321339,Garms Laurie,IA,Neurology,I,11762.07,18782.23,2365,45,https://npiregistry.cms.hhs.gov/provider-view/1659321339
1235166372,Cobb Kendalle,OH,Family Practice,I,11743.56,18671.32,264,112,https://npiregistry.cms.hhs.gov/provider-view/1235166372
1265100366,Holiday Cvs Llc,FL,Mass Immunizer Roster Biller,O,11727.54,11727.54,422,69,https://npiregistry.cms.hhs.gov/provider-view/1265100366
1437870128,O'fallon Benjamin,MN,Physical Therapist in Private Practice,I,11724.31,15446.07,501,47,https://npiregistry.cms.hhs.gov/provider-view/1437870128
1154397800,Troyer Don,MI,Family Practice,I,11716.67,15537.19,115,11,https://npiregistry.cms.hhs.gov/provider-view/1154397800
1164494431,Lichstein Michael,OH,"Psychologist, Clinical",I,11686.91,15476.09,157,11,https://npiregistry.cms.hhs.gov/provider-view/1164494431
1093819963,Holiday Cvs Llc,FL,Mass Immunizer Roster Biller,O,11639.04,11639.04,353,63,https://npiregistry.cms.hhs.gov/provider-view/1093819963
1578598926,Mclaughlin John,MD,"Psychologist, Clinical",I,11638.56,15836.12,146,14,https://npiregistry.cms.hhs.gov/provider-view/1578598926
1144221979,Stewart-Adams Andrea,FL,Nurse Practitioner,I,11636.41,14604.81,177,120,https://npiregistry.cms.hhs.gov/provider-view/1144221979
1881641801,Holt Debbie,CA,Nurse Practitioner,I,11635.79,15245.15,140,116,https://npiregistry.cms.hhs.gov/provider-view/1881641801
1427055615,Reichert Walter,UT,Neurology,I,11630.09,16550.2,128,81,https://npiregistry.cms.hhs.gov/provider-view/1427055615
1154001675,Reese Craig,AZ,Nurse Practitioner,I,11614.83,14057.0,264,25,https://npiregistry.cms.hhs.gov/provider-view/1154001675
1124084181,Stevenson Yvonne,AK,Nurse Practitioner,I,11613.87,15919.71,356,75,https://npiregistry.cms.hhs.gov/provider-view/1124084181
1841768801,Lockhart Emily,VA,Certified Registered Nurse Anesthetist (CRNA),I,11611.91,14759.13,111,108,https://npiregistry.cms.hhs.gov/provider-view/1841768801
1194240911,Cody John,TX,Anesthesiology Assistant,I,11610.46,14853.99,190,187,https://npiregistry.cms.hhs.gov/provider-view/1194240911
1598786964,Winn Dixie Stores Inc,FL,Centralized Flu,O,11609.89,11609.89,752,97,https://npiregistry.cms.hhs.gov/provider-view/1598786964
1700851144,Strawn David,KY,Certified Registered Nurse Anesthetist (CRNA),I,11606.93,14529.28,88,84,https://npiregistry.cms.hhs.gov/provider-view/1700851144
1912911975,Shanawany Nagy,FL,General Practice,I,11590.48,16849.18,245,84,https://npiregistry.cms.hhs.gov/provider-view/1912911975
1609816982,Triebswetter Gary,CA,Emergency Medicine,I,11573.13,15961.68,131,95,https://npiregistry.cms.hhs.gov/provider-view/1609816982
1760925093,Miner Patricia,AZ,Licensed Clinical Social Worker,I,11558.2,14731.97,135,24,https://npiregistry.cms.hhs.gov/provider-view/1760925093
1568566537,Holiday Cvs Llc,FL,Mass Immunizer Roster Biller,O,11520.81,11520.81,1065,134,https://npiregistry.cms.hhs.gov/provider-view/1568566537
1508803768,Brenner Fred,HI,Emergency Medicine,I,11511.45,18893.24,240,98,https://npiregistry.cms.hhs.gov/provider-view/1508803768
1457803983,Wiederin Cory,IA,Certified Registered Nurse Anesthetist (CRNA),I,11495.62,14428.18,132,54,https://npiregistry.cms.hhs.gov/provider-view/1457803983
1356383822,Md Group Ii Llc,WI,Mass Immunizer Roster Biller,O,11494.28,11494.28,227,62,https://npiregistry.cms.hhs.gov/provider-view/1356383822
1508995770,Belanger Sheila,GA,Chiropractic,I,11478.99,15062.58,403,40,https://npiregistry.cms.hhs.gov/provider-view/1508995770
1730237512,Watrous-Tran Eileen,CA,Family Practice,I,11467.57,15808.1,147,41,https://npiregistry.cms.hhs.gov/provider-view/1730237512
1003857293,Ockert Martin,CA,Certified Registered Nurse Anesthetist (CRNA),I,11462.51,15070.31,70,68,https://npiregistry.cms.hhs.gov/provider-view/1003857293
1205939964,Georgia Cvs Pharmacy Llc,GA,Mass Immunizer Roster Biller,O,11449.14,11449.14,861,117,https://npiregistry.cms.hhs.gov/provider-view/1205939964
1972082956,Pierson Michelle,NV,Nurse Practitioner,I,11436.83,15572.04,228,61,https://npiregistry.cms.hhs.gov/provider-view/1972082956
1588008312,Oregon Cvs Pharmacy Llc,OR,Mass Immunizer Roster Biller,O,11426.08,11426.08,305,83,https://npiregistry.cms.hhs.gov/provider-view/1588008312
1558425736,Airen Mahendra,NY,Psychiatry,I,11420.34,15116.13,133,23,https://npiregistry.cms.hhs.gov/provider-view/1558425736
1538727953,Shah Anshoo,NY,Physical Therapist in Private Practice,I,11411.83,16597.61,491,25,https://npiregistry.cms.hhs.gov/provider-view/1538727953
1801958509,Singh Amarjit,NY,Nephrology,I,11399.32,14761.94,129,44,https://npiregistry.cms.hhs.gov/provider-view/1801958509
1063433431,Winn Dixie Stores Inc,FL,Centralized Flu,O,11392.53,11392.53,307,79,https://npiregistry.cms.hhs.gov/provider-view/1063433431
1972693604,Dickinson Cheri,MI,Licensed Clinical Social Worker,I,11390.91,15425.88,176,16,https://npiregistry.cms.hhs.gov/provider-view/1972693604
1336183706,Missouri Cvs Pharmacy Llc,MO,Mass Immunizer Roster Biller,O,11388.92,11388.92,557,97,https://npiregistry.cms.hhs.gov/provider-view/1336183706
1407854995,Schuhknecht Michael,MI,General Surgery,I,11373.99,15271.42,79,48,https://npiregistry.cms.hhs.gov/provider-view/1407854995
1932393501,Otis Dawn,IN,Nurse Practitioner,I,11353.66,14963.31,168,94,https://npiregistry.cms.hhs.gov/provider-view/1932393501
1053403527,New Jersey Cvs Pharmacy Llc,NJ,Mass Immunizer Roster Biller,O,11346.61,11346.61,220,65,https://npiregistry.cms.hhs.gov/provider-view/1053403527
1851420699,Balabanis David,CA,Certified Registered Nurse Anesthetist (CRNA),I,11334.77,15859.5,113,63,https://npiregistry.cms.hhs.gov/provider-view/1851420699
1649525320,Dean Cynthia,FL,Nurse Practitioner,I,11330.99,14039.04,135,47,https://npiregistry.cms.hhs.gov/provider-view/1649525320
1649379066,Cameron Scott,WI,Orthopedic Surgery,I,11330.6,15413.52,75,56,https://npiregistry.cms.hhs.gov/provider-view/1649379066
1437152667,Fischer Frank,FL,Ophthalmology,I,11329.7,17996.67,175,108,https://npiregistry.cms.hhs.gov/provider-view/1437152667
1972957579,Joseph Gaetjens,FL,Nurse Practitioner,I,11322.0,14805.63,273,92,https://npiregistry.cms.hhs.gov/provider-view/1972957579
1073570628,Shimm Peter,MD,Anesthesiology,I,11310.42,14195.73,76,63,https://npiregistry.cms.hhs.gov/provider-view/1073570628
1487977146,"Highland Park Cvs, L.L.C.",IL,Mass Immunizer Roster Biller,O,11301.97,11301.97,864,97,https://npiregistry.cms.hhs.gov/provider-view/1487977146
1689642118,Arbogast Tanya,NC,Physician Assistant,I,11298.45,16490.39,196,195,https://npiregistry.cms.hhs.gov/provider-view/1689642118
1881689040,Landry Edmund,MO,Orthopedic Surgery,I,11296.92,14127.3,68,34,https://npiregistry.cms.hhs.gov/provider-view/1881689040
1104813963,Cvs Pharmacy Inc,TX,Mass Immunizer Roster Biller,O,11287.06,11287.06,170,58,https://npiregistry.cms.hhs.gov/provider-view/1104813963
1285126813,Warfield Tina,MD,Nurse Practitioner,I,11281.91,14396.72,242,15,https://npiregistry.cms.hhs.gov/provider-view/1285126813
1104860824,Sain Mary,AR,Internal Medicine,I,11281.82,17000.71,555,84,https://npiregistry.cms.hhs.gov/provider-view/1104860824
1114016227,Seyffert Michael,WA,Psychiatry,I,11266.49,14241.81,101,24,https://npiregistry.cms.hhs.gov/provider-view/1114016227
1427022342,Earnest Carolyn,TX,Certified Clinical Nurse Specialist,I,11247.93,16322.81,295,49,https://npiregistry.cms.hhs.gov/provider-view/1427022342
1720423452,Sally Angela,NC,Internal Medicine,I,11242.06,14107.82,86,83,https://npiregistry.cms.hhs.gov/provider-view/1720423452
1669460382,Miller Justin,CO,Anesthesiology,I,11242.04,14199.38,114,92,https://npiregistry.cms.hhs.gov/provider-view/1669460382
1164417192,Schartenberg Judith,MI,Ophthalmology,I,11242.03,15971.55,156,89,https://npiregistry.cms.hhs.gov/provider-view/1164417192
1700241841,Koerner Vana,MD,Occupational Therapist in Private Practice,I,11239.71,15090.67,556,33,https://npiregistry.cms.hhs.gov/provider-view/1700241841
1073753703,Grand St Paul Cvs Llc,MN,Mass Immunizer Roster Biller,O,11233.31,11233.31,858,113,https://npiregistry.cms.hhs.gov/provider-view/1073753703
1982702734,Cvs Pharmacy Inc,TX,Mass Immunizer Roster Biller,O,11231.78,11231.78,665,124,https://npiregistry.cms.hhs.gov/provider-view/1982702734
1467488130,Genskow Gordon,OR,Anesthesiology,I,11218.79,14062.73,91,88,https://npiregistry.cms.hhs.gov/provider-view/1467488130
1003820473,Palmrose Frank,OR,Anesthesiology,I,11216.12,13934.73,63,61,https://npiregistry.cms.hhs.gov/provider-view/1003820473
1952517732,Wilkerson Tracy,OK,Obstetrics & Gynecology,I,11211.02,15092.45,125,57,https://npiregistry.cms.hhs.gov/provider-view/1952517732
1255467247,Medoff Jeffrey,NC,Gastroenterology,I,11209.03,14672.79,93,54,https://npiregistry.cms.hhs.gov/provider-view/1255467247
1295374247,Cox Thomas,NM,Nurse Practitioner,I,11201.2,15127.08,135,121,https://npiregistry.cms.hhs.gov/provider-view/1295374247
1790889525,Cvs Pharmacy Inc,TX,Mass Immunizer Roster Biller,O,11196.32,11196.32,190,81,https://npiregistry.cms.hhs.gov/provider-view/1790889525
1134113426,Langan Peter,NY,Orthopedic Surgery,I,11189.46,17313.77,164,67,https://npiregistry.cms.hhs.gov/provider-view/1134113426
1891840229,Mcmurry Ronnie,TX,Emergency Medicine,I,11186.02,14370.59,115,95,https://npiregistry.cms.hhs.gov/provider-view/1891840229
1376072249,Vapor-Cui Victor,FL,Nurse Practitioner,I,11174.1,14295.28,216,165,https://npiregistry.cms.hhs.gov/provider-view/1376072249
1467511519,German Dobson Cvs Llc,AZ,Mass Immunizer Roster Biller,O,11173.45,11173.45,572,157,https://npiregistry.cms.hhs.gov/provider-view/1467511519
1760404305,Winn Dixie Stores Inc,FL,Centralized Flu,O,11168.26,11168.26,922,92,https://npiregistry.cms.hhs.gov/provider-view/1760404305
1801865928,Edwards Joseph,OH,"Psychologist, Clinical",I,11166.02,15402.13,130,11,https://npiregistry.cms.hhs.gov/provider-view/1801865928
1609915479,Buche Dale,CA,Psychiatry,I,11156.94,27242.44,320,125,https://npiregistry.cms.hhs.gov/provider-view/1609915479
1699763854,Dorotan Jose,PA,Anesthesiology,I,11154.61,13953.48,97,92,https://npiregistry.cms.hhs.gov/provider-view/1699763854
1831125244,Lotecka Ernest,CA,"Psychologist, Clinical",I,11149.48,15389.54,105,14,https://npiregistry.cms.hhs.gov/provider-view/1831125244
1992726293,Winn Dixie Stores Inc,FL,Centralized Flu,O,11147.62,11147.62,454,71,https://npiregistry.cms.hhs.gov/provider-view/1992726293
1447672860,"Samson Merger Sub, Llc",FL,Mass Immunizer Roster Biller,O,11146.68,11146.68,789,99,https://npiregistry.cms.hhs.gov/provider-view/1447672860
1164525887,Tennessee Cvs Pharmacy Llc,TN,Mass Immunizer Roster Biller,O,11144.95,11144.95,310,65,https://npiregistry.cms.hhs.gov/provider-view/1164525887
1639104227,Austin Suzanne,CA,Nephrology,I,11141.8,16383.36,95,22,https://npiregistry.cms.hhs.gov/provider-view/1639104227
1285714238,Rimal Jyotsna,NY,Anesthesiology,I,11133.33,14111.65,63,61,https://npiregistry.cms.hhs.gov/provider-view/1285714238
1639594112,"Samson Merger Sub, Llc",GA,Mass Immunizer Roster Biller,O,11114.52,11114.52,714,99,https://npiregistry.cms.hhs.gov/provider-view/1639594112
1376647271,Holiday Cvs Llc,FL,Mass Immunizer Roster Biller,O,11107.18,11107.18,534,78,https://npiregistry.cms.hhs.gov/provider-view/1376647271
1902848609,Tarkhan Ismail,CT,Internal Medicine,I,11090.02,15162.92,150,89,https://npiregistry.cms.hhs.gov/provider-view/1902848609
1750701017,Samson Merger Sub Llc,FL,Mass Immunizer Roster Biller,O,11087.14,11087.14,352,79,https://npiregistry.cms.hhs.gov/provider-view/1750701017
1952377558,Dahdouh Michelle,NY,Infectious Disease,I,11080.72,13907.62,101,54,https://npiregistry.cms.hhs.gov/provider-view/1952377558
1740201052,Winn Dixie Stores Inc,FL,Centralized Flu,O,11053.01,11053.01,759,105,https://npiregistry.cms.hhs.gov/provider-view/1740201052
1225059538,Winn Dixie Stores Inc,FL,Centralized Flu,O,11046.38,11046.38,272,82,https://npiregistry.cms.hhs.gov/provider-view/1225059538
1992809859,Holiday Cvs Llc,FL,Mass Immunizer Roster Biller,O,11045.39,11045.39,784,107,https://npiregistry.cms.hhs.gov/provider-view/1992809859
1790722049,Jedrychowski Jerzy,CT,Internal Medicine,I,11040.16,15495.22,118,38,https://npiregistry.cms.hhs.gov/provider-view/1790722049
1346267960,Gomez Erwin,IN,Cardiology,I,11028.7,15622.78,212,94,https://npiregistry.cms.hhs.gov/provider-view/1346267960
1457407488,Stone Arthur,SC,Podiatry,I,11022.09,14281.18,357,239,https://npiregistry.cms.hhs.gov/provider-view/1457407488
1053303438,Gildrie Charles,TN,Licensed Clinical Social Worker,I,11020.84,14550.48,251,24,https://npiregistry.cms.hhs.gov/provider-view/1053303438
1598756157,Hicks William,MN,Allergy/ Immunology,I,11020.09,14544.19,607,23,https://npiregistry.cms.hhs.gov/provider-view/1598756157
1457953895,Hamilton Deasha,KY,Certified Registered Nurse Anesthetist (CRNA),I,11009.68,13408.51,89,86,https://npiregistry.cms.hhs.gov/provider-view/1457953895
1285706572,Dutton Timothy,ME,Anesthesiology,I,11004.94,13733.73,119,89,https://npiregistry.cms.hhs.gov/provider-view/1285706572
1437776796,Shepherd Brandi,IN,Nurse Practitioner,I,11003.45,15210.16,345,130,https://npiregistry.cms.hhs.gov/provider-view/1437776796
1376556423,Bryant Michael,GA,Certified Registered Nurse Anesthetist (CRNA),I,11001.69,13778.36,99,99,https://npiregistry.cms.hhs.gov/provider-view/1376556423
1497865174,Kronish Elliot,NY,"Psychologist, Clinical",I,10988.98,14275.74,145,11,https://npiregistry.cms.hhs.gov/provider-view/1497865174
1447286448,Hirsh David,OH,Ophthalmology,I,10987.92,17106.11,300,106,https://npiregistry.cms.hhs.gov/provider-view/1447286448
1720043128,Tapp Brandy,TX,Physician Assistant,I,10968.7,14441.9,300,117,https://npiregistry.cms.hhs.gov/provider-view/1720043128
1336172584,Yezzi-Shareef Ann Marie,OH,"Psychologist, Clinical",I,10968.58,16263.52,118,15,https://npiregistry.cms.hhs.gov/provider-view/1336172584
1790254027,Topel Linda,FL,Nurse Practitioner,I,10965.81,15072.32,224,86,https://npiregistry.cms.hhs.gov/provider-view/1790254027
1891729646,Dennig Louis,OH,Certified Registered Nurse Anesthetist (CRNA),I,10961.16,13983.36,68,67,https://npiregistry.cms.hhs.gov/provider-view/1891729646
1114997491,Salazar Omar,FL,Radiation Oncology,I,10959.46,14037.2,113,19,https://npiregistry.cms.hhs.gov/provider-view/1114997491
1881848703,Longs Drug Stores California L.L.C.,HI,Mass Immunizer Roster Biller,O,10935.48,10935.48,688,131,https://npiregistry.cms.hhs.gov/provider-view/1881848703
1861485435,Osta Salim,GA,Hematology-Oncology,I,10932.5,18314.6,106,35,https://npiregistry.cms.hhs.gov/provider-view/1861485435
1821012105,Wagner David,NY,Internal Medicine,I,10918.66,21559.42,302,116,https://npiregistry.cms.hhs.gov/provider-view/1821012105
1275636730,Ohio Cvs Stores Llc,OH,Mass Immunizer Roster Biller,O,10915.24,10915.24,187,54,https://npiregistry.cms.hhs.gov/provider-view/1275636730
1376613737,Sullivan Gerald,KY,Ophthalmology,I,10912.75,17586.99,190,133,https://npiregistry.cms.hhs.gov/provider-view/1376613737
1750579009,Garcia Phillip,NM,Physician Assistant,I,10912.34,14213.48,199,85,https://npiregistry.cms.hhs.gov/provider-view/1750579009
1912177163,"Surgery Center At Tanasbourne, Llc",OR,Ambulatory Surgical Center,O,10904.14,13700.1,17,14,https://npiregistry.cms.hhs.gov/provider-view/1912177163
1962585901,Poindexter Holly,AR,Licensed Clinical Social Worker,I,10897.78,14422.31,142,11,https://npiregistry.cms.hhs.gov/provider-view/1962585901
1902948177,Brennan Jean,MD,Licensed Clinical Social Worker,I,10897.5,14440.36,133,14,https://npiregistry.cms.hhs.gov/provider-view/1902948177
1912341702,"Weis Markets, Inc.",PA,Mass Immunizer Roster Biller,O,10855.2,10855.2,190,69,https://npiregistry.cms.hhs.gov/provider-view/1912341702
1184728099,"Connecticut Cvs Pharmacy, L.L.C.",CT,Mass Immunizer Roster Biller,O,10851.21,10851.21,311,63,https://npiregistry.cms.hhs.gov/provider-view/1184728099
1366401036,Shah Khan Sardar,NC,Internal Medicine,I,10832.88,16050.42,320,21,https://npiregistry.cms.hhs.gov/provider-view/1366401036
1760728745,Brownsville Pharmacy 1 Llc,TX,Pharmacy,O,10828.62,10828.62,130,54,https://npiregistry.cms.hhs.gov/provider-view/1760728745
1225158447,Gergeceff Jon,MO,Licensed Clinical Social Worker,I,10823.24,14722.77,206,11,https://npiregistry.cms.hhs.gov/provider-view/1225158447
1952419319,Monroe Matthew,TX,Cardiology,I,10810.87,15499.16,361,22,https://npiregistry.cms.hhs.gov/provider-view/1952419319
1801986872,Goodman Benjamin,NC,Family Practice,I,10808.31,24346.58,223,146,https://npiregistry.cms.hhs.gov/provider-view/1801986872
1326369281,Kwazneski Douglas,MI,General Surgery,I,10798.97,13572.11,129,50,https://npiregistry.cms.hhs.gov/provider-view/1326369281
1831118520,Holdredge Timothy,SC,Emergency Medicine,I,10798.96,14086.19,154,133,https://npiregistry.cms.hhs.gov/provider-view/1831118520
1144324013,Holiday Cvs Llc,FL,Mass Immunizer Roster Biller,O,10792.57,10792.57,780,106,https://npiregistry.cms.hhs.gov/provider-view/1144324013
1316050529,Anderson Eugenie,AZ,Obstetrics & Gynecology,I,10789.37,17529.1,188,121,https://npiregistry.cms.hhs.gov/provider-view/1316050529
1710956784,Taylor James,AR,Chiropractic,I,10788.86,14142.82,403,74,https://npiregistry.cms.hhs.gov/provider-view/1710956784
1770202301,Mccarty Ryan,IN,Physical Therapist in Private Practice,I,10787.2,13816.28,574,21,https://npiregistry.cms.hhs.gov/provider-view/1770202301
1184645483,Winn Dixie Stores Inc,FL,Centralized Flu,O,10778.8,10778.8,273,85,https://npiregistry.cms.hhs.gov/provider-view/1184645483
1548885460,Holiday Cvs Llc,FL,Mass Immunizer Roster Biller,O,10752.86,10752.86,334,59,https://npiregistry.cms.hhs.gov/provider-view/1548885460
1447236377,Perez Victor,OH,Diagnostic Radiology,I,10752.2,14194.85,365,266,https://npiregistry.cms.hhs.gov/provider-view/1447236377
1699750703,Fruge David,LA,Certified Registered Nurse Anesthetist (CRNA),I,10741.59,14105.59,127,125,https://npiregistry.cms.hhs.gov/provider-view/1699750703
1467874875,"Samson Merger Sub, Llc",FL,Mass Immunizer Roster Biller,O,10738.57,10738.57,707,97,https://npiregistry.cms.hhs.gov/provider-view/1467874875
1184163248,Andras Corey,LA,Nurse Practitioner,I,10729.68,13577.97,140,66,https://npiregistry.cms.hhs.gov/provider-view/1184163248
1992740310,Deines John,NY,Psychiatry,I,10729.43,16889.19,234,43,https://npiregistry.cms.hhs.gov/provider-view/1992740310
1811564651,Rasanen Christina,SD,Physician Assistant,I,10728.65,15511.08,265,124,https://npiregistry.cms.hhs.gov/provider-view/1811564651
1811510381,Cvs Pharmacy Inc,TX,Mass Immunizer Roster Biller,O,10727.35,10727.35,135,47,https://npiregistry.cms.hhs.gov/provider-view/1811510381
1205937331,Eakins James,PA,Emergency Medicine,I,10726.26,13653.68,109,85,https://npiregistry.cms.hhs.gov/provider-view/1205937331
1427056662,Travis Stephen,OK,Internal Medicine,I,10714.38,14384.1,222,91,https://npiregistry.cms.hhs.gov/provider-view/1427056662
1104849850,Seeley Michael,WI,Licensed Clinical Social Worker,I,10713.65,14944.98,206,21,https://npiregistry.cms.hhs.gov/provider-view/1104849850
1043244353,Kawczynski Gary,NY,Anesthesiology,I,10708.56,13296.28,63,46,https://npiregistry.cms.hhs.gov/provider-view/1043244353
1558326694,Kim Dae-Choong,CA,Internal Medicine,I,10708.18,13954.67,143,29,https://npiregistry.cms.hhs.gov/provider-view/1558326694
1225132160,Maryland Cvs Pharmacy Llc,MD,Mass Immunizer Roster Biller,O,10701.64,10701.64,688,122,https://npiregistry.cms.hhs.gov/provider-view/1225132160
1871786095,Troche Janet,CA,Physical Therapist in Private Practice,I,10700.63,14414.35,427,43,https://npiregistry.cms.hhs.gov/provider-view/1871786095
1497765572,Altieri Raymond,MD,Internal Medicine,I,10686.26,16789.91,129,31,https://npiregistry.cms.hhs.gov/provider-view/1497765572
1518127562,Longs Drug Stores California Llc,HI,Mass Immunizer Roster Biller,O,10685.47,10685.47,725,128,https://npiregistry.cms.hhs.gov/provider-view/1518127562
1245274612,Missouri Cvs Pharmacy Llc,MO,Mass Immunizer Roster Biller,O,10685.39,10685.39,233,64,https://npiregistry.cms.hhs.gov/provider-view/1245274612
1326056383,Birch Andrew,NY,Podiatry,I,10656.91,17476.41,174,63,https://npiregistry.cms.hhs.gov/provider-view/1326056383
1609957026,Viner Edward,NJ,Hematology-Oncology,I,10650.05,13266.94,112,54,https://npiregistry.cms.hhs.gov/provider-view/1609957026
1770142382,Garfield Beach Cvs Llc,CA,Mass Immunizer Roster Biller,O,10631.29,10631.29,303,50,https://npiregistry.cms.hhs.gov/provider-view/1770142382
1376760595,Harris Edward,NJ,Licensed Clinical Social Worker,I,10611.57,13661.33,121,12,https://npiregistry.cms.hhs.gov/provider-view/1376760595
1407055171,Chamberlain Andrea,FL,Psychiatry,I,10610.45,13904.35,157,28,https://npiregistry.cms.hhs.gov/provider-view/1407055171
1578628657,Boswell James,WA,General Practice,I,10607.87,17720.59,234,82,https://npiregistry.cms.hhs.gov/provider-view/1578628657
1124211073,Gibbs Kelley,IN,Nurse Practitioner,I,10601.65,15068.62,231,85,https://npiregistry.cms.hhs.gov/provider-view/1124211073
1306012026,Harrison Melody,TN,Nurse Practitioner,I,10595.44,14847.87,248,117,https://npiregistry.cms.hhs.gov/provider-view/1306012026
1114948429,Winn Dixie Stores Inc,FL,Centralized Flu,O,10592.18,10592.18,573,89,https://npiregistry.cms.hhs.gov/provider-view/1114948429
1902900848,"Highland Park Cvs, L.L.C.",IL,Mass Immunizer Roster Biller,O,10589.24,10589.24,781,124,https://npiregistry.cms.hhs.gov/provider-view/1902900848
1124436100,Wal-Mart Stores East Lp,AL,Mass Immunizer Roster Biller,O,10588.08,10588.08,288,65,https://npiregistry.cms.hhs.gov/provider-view/1124436100
1932206422,Pennsylvania Cvs Pharmacy Llc,PA,Mass Immunizer Roster Biller,O,10571.46,10571.46,541,81,https://npiregistry.cms.hhs.gov/provider-view/1932206422
1740226588,Watson Mark,VA,Physician Assistant,I,10559.64,13752.25,114,45,https://npiregistry.cms.hhs.gov/provider-view/1740226588
1144237017,Robinson Sloan,NJ,Family Practice,I,10558.11,20928.7,395,114,https://npiregistry.cms.hhs.gov/provider-view/1144237017
1083789556,Balashov Konstantin,MA,Neurology,I,10553.67,14368.73,113,66,https://npiregistry.cms.hhs.gov/provider-view/1083789556
1821023748,Bowman Gary,IL,Family Practice,I,10537.09,16686.94,167,106,https://npiregistry.cms.hhs.gov/provider-view/1821023748
1033603113,James Kathleen,IN,Nurse Practitioner,I,10512.06,14248.02,116,42,https://npiregistry.cms.hhs.gov/provider-view/1033603113
1306807326,Quevedo Vela Alfredo,FL,Anesthesiology,I,10510.11,13379.47,132,129,https://npiregistry.cms.hhs.gov/provider-view/1306807326
1992784458,Davis Clayton,AR,Chiropractic,I,10508.83,16116.3,538,80,https://npiregistry.cms.hhs.gov/provider-view/1992784458
1306946686,Boyle Susan,WI,Nurse Practitioner,I,10506.02,13256.41,191,139,https://npiregistry.cms.hhs.gov/provider-view/1306946686
1487758215,Oklahoma Cvs Pharmacy Llc,OK,Mass Immunizer Roster Biller,O,10504.7,10504.7,645,102,https://npiregistry.cms.hhs.gov/provider-view/1487758215
1144501370,R&m Pharmacies Llc,AZ,Clinical Laboratory,O,10492.05,10492.05,186,58,https://npiregistry.cms.hhs.gov/provider-view/1144501370
1689614844,Lopez Ulysses,TX,Internal Medicine,I,10481.31,13392.31,146,49,https://npiregistry.cms.hhs.gov/provider-view/1689614844
1518147925,Johnson Henry,MS,Gastroenterology,I,10475.09,13221.57,182,104,https://npiregistry.cms.hhs.gov/provider-view/1518147925
1245302041,Ashlex Inc,PA,Mass Immunizer Roster Biller,O,10465.54,10465.54,156,56,https://npiregistry.cms.hhs.gov/provider-view/1245302041
1609002575,Rolin Donna,TX,Certified Clinical Nurse Specialist,I,10457.68,15990.17,271,24,https://npiregistry.cms.hhs.gov/provider-view/1609002575
1376552026,Qazi Raman,NY,Hematology-Oncology,I,10455.19,14494.14,139,118,https://npiregistry.cms.hhs.gov/provider-view/1376552026
1891704128,Gongora Enrique,AL,Thoracic Surgery,I,10452.14,13118.34,78,13,https://npiregistry.cms.hhs.gov/provider-view/1891704128
1184661779,Savage Mark,IL,Family Practice,I,10438.94,13648.64,105,96,https://npiregistry.cms.hhs.gov/provider-view/1184661779
1851312169,Winn Dixie Stores Inc,FL,Centralized Flu,O,10438.32,10438.32,349,76,https://npiregistry.cms.hhs.gov/provider-view/1851312169
1700830684,Kooyer Erik,MI,Internal Medicine,I,10423.63,13951.22,119,44,https://npiregistry.cms.hhs.gov/provider-view/1700830684
1407959125,"Alabama Cvs Pharmacy, L.L.C.",AL,Mass Immunizer Roster Biller,O,10422.7,10422.7,221,57,https://npiregistry.cms.hhs.gov/provider-view/1407959125
1972026946,Walker Jason,NM,Licensed Clinical Social Worker,I,10418.71,13076.67,160,67,https://npiregistry.cms.hhs.gov/provider-view/1972026946
1003837303,Winn Dixie Stores Inc,FL,Centralized Flu,O,10414.98,10414.98,270,88,https://npiregistry.cms.hhs.gov/provider-view/1003837303
1679643811,Rhodin Thor,NY,Orthopedic Surgery,I,10411.31,14377.95,103,49,https://npiregistry.cms.hhs.gov/provider-view/1679643811
1558396044,Maher Leo,HI,Neurology,I,10407.77,13589.52,98,45,https://npiregistry.cms.hhs.gov/provider-view/1558396044
1184890667,Holiday Cvs Llc,FL,Mass Immunizer Roster Biller,O,10407.65,10407.65,530,98,https://npiregistry.cms.hhs.gov/provider-view/1184890667
1972524643,Wingo Charles,FL,Nephrology,I,10404.52,13046.09,127,48,https://npiregistry.cms.hhs.gov/provider-view/1972524643
1205815461,Malson Candace,MO,Nurse Practitioner,I,10400.75,14222.74,376,62,https://npiregistry.cms.hhs.gov/provider-view/1205815461
1114914751,Hunt Howard,IA,Chiropractic,I,10399.54,14668.85,408,49,https://npiregistry.cms.hhs.gov/provider-view/1114914751
1699804658,Self Carol,LA,"Psychologist, Clinical",I,10399.36,13614.04,97,13,https://npiregistry.cms.hhs.gov/provider-view/1699804658
1083671762,Peck Eugene,IL,Chiropractic,I,10396.48,17252.8,451,47,https://npiregistry.cms.hhs.gov/provider-view/1083671762
1790871846,Raphael Sami,NY,Family Practice,I,10381.58,13862.79,132,82,https://npiregistry.cms.hhs.gov/provider-view/1790871846
1447271747,Winn Dixie Stores Inc,FL,Centralized Flu,O,10365.92,10365.92,618,91,https://npiregistry.cms.hhs.gov/provider-view/1447271747
1730130691,Rosenthal Stuart,MA,Psychiatry,I,10359.33,15895.46,187,77,https://npiregistry.cms.hhs.gov/provider-view/1730130691
1376586875,Simon Debra,LA,Certified Registered Nurse Anesthetist (CRNA),I,10358.93,12780.42,152,123,https://npiregistry.cms.hhs.gov/provider-view/1376586875
1881798767,"Alabama Cvs Pharmacy, L.L.C.",AL,Mass Immunizer Roster Biller,O,10358.27,10358.27,567,104,https://npiregistry.cms.hhs.gov/provider-view/1881798767
1407250178,Spurling Sherry,WA,"Psychologist, Clinical",I,10346.01,12925.37,121,22,https://npiregistry.cms.hhs.gov/provider-view/1407250178
1710014998,Ramis Juan,PR,Physical Medicine and Rehabilitation,I,10343.59,12982.12,168,25,https://npiregistry.cms.hhs.gov/provider-view/1710014998
1770021388,Crimson Valley Pharmacy Llc,UT,Mass Immunizer Roster Biller,O,10341.37,10341.37,162,48,https://npiregistry.cms.hhs.gov/provider-view/1770021388
1477099323,Plese Alan,NC,Chiropractic,I,10329.96,14683.75,443,59,https://npiregistry.cms.hhs.gov/provider-view/1477099323
1982701868,Hometown Pharmacy Inc,MI,Mass Immunizer Roster Biller,O,10329.86,10329.86,145,48,https://npiregistry.cms.hhs.gov/provider-view/1982701868
1437131257,Moore Deborah,SC,Nurse Practitioner,I,10314.93,17512.25,333,77,https://npiregistry.cms.hhs.gov/provider-view/1437131257
1235458696,Joiner Amy,AR,Pathology,I,10288.77,15138.93,447,144,https://npiregistry.cms.hhs.gov/provider-view/1235458696
1053690800,Klem Loretta,NV,Licensed Clinical Social Worker,I,10283.22,13283.2,121,15,https://npiregistry.cms.hhs.gov/provider-view/1053690800
1306898564,Rouch Dale,IN,General Surgery,I,10281.41,13137.29,35,23,https://npiregistry.cms.hhs.gov/provider-view/1306898564
1629062575,Mccurdy Lynn,MI,Diagnostic Radiology,I,10270.54,12476.29,168,110,https://npiregistry.cms.hhs.gov/provider-view/1629062575
1508844929,Dygert Stephen,NY,Family Practice,I,10257.08,14566.61,162,28,https://npiregistry.cms.hhs.gov/provider-view/1508844929
1518030113,Moore Milton,TX,Dermatology,I,10253.28,14498.3,148,71,https://npiregistry.cms.hhs.gov/provider-view/1518030113
1669070298,Farris Kimberly,MO,Nurse Practitioner,I,10249.02,16358.83,264,148,https://npiregistry.cms.hhs.gov/provider-view/1669070298
1174558886,Persaud Dennis,NC,Family Practice,I,10239.64,14401.87,226,85,https://npiregistry.cms.hhs.gov/provider-view/1174558886
1700096096,Storlazzi Carl,FL,Physical Therapist in Private Practice,I,10236.3,12972.7,541,35,https://npiregistry.cms.hhs.gov/provider-view/1700096096
1821309766,Jansen Matthew,NE,General Surgery,I,10235.89,12794.22,92,40,https://npiregistry.cms.hhs.gov/provider-view/1821309766
1871566448,Miller Stephen,NV,Internal Medicine,I,10235.46,14152.98,177,119,https://npiregistry.cms.hhs.gov/provider-view/1871566448
1306805288,Johnson Mahlon,NY,Pathology,I,10230.87,12865.93,362,54,https://npiregistry.cms.hhs.gov/provider-view/1306805288
1689245458,Craig Dannette,IL,Nurse Practitioner,I,10226.22,14490.77,120,21,https://npiregistry.cms.hhs.gov/provider-view/1689245458
1487605150,Milazzo Richard,NY,Internal Medicine,I,10218.55,14167.1,143,60,https://npiregistry.cms.hhs.gov/provider-view/1487605150
1215958517,Winn Dixie Stores Inc,FL,Centralized Flu,O,10215.01,10215.01,793,93,https://npiregistry.cms.hhs.gov/provider-view/1215958517
1669925202,Sutton Wanda,TX,Licensed Clinical Social Worker,I,10211.11,13802.03,129,16,https://npiregistry.cms.hhs.gov/provider-view/1669925202
1306949151,North Carolina Cvs Pharmacy Llc,NC,Mass Immunizer Roster Biller,O,10210.66,10210.66,312,59,https://npiregistry.cms.hhs.gov/provider-view/1306949151
1093751570,Somers Samuel,NH,Gastroenterology,I,10208.09,13790.81,129,73,https://npiregistry.cms.hhs.gov/provider-view/1093751570
1104881242,Singh Jaspal,IL,Cardiology,I,10205.15,13240.65,271,207,https://npiregistry.cms.hhs.gov/provider-view/1104881242
1992781405,Lanzilote Frank,MI,Family Practice,I,10186.49,13388.66,201,47,https://npiregistry.cms.hhs.gov/provider-view/1992781405
1639190945,Winn Dixie Stores Inc,FL,Centralized Flu,O,10184.87,10184.87,454,98,https://npiregistry.cms.hhs.gov/provider-view/1639190945
1407254709,Pratt Kathleen,TX,Licensed Clinical Social Worker,I,10176.64,12452.46,168,11,https://npiregistry.cms.hhs.gov/provider-view/1407254709
1104960384,Noonan Thomas,CT,Optometry,I,10174.48,15541.82,164,75,https://npiregistry.cms.hhs.gov/provider-view/1104960384
1417520560,Young Brandon,CA,Physician Assistant,I,10162.88,12957.37,207,40,https://npiregistry.cms.hhs.gov/provider-view/1417520560
1609085729,Sabbagh Rana,MI,Gastroenterology,I,10139.12,16636.95,124,98,https://npiregistry.cms.hhs.gov/provider-view/1609085729
1487171153,"Mercy Pharmacy Services, Llc",MO,Mass Immunizer Roster Biller,O,10131.16,10131.16,151,66,https://npiregistry.cms.hhs.gov/provider-view/1487171153
1003814385,Jueng Wei,OH,Anesthesiology,I,10128.89,12756.18,92,86,https://npiregistry.cms.hhs.gov/provider-view/1003814385
1679595599,Winn Dixie Stores Inc,FL,Centralized Flu,O,10119.66,10119.66,569,84,https://npiregistry.cms.hhs.gov/provider-view/1679595599
1770594921,Conley Joseph,VA,"Psychologist, Clinical",I,10113.6,13169.54,130,19,https://npiregistry.cms.hhs.gov/provider-view/1770594921
1215964903,Slater Kurt,WA,Neurology,I,10107.71,13647.05,99,91,https://npiregistry.cms.hhs.gov/provider-view/1215964903
1417993213,Dornbluth Nella,TX,Diagnostic Radiology,I,10101.27,10869.49,301,146,https://npiregistry.cms.hhs.gov/provider-view/1417993213
1710101373,Nolan Rebecca,LA,"Psychologist, Clinical",I,10097.2,13803.06,148,25,https://npiregistry.cms.hhs.gov/provider-view/1710101373
1245652668,"Samson Merger Sub, Llc",FL,Mass Immunizer Roster Biller,O,10096.11,10096.11,782,69,https://npiregistry.cms.hhs.gov/provider-view/1245652668
1841265279,Cesar Carlos,TX,Otolaryngology,I,10058.43,12624.25,110,52,https://npiregistry.cms.hhs.gov/provider-view/1841265279
1497776793,Winn Dixie Stores Inc,FL,Centralized Flu,O,10058.17,10058.17,370,72,https://npiregistry.cms.hhs.gov/provider-view/1497776793
1093923005,Mcelroy Kenneth,WA,Physician Assistant,I,10040.02,23982.36,326,134,https://npiregistry.cms.hhs.gov/provider-view/1093923005
1336242684,Foutch Richard,CO,Emergency Medicine,I,10036.27,13799.57,99,91,https://npiregistry.cms.hhs.gov/provider-view/1336242684
1689607640,Gore Jacqueline,WV,Certified Registered Nurse Anesthetist (CRNA),I,10030.6,12515.21,102,102,https://npiregistry.cms.hhs.gov/provider-view/1689607640
1013022185,Migliaccio Dale,CA,Chiropractic,I,10029.61,13868.12,342,44,https://npiregistry.cms.hhs.gov/provider-view/1013022185
1922163351,Hometown Pharmacy Inc,MI,Mass Immunizer Roster Biller,O,10021.84,10021.84,141,49,https://npiregistry.cms.hhs.gov/provider-view/1922163351
1245202480,Nardella Louis,FL,Internal Medicine,I,10007.51,14480.43,185,54,https://npiregistry.cms.hhs.gov/provider-view/1245202480
1093782856,Osta Ismael,GA,Physician Assistant,I,10001.07,12755.91,557,100,https://npiregistry.cms.hhs.gov/provider-view/1093782856
